theta_b,theta_b_dot,theta_w_dot,torque,torque_raw,delta_t
-0.014958,0.091613,-0.018794,-0.189577,-0.189577,0.000000
-0.014621,0.091613,-0.003845,-0.208944,-0.208944,0.003835
-0.014031,0.089482,0.003700,-0.218436,-0.218436,0.004321
-0.013511,0.088417,-0.002101,-0.236132,-0.236132,0.003833
-0.012910,0.086286,-0.093437,-0.246217,-0.246217,0.003830
-0.012327,0.086286,-0.310704,-0.279703,-0.279703,0.003919
-0.011792,0.079895,-0.745111,-0.237162,-0.237162,0.003901
-0.010793,0.070307,-1.216442,-0.184602,-0.184602,0.003900
-0.009847,0.060720,-1.619707,-0.129015,-0.129015,0.004302
-0.008788,0.050067,-2.020883,-0.067705,-0.067705,0.003922
-0.007773,0.050067,-2.414649,-0.125853,-0.125853,0.003899
-0.006838,0.039415,-2.896704,-0.057430,-0.057430,0.003901
-0.006038,0.029827,-3.410908,0.006583,0.006583,0.003899
-0.005315,0.018109,-3.843316,0.099361,0.099361,0.003897
-0.004620,0.018109,-3.857979,0.059618,0.059618,0.003898
-0.004143,0.007457,-3.435175,0.154188,0.154188,0.003897
-0.003689,0.006392,-2.812836,0.140145,0.140145,0.003899
-0.004895,0.019175,-2.132160,0.062811,0.062811,0.003899
-0.006013,0.029827,-1.534928,0.004788,0.004788,0.003896
-0.007086,0.029827,-1.106938,0.066180,0.066180,0.003899
-0.008238,0.040480,-0.797425,0.010222,0.010222,0.003896
-0.009307,0.050067,-0.550394,-0.038209,-0.038209,0.003900
-0.009463,0.059655,-0.507726,-0.139135,-0.139135,0.003895
-0.009612,0.059655,-0.842746,-0.130588,-0.130588,0.003899
-0.009755,0.059655,-1.366130,-0.122230,-0.122230,0.003898
-0.008707,0.046872,-1.921776,-0.035907,-0.035907,0.003898
-0.007748,0.034088,-2.457166,0.055586,0.055586,0.003897
-0.006827,0.034088,-2.670485,0.002928,0.002928,0.003897
-0.005890,0.024501,-2.508820,0.058948,0.058948,0.003898
-0.005003,0.021305,-2.103907,0.044480,0.044480,0.003899
-0.005520,0.024501,-1.531188,0.037454,0.037454,0.003896
-0.005984,0.030893,-0.926027,-0.009303,-0.009303,0.004198
-0.006438,0.030893,-0.488902,0.016541,0.016541,0.003900
-0.007418,0.040480,-0.263519,-0.037086,-0.037086,0.003898
-0.008336,0.046872,-0.181754,-0.057662,-0.057662,0.003896
-0.008074,0.049002,-0.344931,-0.097140,-0.097140,0.003897
-0.007822,0.049002,-0.733087,-0.111524,-0.111524,0.003897
-0.007604,0.042611,-1.121493,-0.050694,-0.050694,0.003898
-0.006472,0.031958,-1.672139,0.006366,0.006366,0.003899
-0.005433,0.019175,-2.108739,0.093237,0.093237,0.003895
-0.004513,0.007457,-2.215690,0.174721,0.174721,0.003898
-0.003630,0.007457,-1.957698,0.124034,0.124034,0.003897
-0.002798,0.003196,-1.505477,0.124924,0.124924,0.003898
-0.003388,0.008522,-0.953189,0.097659,0.097659,0.003896
-0.003934,0.013848,-0.386965,0.067849,0.067849,0.003900
-0.004459,0.013848,0.211683,0.097759,0.097759,0.003895
-0.005412,0.022371,0.789651,0.054669,0.054669,0.003898
-0.006298,0.029827,1.331554,0.019989,0.019989,0.003900
-0.006752,0.039415,1.716446,-0.063936,-0.063936,0.003897
-0.007187,0.039415,1.781776,-0.039087,-0.039087,0.003900
-0.007597,0.041545,1.438537,-0.039947,-0.039947,0.003896
-0.006775,0.035154,0.906852,-0.013889,-0.013889,0.003899
-0.006041,0.020240,0.414925,0.114906,0.114906,0.003898
-0.004563,0.005326,0.167663,0.200962,0.200962,0.003897
-0.003143,0.005326,0.284114,0.119488,0.119488,0.004199
-0.001817,-0.004261,0.616314,0.153037,0.153037,0.003897
-0.002060,-0.003196,1.008040,0.154663,0.154663,0.003897
-0.002301,-0.005326,1.369478,0.192751,0.192751,0.003900
-0.002533,-0.005326,1.892683,0.205907,0.205907,0.003899
-0.003229,-0.002131,2.457624,0.209082,0.209082,0.003895
-0.003873,0.004261,3.046202,0.172681,0.172681,0.003899
-0.004455,0.013848,3.617452,0.096126,0.096126,0.003898
-0.004994,0.019175,4.083096,0.065878,0.065878,0.003897
-0.005512,0.019175,4.467734,0.095410,0.095410,0.003899
-0.005754,0.018109,4.941763,0.121351,0.121351,0.003897
-0.005978,0.020240,5.461892,0.109655,0.109655,0.003899
-0.006134,0.027697,5.989372,0.033023,0.033023,0.003897
-0.006283,0.027697,6.399125,0.041394,0.041394,0.003900
-0.006419,0.029827,6.774837,0.024618,0.024618,0.003900
-0.006236,0.026632,7.141119,0.050529,0.050529,0.003897
-0.006060,0.026632,7.472683,0.040273,0.040273,0.003898
-0.005891,0.026632,7.887492,0.030436,0.030436,0.003899
-0.005618,0.027697,8.308245,0.002376,0.002376,0.003898
-0.005359,0.026632,8.621268,-0.000439,-0.000439,0.003898
-0.005061,0.021305,8.785478,0.043283,0.043283,0.003899
-0.004795,0.015979,8.910119,0.088895,0.088895,0.003900
-0.004539,0.015979,9.330079,0.074160,0.074160,0.003897
-0.004083,0.009587,9.873042,0.120938,0.120938,0.004199
-0.003635,0.012783,10.402248,0.058428,0.058428,0.003896
-0.003767,0.012783,10.947773,0.065761,0.065761,0.003895
-0.003893,0.012783,11.472010,0.072780,0.072780,0.003902
-0.004022,0.010653,11.981699,0.104370,0.104370,0.003899
-0.004111,0.012783,12.614140,0.084918,0.084918,0.003898
-0.004185,0.015979,13.069495,0.052323,0.052323,0.003903
-0.004256,0.015979,13.572653,0.056218,0.056218,0.003900
-0.004244,0.017044,14.121947,0.043105,0.043105,0.003896
-0.004232,0.017044,14.562047,0.042198,0.042198,0.003895
-0.004241,0.019175,14.972890,0.018129,0.018129,0.003896
-0.004245,0.020240,15.284349,0.006012,0.006012,0.003899
-0.004249,0.020240,15.368595,0.006126,0.006126,0.003897
-0.004157,0.020240,15.321905,0.000788,0.000788,0.003900
-0.004096,0.012783,15.284710,0.082688,0.082688,0.003901
-0.003391,0.006392,15.228984,0.115377,0.115377,0.003901
-0.002715,0.006392,15.398965,0.076522,0.076522,0.003898
-0.002081,0.002131,15.739973,0.088828,0.088828,0.003895
-0.002054,0.002131,16.100288,0.087169,0.087169,0.003898
-0.002025,0.003196,16.483728,0.073137,0.073137,0.003903
-0.001997,0.003196,16.985586,0.071360,0.071360,0.003898
-0.002415,0.004261,17.412693,0.082958,0.082958,0.003895
-0.002800,0.008522,18.015133,0.056125,0.056125,0.003899
-0.002955,0.009587,18.568108,0.052613,0.052613,0.004230
-0.003104,0.010653,19.228802,0.048710,0.048710,0.003899
-0.003246,0.010653,19.929949,0.056618,0.056618,0.003898
-0.003226,0.011718,20.592249,0.042971,0.042971,0.003900
-0.003202,0.012783,21.247211,0.029158,0.029158,0.003898
-0.003224,0.013848,21.830545,0.017961,0.017961,0.003895
-0.003245,0.013848,22.190716,0.018934,0.018934,0.003900
-0.003270,0.012783,22.461807,0.032375,0.032375,0.003899
-0.002902,0.007457,22.585531,0.072103,0.072103,0.003896
-0.002568,0.002131,22.747089,0.113879,0.113879,0.003901
-0.002222,0.000000,22.956381,0.118334,0.118334,0.003892
-0.001890,0.000000,23.112089,0.099173,0.099173,0.003899
-0.001583,-0.003196,23.258659,0.118070,0.118070,0.003896
-0.001721,-0.005326,23.489868,0.150281,0.150281,0.003900
-0.001852,-0.005326,23.753702,0.157750,0.157750,0.003897
-0.001979,-0.005326,24.158634,0.164904,0.164904,0.003898
-0.002006,-0.002131,24.647745,0.129744,0.129744,0.003900
-0.002053,-0.007457,25.298012,0.193193,0.193193,0.003898
-0.001989,-0.009587,26.113405,0.213671,0.213671,0.003899
-0.001929,-0.009587,27.039165,0.209835,0.209835,0.003899
-0.001870,-0.009587,28.057425,0.206094,0.206094,0.003896
-0.001831,-0.010653,29.020155,0.215651,0.215651,0.003897
-0.001794,-0.010653,29.950558,0.213124,0.213124,0.003896
-0.001821,-0.008522,30.522346,0.189892,0.189892,0.004203
-0.001844,-0.008522,30.929111,0.190992,0.190992,0.003896
-0.001879,-0.011718,30.997828,0.229379,0.229379,0.003895
-0.001950,-0.012783,30.978617,0.245670,0.245670,0.003899
-0.002023,-0.013848,30.916304,0.262063,0.262063,0.003900
-0.002093,-0.013848,30.874342,0.266105,0.266105,0.003895
-0.002162,-0.013848,31.027470,0.270071,0.270071,0.003896
-0.002228,-0.013848,31.483110,0.273803,0.273803,0.003901
-0.002255,-0.013848,32.189480,0.275152,0.275152,0.003899
-0.002292,-0.017044,33.142433,0.313607,0.313607,0.003896
-0.002328,-0.017044,34.161633,0.315291,0.315291,0.003899
-0.002470,-0.018109,35.204483,0.335223,0.335223,0.003897
-0.002607,-0.018109,35.987518,0.342627,0.342627,0.003901
-0.002668,-0.018109,36.404495,0.345855,0.345855,0.003897
-0.002728,-0.018109,36.450905,0.349089,0.349089,0.003895
-0.002793,-0.020240,36.280010,0.377194,0.377194,0.003902
-0.002848,-0.020240,36.039028,0.380422,0.380422,0.003897
-0.002904,-0.021305,35.964077,0.395979,0.395979,0.003898
-0.002959,-0.021305,36.153057,0.399148,0.399148,0.003903
-0.003134,-0.024501,36.900982,0.445723,0.445723,0.003898
-0.003299,-0.023436,37.989185,0.442657,0.442657,0.003899
-0.003594,-0.023436,39.334736,0.459166,0.459166,0.003896
-0.003881,-0.024501,40.712940,0.487320,0.487320,0.003900
-0.004164,-0.024501,41.536930,0.503013,0.503013,0.004202
-0.004259,-0.025566,41.874851,0.520309,0.520309,0.003898
-0.004346,-0.024501,41.719364,0.512966,0.512966,0.003897
-0.004630,-0.022371,41.332661,0.504986,0.504986,0.003897
-0.004904,-0.022371,41.055260,0.520842,0.520842,0.003901
-0.005158,-0.020240,41.230152,0.511177,0.511177,0.003901
-0.005438,-0.017044,41.937866,0.490608,0.490608,0.003899
-0.005715,-0.019175,43.179188,0.530607,0.530607,0.003896
-0.005981,-0.019175,44.500759,0.545361,0.545361,0.003896
-0.006029,-0.015979,45.522457,0.511016,0.511016,0.003899
-0.006064,-0.012783,45.916840,0.475996,0.475996,0.003900
-0.006092,-0.011718,45.724983,0.465285,0.465285,0.003895
-0.006112,-0.009587,45.110458,0.442097,0.442097,0.003897
-0.006131,-0.009587,44.785069,0.443429,0.443429,0.003899
-0.006304,-0.008522,45.094135,0.441324,0.441324,0.003899
-0.006462,-0.006392,46.243958,0.425908,0.425908,0.003900
-0.006731,-0.004261,48.013813,0.416461,0.416461,0.003899
-0.006988,-0.004261,49.866409,0.430533,0.430533,0.003897
-0.007240,-0.005326,51.106579,0.456405,0.456405,0.003900
-0.007550,-0.002131,51.283764,0.437121,0.437121,0.003898
-0.007831,0.002131,50.626957,0.404448,0.404448,0.003898
-0.008102,0.002131,49.755459,0.420251,0.420251,0.003901
-0.008221,0.006392,49.500244,0.378675,0.378675,0.003896
-0.008334,0.006392,50.260479,0.385246,0.385246,0.004203
-0.008460,0.009587,51.854969,0.355583,0.355583,0.003901
-0.008568,0.012783,53.396099,0.324586,0.324586,0.003921
-0.008673,0.012783,54.356884,0.329959,0.329959,0.003906
-0.008748,0.015979,54.164093,0.297295,0.297295,0.003898
-0.008804,0.020240,53.257729,0.251819,0.251819,0.003899
-0.008809,0.017044,52.473522,0.289069,0.289069,0.003899
-0.008814,0.017044,52.695992,0.289672,0.289672,0.003898
-0.008811,0.019175,54.127098,0.265002,0.265002,0.003898
-0.008546,0.019175,56.154076,0.249205,0.249205,0.003893
-0.008292,0.019175,57.795284,0.233762,0.233762,0.003902
-0.007810,0.019175,58.176468,0.205414,0.205414,0.003896
-0.007347,0.019175,57.489471,0.178684,0.178684,0.003899
-0.006923,0.013848,56.483128,0.215578,0.215578,0.003901
-0.006483,0.014914,56.412418,0.178520,0.178520,0.003899
-0.006085,0.008522,57.575848,0.228834,0.228834,0.003895
-0.005702,0.008522,59.436199,0.206384,0.206384,0.003898
-0.005392,0.004261,60.765137,0.236611,0.236611,0.003899
-0.005103,0.002131,60.782822,0.243835,0.243835,0.003899
-0.004852,-0.001065,59.625050,0.265980,0.265980,0.003899
-0.004611,-0.001065,58.855087,0.252598,0.252598,0.003899
-0.004395,-0.005326,59.463219,0.289310,0.289310,0.003898
-0.004333,-0.004261,61.853966,0.273318,0.273318,0.003898
-0.004288,-0.007457,64.433121,0.306331,0.306331,0.004201
-0.004381,-0.007457,65.627228,0.310624,0.310624,0.003897
-0.004471,-0.007457,64.841026,0.315271,0.315271,0.003897
-0.004556,-0.007457,63.271339,0.320525,0.320525,0.003899
-0.004817,-0.007457,62.774178,0.336159,0.336159,0.003904
-0.005060,-0.005326,64.085732,0.325902,0.325902,0.003897
-0.005293,-0.005326,66.268471,0.338737,0.338737,0.003896
-0.005419,-0.002131,67.625839,0.308538,0.308538,0.003900
-0.005541,-0.002131,67.116707,0.314973,0.314973,0.003896
-0.005606,-0.002131,65.544342,0.318916,0.318916,0.003900
-0.005665,-0.001065,64.877045,0.310720,0.310720,0.003899
-0.005721,-0.001065,66.300514,0.314215,0.314215,0.003900
-0.005474,0.000000,68.939011,0.287273,0.287273,0.003901
-0.005241,-0.001065,70.679726,0.285020,0.285020,0.003896
-0.005109,-0.005326,70.279686,0.325511,0.325511,0.003898
-0.004983,-0.005326,68.715691,0.318400,0.318400,0.003899
-0.004861,-0.005326,68.176506,0.312059,0.312059,0.003902
-0.004645,-0.009587,69.701996,0.348625,0.348625,0.003896
-0.004441,-0.010653,71.974403,0.348485,0.348485,0.003897
-0.004245,-0.010653,72.809868,0.336313,0.336313,0.003899
-0.004158,-0.013848,71.496834,0.367568,0.367568,0.003899
-0.004083,-0.015979,70.104744,0.388166,0.388166,0.003899
-0.004011,-0.018109,71.113373,0.409017,0.409017,0.003898
-0.003953,-0.019175,74.252220,0.417435,0.417435,0.004231
-0.003891,-0.019175,76.794762,0.412571,0.412571,0.003902
-0.003977,-0.020240,76.600090,0.428697,0.428697,0.003897
-0.004060,-0.020240,74.546707,0.433554,0.433554,0.003900
-0.004248,-0.020240,73.622902,0.445170,0.445170,0.003897
-0.004428,-0.020240,75.497040,0.455896,0.455896,0.003901
-0.004609,-0.022371,77.990768,0.489911,0.489911,0.003901
-0.004876,-0.022371,78.367920,0.504212,0.504212,0.003895
-0.005120,-0.019175,76.557518,0.481504,0.481504,0.003903
-0.005354,-0.019175,75.217438,0.495712,0.495712,0.003896
-0.005390,-0.020240,76.765213,0.510506,0.510506,0.003900
-0.005424,-0.020240,79.859222,0.511837,0.511837,0.003899
-0.005391,-0.022371,81.280785,0.533030,0.533030,0.003897
-0.005363,-0.023436,79.849411,0.543025,0.543025,0.003903
-0.005335,-0.023436,78.309555,0.542052,0.542052,0.003897
-0.005239,-0.026632,79.331459,0.573758,0.573758,0.003900
-0.005167,-0.031958,81.916351,0.630167,0.630167,0.003898
-0.005065,-0.036219,82.797569,0.672027,0.672027,0.003899
-0.004967,-0.036219,80.985565,0.666035,0.666035,0.003898
-0.004865,-0.034088,79.776543,0.636523,0.636523,0.003898
-0.005048,-0.034088,81.933342,0.647502,0.647502,0.003901
-0.005223,-0.034088,85.774551,0.656678,0.656678,0.003898
-0.005391,-0.034088,86.834229,0.664764,0.664764,0.003899
-0.005760,-0.034088,84.508804,0.685527,0.685527,0.004172
-0.006085,-0.028762,83.233528,0.644189,0.644189,0.003895
-0.006514,-0.024501,85.337273,0.620580,0.620580,0.003897
-0.006914,-0.021305,87.933929,0.606109,0.606109,0.003897
-0.007298,-0.021305,87.319656,0.627112,0.627112,0.003905
-0.007706,-0.017044,84.889809,0.602016,0.602016,0.003898
-0.008094,-0.015979,85.026527,0.613087,0.613087,0.003899
-0.008222,-0.014914,88.333199,0.608174,0.608174,0.003895
-0.008345,-0.014914,90.535484,0.613870,0.613870,0.003904
-0.008466,-0.015979,89.060501,0.632153,0.632153,0.003894
-0.008365,-0.014914,87.270836,0.614714,0.614714,0.003898
-0.008275,-0.017044,88.766846,0.634682,0.634682,0.003897
-0.008220,-0.020240,91.506241,0.667529,0.667529,0.003902
-0.008168,-0.020240,91.163826,0.663400,0.663400,0.003897
-0.008130,-0.023436,88.784126,0.697927,0.697927,0.003898
-0.008381,-0.021305,89.476486,0.688954,0.688954,0.003899
-0.008615,-0.019175,93.713211,0.677685,0.677685,0.003898
-0.008839,-0.019175,95.893860,0.688819,0.688819,0.003899
-0.009473,-0.013848,93.586487,0.663378,0.663378,0.003897
-0.010054,-0.006392,91.858757,0.612328,0.612328,0.003901
-0.010914,0.003196,94.203293,0.552688,0.552688,0.003899
-0.011740,0.003196,96.732208,0.599162,0.599162,0.003901
-0.012489,0.014914,94.909729,0.506997,0.506997,0.003895
-0.013226,0.025566,92.783203,0.428123,0.428123,0.004233
-0.013913,0.033023,95.088478,0.383134,0.383134,0.003899
-0.014127,0.040480,98.630539,0.309076,0.309076,0.003901
-0.014332,0.040480,98.021950,0.319396,0.319396,0.003897
-0.014496,0.049002,95.624535,0.231543,0.231543,0.003900
-0.014292,0.054328,96.829147,0.159839,0.159839,0.003900
-0.014089,0.056459,99.776001,0.123274,0.123274,0.003894
-0.013894,0.056459,99.001785,0.110840,0.110840,0.003898
-0.013412,0.055394,96.594200,0.095666,0.095666,0.003901
-0.012933,0.059655,98.554985,0.020392,0.020392,0.003897
-0.012804,0.062851,103.139198,-0.024446,-0.024446,0.003899
-0.012659,0.068177,102.853943,-0.095589,-0.095589,0.003897
-0.012521,0.068177,99.047363,-0.103425,-0.103425,0.003896
-0.011940,0.067112,98.815346,-0.123017,-0.123017,0.003900
-0.011407,0.060720,101.063606,-0.080380,-0.080380,0.003897
-0.009836,0.047937,99.661194,-0.025235,-0.025235,0.003901
-0.008327,0.047937,95.785294,-0.111317,-0.111317,0.003897
-0.006927,0.035154,95.562805,-0.043827,-0.043827,0.003897
-0.005589,0.023436,98.430496,0.013567,0.013567,0.003897
-0.004360,0.008522,98.504547,0.112560,0.112560,0.003897
-0.003181,0.008522,95.533821,0.044784,0.044784,0.003899
-0.002429,-0.004261,95.084274,0.149150,0.149150,0.003899
-0.001711,-0.005326,98.280548,0.120288,0.120288,0.003895
-0.002365,0.000000,98.831367,0.095554,0.095554,0.004202
-0.002980,0.003196,96.161438,0.094107,0.094107,0.003894
-0.003571,0.003196,96.560577,0.129150,0.129150,0.003903
-0.004232,0.007457,101.187424,0.118175,0.118175,0.003897
-0.004827,0.018109,103.077995,0.028484,0.028484,0.003899
-0.005723,0.028762,100.056404,-0.042794,-0.042794,0.003896
-0.006582,0.028762,98.831383,0.007829,0.007829,0.003901
-0.007376,0.037284,101.491066,-0.043646,-0.043646,0.003896
-0.007232,0.037284,101.902443,-0.053015,-0.053015,0.003901
-0.007110,0.033023,98.183838,-0.011425,-0.011425,0.003897
-0.006992,0.033023,96.653748,-0.016643,-0.016643,0.003897
-0.005562,0.025566,99.520782,-0.012785,-0.012785,0.003899
-0.004238,0.012783,100.886887,0.056285,0.056285,0.003895
-0.003111,0.001065,98.129555,0.125182,0.125182,0.003900
-0.002066,-0.008522,96.801651,0.176038,0.176038,0.003921
-0.001063,-0.008522,99.586784,0.118942,0.118942,0.003904
-0.001028,-0.011718,101.072403,0.152400,0.152400,0.003898
-0.000975,-0.006392,98.516075,0.087761,0.087761,0.003896
-0.001301,-0.008522,98.021965,0.131892,0.131892,0.003899
-0.001613,-0.008522,102.434074,0.150039,0.150039,0.003900
-0.001909,-0.007457,105.133209,0.153031,0.153031,0.003897
-0.002420,-0.002131,102.419533,0.120303,0.120303,0.003897
-0.002883,0.005326,101.130882,0.062626,0.062626,0.003897
-0.003425,0.011718,104.471115,0.021153,0.021153,0.004196
-0.003950,0.011718,105.340561,0.049899,0.049899,0.003902
-0.004437,0.015979,102.081337,0.028760,0.028760,0.003896
-0.004483,0.019175,101.878006,-0.003825,-0.003825,0.003901
-0.004520,0.021305,105.736694,-0.026027,-0.026027,0.003896
-0.004555,0.021305,106.255478,-0.025588,-0.025588,0.003897
-0.004148,0.017044,102.769531,-0.000418,-0.000418,0.003897
-0.003805,0.004261,102.453499,0.127639,0.127639,0.003900
-0.002559,-0.013848,105.177322,0.263561,0.263561,0.003897
-0.001364,-0.013848,104.342690,0.193775,0.193775,0.003897
-0.000256,-0.024501,101.739540,0.252436,0.252436,0.003896
-0.000512,-0.021305,104.106491,0.231606,0.231606,0.003901
-0.000757,-0.021305,108.856010,0.244732,0.244732,0.003896
-0.001668,-0.019175,107.945763,0.270690,0.270690,0.003896
-0.002542,-0.019175,104.973694,0.321271,0.321271,0.003899
-0.003349,-0.010653,107.082405,0.271293,0.271293,0.003900
-0.004084,-0.001065,109.769905,0.202871,0.202871,0.003896
-0.004761,0.006392,107.338493,0.155313,0.155313,0.003898
-0.005411,0.006392,105.662155,0.193663,0.193663,0.003902
-0.006053,0.013848,109.467064,0.145850,0.145850,0.003897
-0.006653,0.018109,111.608215,0.129986,0.129986,0.003898
-0.006310,0.020240,108.843414,0.084978,0.084978,0.003898
-0.005980,0.020240,108.966743,0.067161,0.067161,0.003899
-0.005653,0.021305,112.256332,0.036144,0.036144,0.004196
-0.005159,0.021305,110.943138,0.006432,0.006432,0.003900
-0.004685,0.021305,108.599922,-0.020260,-0.020260,0.003902
-0.004320,0.019175,112.162148,-0.015882,-0.015882,0.003897
-0.003969,0.019175,115.174965,-0.037478,-0.037478,0.003899
-0.003645,0.015979,111.537422,-0.020767,-0.020767,0.003895
-0.002821,0.006392,109.508301,0.043161,0.043161,0.003900
-0.002066,-0.003196,112.399101,0.110385,0.110385,0.003897
-0.001341,-0.003196,112.327156,0.067569,0.067569,0.003899
-0.001018,-0.009587,108.869492,0.122199,0.122199,0.003900
-0.000700,-0.007457,110.472061,0.080939,0.080939,0.003900
-0.001230,-0.005326,114.561966,0.086330,0.086330,0.003897
-0.001750,-0.008522,113.178856,0.151149,0.151149,0.003899
-0.002250,-0.008522,111.150459,0.180428,0.180428,0.003897
-0.002283,-0.008522,114.186554,0.183170,0.183170,0.003900
-0.002299,-0.004261,115.164017,0.134061,0.134061,0.003896
-0.002318,-0.003196,112.018913,0.122549,0.122549,0.003899
-0.002336,-0.003196,113.945374,0.124879,0.124879,0.003902
-0.002350,-0.002131,119.119469,0.112663,0.112663,0.003895
-0.003009,0.001065,117.559555,0.111819,0.111819,0.003898
-0.003626,0.005326,115.009644,0.099108,0.099108,0.003901
-0.004218,0.005326,118.342590,0.134169,0.134169,0.003898
-0.004872,0.017044,118.887527,0.036248,0.036248,0.003897
-0.005469,0.023436,115.367027,-0.002857,-0.002857,0.004228
-0.005768,0.028762,117.506927,-0.045208,-0.045208,0.003903
-0.006044,0.031958,120.681770,-0.066853,-0.066853,0.003897
-0.006308,0.031958,117.383110,-0.052970,-0.052970,0.003898
-0.005262,0.024501,115.538139,-0.026369,-0.026369,0.003897
-0.004329,0.005326,118.075836,0.140311,0.140311,0.003899
-0.002557,-0.009587,116.420525,0.208258,0.208258,0.003898
-0.000857,-0.009587,113.706589,0.111258,0.111258,0.003897
0.000744,-0.018109,117.872475,0.117998,0.117998,0.003901
0.000360,-0.013848,121.303749,0.089519,0.089519,0.003899
0.000013,-0.008522,117.892921,0.047120,0.047120,0.003899
-0.000321,-0.008522,117.721344,0.067702,0.067702,0.003899
-0.001761,-0.001065,121.393166,0.065107,0.065107,0.003898
-0.003091,0.012783,119.439529,-0.018521,-0.018521,0.003899
-0.004046,0.031958,117.054504,-0.182426,-0.182426,0.003899
-0.004926,0.041545,120.690842,-0.240648,-0.240648,0.003899
-0.005771,0.041545,121.289909,-0.193600,-0.193600,0.003897
-0.004980,0.035154,117.110733,-0.166086,-0.166086,0.003900
-0.004277,0.020240,117.616333,-0.034022,-0.034022,0.003897
-0.002462,0.009587,119.178741,-0.016567,-0.016567,0.003901
-0.000719,0.009587,115.401611,-0.117327,-0.117327,0.003900
0.000919,0.000000,114.559242,-0.100072,-0.100072,0.003897
0.001714,-0.012783,119.319771,0.000936,0.000936,0.003898
0.002431,-0.023436,118.191460,0.079724,0.079724,0.004169
0.002277,-0.028762,114.334229,0.150023,0.150023,0.003894
0.002129,-0.028762,116.589691,0.160118,0.160118,0.003900
0.002019,-0.020240,118.668694,0.067969,0.067969,0.003899
0.000724,-0.008522,115.221420,0.007358,0.007358,0.003899
-0.000480,0.002131,115.296501,-0.044059,-0.044059,0.003898
-0.001635,0.002131,119.438744,0.022270,0.022270,0.003895
-0.002488,0.006392,118.075401,0.020782,0.020782,0.003900
-0.003315,0.004261,115.111488,0.093223,0.093223,0.003898
-0.002594,0.004261,117.815811,0.053038,0.053038,0.003901
-0.001902,0.004261,118.757294,0.012186,0.012186,0.003897
-0.001230,0.006392,115.400429,-0.051203,-0.051203,0.003897
-0.001681,0.010653,117.282379,-0.072680,-0.072680,0.003900
-0.002103,0.013848,121.502792,-0.085833,-0.085833,0.003899
-0.002240,0.006392,118.418587,0.005686,0.005686,0.003899
-0.002372,0.006392,115.423225,0.014517,0.014517,0.003896
-0.002514,0.002131,118.345650,0.072706,0.072706,0.003899
-0.002198,0.008522,118.246811,-0.019835,-0.019835,0.003900
-0.001870,0.014914,114.437759,-0.111784,-0.111784,0.003898
-0.001556,0.014914,116.039154,-0.128286,-0.128286,0.003898
-0.002132,0.017044,118.913940,-0.120249,-0.120249,0.003897
-0.002704,0.011718,115.663521,-0.027547,-0.027547,0.003900
-0.001406,-0.002131,113.626488,0.057772,0.057772,0.003896
-0.000196,-0.010653,116.387810,0.086611,0.086611,0.004203
0.000970,-0.010653,115.273216,0.018520,0.018520,0.003895
0.001397,-0.013848,112.590256,0.031065,0.031065,0.003896
0.001814,-0.011718,116.355858,-0.016199,-0.016199,0.003900
0.000874,-0.009587,119.728600,0.011856,0.011856,0.003902
-0.000028,-0.009587,116.122917,0.062299,0.062299,0.003894
-0.000882,-0.006392,115.047852,0.076258,0.076258,0.003897
-0.001578,0.003196,118.673561,0.006905,0.006905,0.003900
-0.002198,0.015979,117.416260,-0.105308,-0.105308,0.003899
-0.002793,0.015979,114.038315,-0.070598,-0.070598,0.003898
-0.003401,0.030893,116.628365,-0.205030,-0.205030,0.003898
-0.003985,0.030893,118.353050,-0.172565,-0.172565,0.003896
-0.002997,0.017044,114.483528,-0.071512,-0.071512,0.003899
-0.002083,0.007457,113.384850,-0.012615,-0.012615,0.003900
-0.001207,0.007457,115.818329,-0.062513,-0.062513,0.003896
0.000212,0.000000,113.550087,-0.059655,-0.059655,0.003899
0.001538,-0.009587,110.508972,-0.025157,-0.025157,0.003897
0.002034,-0.022371,113.762566,0.093972,0.093972,0.003899
0.002510,-0.022371,116.400223,0.065313,0.065313,0.003898
0.002930,-0.031958,112.986229,0.149815,0.149815,0.003897
0.002257,-0.028762,112.195366,0.153325,0.153325,0.003900
0.001670,-0.012783,115.878876,0.004430,0.004430,0.003899
0.001107,-0.012783,114.704254,0.035283,0.035283,0.003898
-0.000267,0.003196,111.611877,-0.068285,-0.068285,0.004235
-0.001566,0.008522,114.474609,-0.053353,-0.053353,0.003897
-0.001860,0.015979,116.614990,-0.122985,-0.122985,0.003898
-0.002143,0.015979,112.940285,-0.107628,-0.107628,0.003896
-0.002414,0.015979,111.458099,-0.090540,-0.090540,0.003900
-0.001106,0.003196,113.842865,-0.018750,-0.018750,0.003896
0.000102,-0.009587,112.055557,0.057212,0.057212,0.003901
0.001000,-0.021305,108.848206,0.140528,0.140528,0.003897
0.001862,-0.021305,112.100029,0.092342,0.092342,0.003900
0.002669,-0.026632,116.198120,0.105604,0.105604,0.003893
0.001591,-0.021305,113.591515,0.104908,0.104908,0.003898
0.000599,-0.009587,112.033051,0.028792,0.028792,0.003898
-0.000353,-0.009587,115.585007,0.084116,0.084116,0.003897
-0.001766,0.002131,115.605331,0.029666,0.029666,0.003900
-0.003062,0.018109,112.075462,-0.078798,-0.078798,0.003897
-0.003934,0.029827,113.804176,-0.161451,-0.161451,0.003899
-0.004758,0.033023,116.952515,-0.151390,-0.151390,0.003901
-0.005550,0.033023,114.004707,-0.107205,-0.107205,0.003894
-0.004457,0.026632,111.444054,-0.095609,-0.095609,0.003900
-0.003451,0.014914,113.663689,-0.018160,-0.018160,0.003898
-0.002132,0.003196,113.068909,0.039312,0.039312,0.003898
-0.000866,0.003196,109.395241,-0.033182,-0.033182,0.003900
0.000314,-0.006392,111.572975,0.010316,0.010316,0.003897
0.000500,-0.012783,115.605263,0.071890,0.071890,0.004231
0.000691,-0.010653,113.237625,0.034876,0.034876,0.003900
0.000027,-0.006392,110.809235,0.025225,0.025225,0.003900
-0.000611,-0.006392,113.897224,0.062854,0.062854,0.003896
-0.001183,0.004261,114.836464,-0.027489,-0.027489,0.003900
-0.002288,0.020240,111.076019,-0.147371,-0.147371,0.003897
-0.003316,0.028762,111.362366,-0.184330,-0.184330,0.003899
-0.004303,0.028762,114.769279,-0.127744,-0.127744,0.003897
-0.003835,0.028762,112.877953,-0.156025,-0.156025,0.003902
-0.003417,0.020240,109.440926,-0.081682,-0.081682,0.003921
-0.002038,0.008522,110.932442,-0.025355,-0.025355,0.003906
-0.000714,0.008522,111.744247,-0.102024,-0.102024,0.003898
0.000513,-0.003196,107.907402,-0.038703,-0.038703,0.003901
0.001544,-0.012783,107.163574,0.013428,0.013428,0.003896
0.002489,-0.024501,111.481956,0.093573,0.093573,0.003899
0.002560,-0.031958,111.921326,0.173083,0.173083,0.003928
0.002630,-0.031958,108.354095,0.168930,0.168930,0.003901
0.002728,-0.023436,109.256287,0.067186,0.067186,0.003903
0.001291,-0.008522,112.597641,-0.021391,-0.021391,0.003898
-0.000044,0.003196,110.633514,-0.080202,-0.080202,0.003899
-0.001326,0.003196,107.661400,-0.005757,-0.005757,0.003896
-0.002261,0.011718,110.267624,-0.048395,-0.048395,0.003898
-0.003167,0.009587,112.128975,0.026943,0.026943,0.003900
-0.002272,0.004261,108.713615,0.035753,0.035753,0.004131
-0.001434,-0.001065,107.813721,0.049981,0.049981,0.003899
-0.000629,-0.001065,111.008751,0.004127,0.004127,0.003898
-0.000342,-0.004261,110.407967,0.022896,0.022896,0.003898
-0.000054,-0.001065,107.398018,-0.029978,-0.029978,0.003900
-0.000638,-0.001065,109.840767,0.004812,0.004812,0.003899
-0.001199,-0.001065,113.817780,0.036024,0.036024,0.003894
-0.001721,0.003196,111.439331,0.015621,0.015621,0.003901
-0.001911,0.007457,108.830566,-0.021248,-0.021248,0.003898
-0.002062,0.015979,111.444832,-0.109079,-0.109079,0.003902
-0.002207,0.015979,112.259804,-0.101826,-0.101826,0.003896
-0.002643,0.025566,108.024223,-0.186883,-0.186883,0.003897
-0.003081,0.020240,107.075073,-0.098991,-0.098991,0.003897
-0.002317,0.012783,110.325996,-0.057115,-0.057115,0.003896
-0.001612,0.005326,109.657288,-0.013603,-0.013603,0.003897
-0.000935,0.005326,105.902931,-0.052232,-0.052232,0.003898
0.000437,-0.003196,106.297279,-0.031914,-0.031914,0.003901
0.001710,-0.014914,108.317238,0.028957,0.028957,0.003894
0.002209,-0.026632,105.845299,0.133588,0.133588,0.003899
0.002689,-0.026632,103.604797,0.107056,0.107056,0.003898
0.003129,-0.031958,107.319130,0.143656,0.143656,0.003899
0.002492,-0.023436,111.037712,0.081178,0.081178,0.003898
0.001932,-0.009587,108.188179,-0.046717,-0.046717,0.003901
0.001391,-0.009587,106.697121,-0.014495,-0.014495,0.004227
-0.000120,-0.001065,109.567032,-0.024668,-0.024668,0.003900
-0.001546,0.005326,109.416092,-0.017083,-0.017083,0.003900
-0.001569,0.011718,105.350060,-0.088858,-0.088858,0.003900
-0.001600,0.009587,105.363541,-0.061059,-0.061059,0.003898
-0.001629,0.009587,108.615417,-0.059391,-0.059391,0.003896
-0.001079,0.009587,107.505074,-0.092316,-0.092316,0.003900
-0.000587,0.000000,103.744904,-0.010368,-0.010368,0.003900
0.000746,-0.015979,104.243881,0.097541,0.097541,0.003901
0.002026,-0.015979,106.497406,0.023831,0.023831,0.003895
0.003210,-0.027697,104.430618,0.089012,0.089012,0.003898
0.003184,-0.028762,102.444824,0.103577,0.103577,0.003900
0.003167,-0.026632,106.094978,0.080998,0.080998,0.003896
0.003150,-0.026632,109.903610,0.080459,0.080459,0.003896
0.001734,-0.018109,107.586548,0.062682,0.062682,0.003903
0.000418,-0.006392,105.644997,0.005051,0.005051,0.003897
-0.000958,0.008522,108.681244,-0.085852,-0.085852,0.003897
-0.002215,0.025566,109.631256,-0.210015,-0.210015,0.003899
-0.003422,0.025566,105.640175,-0.141083,-0.141083,0.003899
-0.003429,0.028762,104.454514,-0.175634,-0.175634,0.003899
-0.003455,0.023436,107.600906,-0.112638,-0.112638,0.003896
-0.002261,0.015979,107.417282,-0.097169,-0.097169,0.003898
-0.001114,0.015979,103.355156,-0.162960,-0.162960,0.003899
-0.000052,0.005326,103.282722,-0.100359,-0.100359,0.004167
0.001274,-0.006392,105.267059,-0.042369,-0.042369,0.003898
0.002492,-0.021305,103.077934,0.057615,0.057615,0.003895
0.003163,-0.030893,100.014618,0.129732,0.129732,0.003898
0.003807,-0.030893,102.449097,0.093992,0.093992,0.003899
0.004401,-0.037284,106.844604,0.132021,0.132021,0.003897
0.003317,-0.029827,105.708015,0.107152,0.107152,0.003898
0.002331,-0.014914,102.856468,-0.006516,-0.006516,0.003897
0.001385,-0.014914,104.811394,0.048994,0.048994,0.003902
-0.000100,-0.004261,107.256378,0.011567,0.011567,0.003896
-0.001486,0.006392,104.766541,-0.031765,-0.031765,0.003899
-0.002131,0.014914,102.422676,-0.091275,-0.091275,0.003897
-0.002750,0.014914,105.006973,-0.054764,-0.054764,0.003899
-0.003316,0.022371,106.828468,-0.108665,-0.108665,0.003898
-0.002622,0.019175,103.640587,-0.112708,-0.112708,0.003898
-0.002007,0.005326,101.309494,0.011828,0.011828,0.003899
-0.000714,-0.007457,103.311714,0.084865,0.084865,0.003899
0.000527,-0.007457,104.094055,0.012750,0.012750,0.003897
0.001698,-0.012783,101.052902,0.006111,0.006111,0.003899
0.001572,-0.011718,100.762833,0.002448,0.002448,0.003898
0.001458,-0.009587,105.067314,-0.015288,-0.015288,0.003897
0.001349,-0.009587,106.503578,-0.010778,-0.010778,0.003896
0.000676,-0.008522,102.481796,0.015077,0.015077,0.003898
0.000040,-0.005326,101.749496,0.016644,0.016644,0.004232
-0.000339,0.000000,104.756798,-0.022231,-0.022231,0.003897
-0.000683,0.005326,104.340843,-0.064656,-0.064656,0.003897
-0.001014,0.005326,100.515511,-0.045493,-0.045493,0.003899
-0.001239,0.008522,100.366104,-0.067599,-0.067599,0.003901
-0.001475,0.003196,103.408173,0.006982,0.006982,0.003896
-0.000605,-0.007457,102.936562,0.077750,0.077750,0.003899
0.000229,-0.007457,99.717491,0.030001,0.030001,0.003897
0.001007,-0.013848,100.077507,0.059844,0.059844,0.003900
0.001142,-0.014914,103.123192,0.064136,0.064136,0.003897
0.001275,-0.013848,102.515671,0.043018,0.043018,0.003897
0.001403,-0.013848,99.915794,0.035900,0.035900,0.003898
0.000566,-0.007457,101.976440,0.011900,0.011900,0.003898
-0.000198,0.003196,106.578384,-0.067006,-0.067006,0.003897
-0.001100,0.011718,105.771400,-0.114631,-0.114631,0.003897
-0.001931,0.021305,101.840240,-0.176368,-0.176368,0.003897
-0.002728,0.021305,102.149757,-0.128975,-0.128975,0.003899
-0.002432,0.019175,104.262184,-0.121664,-0.121664,0.003898
-0.002181,0.010653,101.937134,-0.039408,-0.039408,0.003896
-0.001429,0.006392,98.261871,-0.032864,-0.032864,0.003900
-0.000707,0.006392,99.249855,-0.072819,-0.072819,0.003899
-0.000034,0.001065,102.022064,-0.050906,-0.050906,0.003898
0.000791,-0.009587,100.181183,0.022513,0.022513,0.003896
0.001541,-0.019175,97.016106,0.089907,0.089907,0.004202
0.002268,-0.019175,98.129341,0.049485,0.049485,0.003896
0.002684,-0.026632,100.769226,0.110507,0.110507,0.003893
0.003075,-0.028762,99.448853,0.111355,0.111355,0.003901
0.002252,-0.021305,97.307457,0.073758,0.073758,0.003899
0.001487,-0.014914,100.029404,0.045430,0.045430,0.003896
0.000752,-0.014914,104.472900,0.086521,0.086521,0.003897
-0.000499,-0.002131,103.604439,0.010204,0.010204,0.003899
-0.001640,0.013848,100.587517,-0.106829,-0.106829,0.003897
-0.002603,0.029827,101.765327,-0.233165,-0.233165,0.003901
-0.003529,0.029827,104.010193,-0.180490,-0.180490,0.003893
-0.004397,0.035154,101.523018,-0.192509,-0.192509,0.003898
-0.003836,0.030893,97.936760,-0.174944,-0.174944,0.003899
-0.003321,0.024501,99.084496,-0.129872,-0.129872,0.003897
-0.002827,0.024501,101.678490,-0.158732,-0.158732,0.003899
-0.001688,0.020240,99.914154,-0.176410,-0.176410,0.003896
-0.000639,0.008522,96.448387,-0.101802,-0.101802,0.003898
0.000462,-0.007457,96.759109,0.019319,0.019319,0.003897
0.001466,-0.021305,98.739685,0.120006,0.120006,0.003896
0.002431,-0.021305,97.374352,0.063781,0.063781,0.003901
0.002796,-0.027697,94.900383,0.116560,0.116560,0.003897
0.003146,-0.027697,96.821312,0.097460,0.097460,0.003898
0.002008,-0.017044,101.696037,0.040087,0.040087,0.003899
0.000910,-0.017044,101.455849,0.101149,0.101149,0.004226
-0.000110,-0.009587,98.371056,0.074509,0.074509,0.003901
-0.001500,0.004261,99.236282,-0.002931,-0.002931,0.003902
-0.002775,0.020240,102.398010,-0.113009,-0.113009,0.003899
-0.003436,0.031958,101.286896,-0.210449,-0.210449,0.003897
-0.004071,0.031958,97.542282,-0.173507,-0.173507,0.003897
-0.004665,0.036219,97.752182,-0.186644,-0.186644,0.003897
-0.003796,0.027697,100.638786,-0.139123,-0.139123,0.003900
-0.002997,0.018109,99.883911,-0.076441,-0.076441,0.003897
-0.002230,0.018109,96.253784,-0.120189,-0.120189,0.003897
-0.001052,0.010653,95.573029,-0.100955,-0.100955,0.003893
0.000038,0.000000,97.607536,-0.041351,-0.041351,0.003899
0.001236,-0.014914,96.771896,0.059732,0.059732,0.003897
0.002386,-0.014914,93.416550,-0.005990,-0.005990,0.003899
0.003454,-0.024501,93.369156,0.043786,0.043786,0.003900
0.003547,-0.028762,97.446198,0.087254,0.087254,0.003896
0.003656,-0.023436,99.396980,0.018345,0.018345,0.003898
0.002569,-0.015979,96.705452,-0.005412,-0.005412,0.003897
0.001526,-0.015979,94.960724,0.055608,0.055608,0.003900
0.000565,-0.005326,97.374313,-0.010400,-0.010400,0.003902
-0.000214,0.002131,99.076538,-0.051996,-0.051996,0.003895
-0.000934,0.009587,96.274780,-0.096694,-0.096694,0.003897
-0.001626,0.009587,93.637291,-0.055832,-0.055832,0.003897
-0.001574,0.015979,95.551971,-0.130893,-0.130893,0.004171
-0.001561,0.007457,97.547310,-0.034892,-0.034892,0.003896
-0.000471,-0.003196,95.313705,0.023629,0.023629,0.003895
0.000540,-0.012783,92.412094,0.076256,0.076256,0.003900
0.001510,-0.012783,93.536057,0.021718,0.021718,0.003898
0.001957,-0.019175,96.081070,0.068756,0.068756,0.003897
0.002382,-0.020240,95.085068,0.055492,0.055492,0.003898
0.001647,-0.014914,92.695450,0.037124,0.037124,0.003900
0.000942,-0.014914,94.298752,0.078617,0.078617,0.003899
0.000289,-0.008522,98.810318,0.042302,0.042302,0.003894
-0.000844,0.004261,99.599083,-0.040791,-0.040791,0.003895
-0.001884,0.017044,96.324600,-0.127713,-0.127713,0.003901
-0.002883,0.017044,95.387566,-0.069011,-0.069011,0.003897
-0.003354,0.027697,97.630516,-0.163518,-0.163518,0.003898
-0.003814,0.025566,97.540565,-0.113649,-0.113649,0.003927
-0.003125,0.021305,93.785393,-0.104355,-0.104355,0.003904
-0.002481,0.017044,91.910896,-0.091054,-0.091054,0.003897
-0.001862,0.017044,94.167603,-0.125826,-0.125826,0.003899
-0.000820,0.010653,95.712914,-0.113477,-0.113477,0.003896
0.000122,-0.005326,93.112312,0.014752,0.014752,0.003897
0.001174,-0.017044,90.369919,0.089538,0.089538,0.003899
0.002184,-0.017044,91.596405,0.032652,0.032652,0.003901
0.003133,-0.022371,94.125603,0.038576,0.038576,0.003896
0.002826,-0.020240,92.887741,0.030788,0.030788,0.004204
0.002561,-0.013848,90.612183,-0.026661,-0.026661,0.003894
0.002307,-0.013848,92.101959,-0.011119,-0.011119,0.003897
0.001376,-0.010653,95.961227,0.005175,0.005175,0.003896
0.000506,-0.004261,96.223663,-0.019602,-0.019602,0.003899
0.000278,0.000000,92.830559,-0.055424,-0.055424,0.003898
0.000068,0.002131,91.412506,-0.066338,-0.066338,0.003897
-0.000134,0.002131,93.403191,-0.054154,-0.054154,0.003895
-0.000027,0.002131,94.019524,-0.061120,-0.061120,0.003901
0.000056,-0.003196,90.856277,-0.005154,-0.005154,0.003898
0.000699,-0.011718,88.176956,0.056781,0.056781,0.003897
0.001316,-0.011718,89.850418,0.022433,0.022433,0.003899
0.001888,-0.017044,92.959290,0.049838,0.049838,0.003895
0.001808,-0.017044,92.637054,0.053147,0.053147,0.003897
0.001752,-0.011718,90.209717,-0.004441,-0.004441,0.003901
0.001697,-0.011718,90.352356,-0.000321,-0.000321,0.003897
0.000880,-0.007457,92.915329,-0.002216,-0.002216,0.003899
0.000119,-0.001065,93.161148,-0.032746,-0.032746,0.003895
0.000034,-0.002131,90.150520,-0.015747,-0.015747,0.003901
-0.000052,-0.003196,89.018349,0.002620,0.002620,0.003900
-0.000135,-0.003196,91.967148,0.007824,0.007824,0.003898
0.000176,-0.007457,94.699585,0.037584,0.037584,0.003895
0.000473,-0.007457,92.752266,0.019363,0.019363,0.003894
-0.000088,-0.003196,90.144714,0.003647,0.003647,0.004201
-0.000627,-0.003196,91.247963,0.035639,0.035639,0.003898
-0.001104,0.007457,93.950668,-0.059369,-0.059369,0.003894
-0.001773,0.014914,93.194519,-0.107388,-0.107388,0.003904
-0.002392,0.021305,89.778931,-0.144697,-0.144697,0.003895
-0.002155,0.022371,88.981659,-0.169096,-0.169096,0.003895
-0.001928,0.022371,91.435631,-0.181831,-0.181831,0.003897
-0.001746,0.012783,92.350906,-0.083558,-0.083558,0.003897
-0.000571,0.003196,89.523628,-0.041622,-0.041622,0.003898
0.000536,-0.002131,86.956573,-0.043092,-0.043092,0.003901
0.001599,-0.002131,87.725983,-0.103100,-0.103100,0.003900
0.002524,-0.014914,89.250328,-0.010207,-0.010207,0.003896
0.003372,-0.025566,87.800842,0.062404,0.062404,0.003899
0.003893,-0.036219,84.966324,0.155001,0.155001,0.003898
0.004394,-0.036219,85.247551,0.127412,0.127412,0.003899
0.004859,-0.040480,89.115730,0.149387,0.149387,0.003896
0.003704,-0.030893,91.709076,0.104345,0.104345,0.003903
0.002633,-0.021305,90.045189,0.055095,0.055095,0.003893
0.001252,-0.011718,87.805389,0.025299,0.025299,0.003900
-0.000073,-0.011718,89.139572,0.102325,0.102325,0.003899
-0.001285,0.004261,92.066833,-0.011525,-0.011525,0.003899
-0.002300,0.020240,91.729134,-0.137355,-0.137355,0.003896
-0.003246,0.027697,88.323059,-0.168218,-0.168218,0.003897
-0.004146,0.027697,87.632370,-0.115144,-0.115144,0.004233
-0.003933,0.027697,90.060051,-0.127070,-0.127070,0.003897
-0.003757,0.020240,91.045303,-0.052817,-0.052817,0.003899
-0.002576,0.012783,88.377373,-0.035683,-0.035683,0.003898
-0.001470,0.005326,85.699974,-0.012734,-0.012734,0.003897
-0.000409,0.005326,86.400932,-0.072610,-0.072610,0.003901
0.000570,-0.007457,88.165207,0.017233,0.017233,0.003898
0.001465,-0.019175,87.216911,0.099213,0.099213,0.003899
0.001718,-0.025566,84.489471,0.158224,0.158224,0.003897
0.001962,-0.025566,84.453934,0.145375,0.145375,0.003898
0.002203,-0.023436,88.059601,0.107132,0.107132,0.003898
0.001145,-0.013848,91.140724,0.056644,0.056644,0.003896
0.000162,-0.005326,89.939026,0.014306,0.014306,0.003900
-0.000782,-0.005326,87.359352,0.069026,0.069026,0.003898
-0.001943,0.008522,88.005798,-0.021751,-0.021751,0.003902
-0.003018,0.019175,90.837349,-0.082218,-0.082218,0.003895
-0.003578,0.035154,90.803223,-0.234139,-0.234139,0.003899
-0.004116,0.035154,87.437363,-0.203242,-0.203242,0.003898
-0.004608,0.041545,85.475899,-0.246760,-0.246760,0.003898
-0.003663,0.031958,87.199417,-0.190477,-0.190477,0.003901
-0.002796,0.021305,89.069832,-0.119042,-0.119042,0.003897
-0.001662,0.015979,87.508789,-0.123954,-0.123954,0.003896
-0.000574,0.015979,84.134468,-0.185830,-0.185830,0.003895
0.000433,0.005326,83.588791,-0.120319,-0.120319,0.004231
0.001514,-0.010653,85.242500,0.000715,0.000715,0.003899
0.002508,-0.022371,85.459122,0.077068,0.077068,0.003897
0.003463,-0.022371,83.062729,0.022150,0.022150,0.003901
0.003929,-0.029827,81.478294,0.081709,0.081709,0.003896
0.004381,-0.028762,83.478088,0.044216,0.044216,0.003897
0.003424,-0.021305,87.324562,0.012999,0.012999,0.003901
0.002541,-0.011718,88.256889,-0.047630,-0.047630,0.003896
0.001694,-0.011718,85.497368,0.000669,0.000669,0.003901
0.000522,-0.003196,83.478531,-0.028448,-0.028448,0.003899
-0.000583,0.002131,84.782433,-0.025119,-0.025119,0.003898
-0.000462,0.001065,86.664223,-0.020433,-0.020433,0.003896
-0.000345,0.001065,85.440331,-0.027900,-0.027900,0.003901
-0.000245,-0.002131,82.294037,0.003447,0.003447,0.003894
0.000008,-0.002131,81.358665,-0.009786,-0.009786,0.003902
0.000238,-0.005326,83.613632,0.013929,0.013929,0.003899
0.000460,-0.005326,85.736969,0.000278,0.000278,0.003894
0.000570,-0.005326,84.651894,-0.006906,-0.006906,0.003898
0.000679,-0.004261,82.085655,-0.024946,-0.024946,0.003899
0.000828,-0.005326,81.694824,-0.020220,-0.020220,0.003898
0.000954,-0.009587,83.558693,0.021458,0.021458,0.003898
0.001076,-0.009587,84.439102,0.013719,0.013719,0.003896
0.001299,-0.013848,82.280449,0.049297,0.049297,0.003899
0.001506,-0.014914,80.516373,0.050497,0.050497,0.004166
0.001070,-0.012783,82.151413,0.051848,0.051848,0.003897
0.000652,-0.012783,86.075966,0.075197,0.075197,0.003897
0.000283,-0.004261,87.594635,-0.002748,-0.002748,0.003897
-0.000828,0.007457,85.362137,-0.073717,-0.073717,0.003900
-0.001838,0.022371,83.186981,-0.185494,-0.185494,0.003899
-0.002166,0.027697,83.966431,-0.226734,-0.226734,0.003897
-0.002481,0.027697,85.737061,-0.208960,-0.208960,0.003896
-0.002800,0.023436,84.798470,-0.142621,-0.142621,0.003898
-0.001948,0.017044,81.528450,-0.117967,-0.117967,0.003898
-0.001151,0.011718,79.578026,-0.101454,-0.101454,0.003901
-0.000385,0.011718,80.900681,-0.144626,-0.144626,0.003899
0.000480,0.003196,82.861450,-0.097296,-0.097296,0.003897
0.001266,-0.008522,82.076416,-0.009135,-0.009135,0.003897
0.002063,-0.020240,79.279900,0.079561,0.079561,0.003901
0.002828,-0.020240,77.821144,0.036761,0.036761,0.003899
0.003531,-0.028762,79.502464,0.094563,0.094563,0.003897
0.003399,-0.029827,81.739319,0.113643,0.113643,0.003895
0.003292,-0.024501,81.567688,0.057881,0.057881,0.003900
0.002139,-0.015979,79.522598,0.026617,0.026617,0.003894
0.001032,-0.015979,79.175720,0.091040,0.091040,0.003901
0.000013,-0.004261,82.082047,0.015553,0.015553,0.003899
-0.000869,0.003196,85.508270,-0.020331,-0.020331,0.003895
-0.001659,0.017044,84.888809,-0.134892,-0.134892,0.004203
-0.002422,0.017044,81.738770,-0.090782,-0.090782,0.003896
-0.002753,0.022371,80.355103,-0.131481,-0.131481,0.003899
-0.003074,0.021305,81.746773,-0.100263,-0.100263,0.003899
-0.002267,0.017044,82.870323,-0.098419,-0.098419,0.003896
-0.001492,0.017044,81.079056,-0.143395,-0.143395,0.003899
-0.000768,0.011718,77.863495,-0.123274,-0.123274,0.003901
0.000008,0.004261,76.683907,-0.081133,-0.081133,0.003894
0.000716,-0.005326,78.256912,-0.011594,-0.011594,0.003899
0.001475,-0.013848,80.009201,0.041723,0.041723,0.003899
0.002204,-0.013848,79.360786,-0.000854,-0.000854,0.003898
0.002872,-0.022371,77.086609,0.058624,0.058624,0.003899
0.002826,-0.024501,76.144371,0.086544,0.086544,0.003900
0.002791,-0.022371,77.945854,0.064574,0.064574,0.003900
0.002757,-0.022371,80.226143,0.065789,0.065789,0.003899
0.001989,-0.015979,80.126663,0.035802,0.035802,0.003901
0.001279,-0.008522,78.127983,-0.008776,-0.008776,0.003898
0.000259,0.002131,77.522591,-0.071296,-0.071296,0.003899
-0.000721,0.002131,79.689995,-0.014778,-0.014778,0.003899
-0.001629,0.010653,82.380821,-0.061041,-0.061041,0.003897
-0.001649,0.010653,82.083252,-0.060984,-0.060984,0.003900
-0.001681,0.007457,78.949051,-0.022474,-0.022474,0.003899
-0.001182,0.006392,76.674759,-0.037639,-0.037639,0.003898
-0.000701,0.006392,77.608765,-0.064325,-0.064325,0.004235
-0.000258,0.002131,79.202530,-0.041405,-0.041405,0.003895
0.000076,-0.004261,78.542435,0.011946,0.011946,0.003899
0.000376,-0.009587,75.775665,0.055938,0.055938,0.003899
0.000665,-0.009587,73.976112,0.040507,0.040507,0.003899
0.001034,-0.015979,75.350082,0.093204,0.093204,0.003899
0.001393,-0.014914,78.313469,0.059850,0.059850,0.003897
0.000600,-0.006392,79.824905,0.006589,0.006589,0.003897
-0.000121,0.004261,78.396797,-0.074578,-0.074578,0.003898
-0.000813,0.004261,76.398712,-0.034242,-0.034242,0.003900
-0.001423,0.010653,76.288628,-0.071554,-0.071554,0.003898
-0.002012,0.009587,77.851379,-0.025446,-0.025446,0.003900
-0.001057,0.002131,78.264503,0.004438,0.004438,0.003899
-0.000141,0.002131,76.301208,-0.048381,-0.048381,0.003896
0.000707,-0.006392,73.945114,0.001277,0.001277,0.003900
0.001188,-0.009587,73.894402,0.011232,0.011232,0.003896
0.001649,-0.009587,76.471542,-0.015238,-0.015238,0.003901
0.002091,-0.009587,78.669907,-0.041727,-0.041727,0.003897
0.001757,-0.014914,77.798264,0.037586,0.037586,0.003899
0.001447,-0.011718,75.073631,0.019135,0.019135,0.003894
0.001446,-0.017044,73.713867,0.081277,0.081277,0.003903
0.001473,-0.009587,75.258728,-0.005096,-0.005096,0.003897
0.001500,-0.009587,77.650223,-0.007229,-0.007229,0.003898
0.000683,0.001065,77.474472,-0.083255,-0.083255,0.004198
-0.000081,0.006392,74.936096,-0.100254,-0.100254,0.003897
-0.000284,0.006392,72.794243,-0.087602,-0.087602,0.003898
-0.000478,0.006392,73.310036,-0.075577,-0.075577,0.003898
-0.000684,0.001065,75.150452,-0.002965,-0.002965,0.003899
0.000314,-0.006392,75.822899,0.024328,0.024328,0.003896
0.001240,-0.014914,74.338989,0.068423,0.068423,0.003901
0.001468,-0.020240,72.378311,0.116914,0.116914,0.003895
0.001687,-0.020240,72.254021,0.105156,0.105156,0.003902
0.001901,-0.019175,74.462044,0.080718,0.080718,0.003898
0.000900,-0.009587,76.445839,0.027537,0.027537,0.003893
-0.000029,-0.001065,75.979836,-0.017485,-0.017485,0.003902
-0.000920,-0.001065,73.935425,0.033927,0.033927,0.003899
-0.001658,0.007457,73.208939,-0.020460,-0.020460,0.003896
-0.002337,0.014914,75.156227,-0.066491,-0.066491,0.003901
-0.002349,0.019175,77.945709,-0.115382,-0.115382,0.003897
-0.002361,0.019175,77.991875,-0.115863,-0.115863,0.003895
-0.002376,0.018109,75.328293,-0.102825,-0.102825,0.003899
-0.001737,0.010653,72.660667,-0.053049,-0.053049,0.003897
-0.001144,0.005326,72.218636,-0.025050,-0.025050,0.003901
-0.000468,0.001065,73.699547,-0.014917,-0.014917,0.003897
0.000181,0.001065,74.565834,-0.052801,-0.052801,0.003896
0.000780,-0.005326,72.761833,-0.014394,-0.014394,0.003902
0.001082,-0.011718,70.143333,0.042189,0.042189,0.004200
0.001363,-0.014914,69.260262,0.063701,0.063701,0.003895
0.001633,-0.014914,71.068733,0.048565,0.048565,0.003898
0.001451,-0.015979,73.709068,0.070433,0.070433,0.003899
0.001309,-0.007457,74.638000,-0.020049,-0.020049,0.003895
0.000437,0.003196,73.199463,-0.092279,-0.092279,0.003901
-0.000400,0.003196,71.292770,-0.043587,-0.043587,0.003896
-0.001200,0.004261,70.979271,-0.009052,-0.009052,0.003897
-0.000993,0.003196,72.325340,-0.008663,-0.008663,0.003898
-0.000813,-0.002131,73.208672,0.041450,0.041450,0.003900
-0.000147,-0.005326,72.168610,0.039418,0.039418,0.003896
0.000492,-0.005326,70.259987,0.003119,0.003119,0.003899
0.001110,-0.004261,69.778938,-0.043780,-0.043780,0.003900
0.000622,0.000000,71.498016,-0.064312,-0.064312,0.003899
0.000165,0.003196,73.957664,-0.075359,-0.075359,0.003898
-0.000274,0.003196,74.313911,-0.051173,-0.051173,0.003896
-0.000250,0.001065,72.064613,-0.028297,-0.028297,0.003899
-0.000247,-0.004261,69.220573,0.033434,0.033434,0.003898
0.000467,-0.008522,68.484726,0.042382,0.042382,0.003902
0.001152,-0.008522,70.078331,0.003323,0.003323,0.003898
0.001786,-0.014914,72.061653,0.039427,0.039427,0.003895
0.001170,-0.008522,72.073639,0.000835,0.000835,0.003899
0.000594,-0.004261,70.008858,-0.014888,-0.014888,0.003899
-0.000039,0.005326,68.362480,-0.087420,-0.087420,0.004229
-0.000649,0.005326,68.828072,-0.051724,-0.051724,0.003900
-0.001222,0.008522,70.595078,-0.055565,-0.055565,0.003895
-0.000729,0.004261,71.605957,-0.035839,-0.035839,0.003898
-0.000280,-0.002131,70.369865,0.011094,0.011094,0.003900
0.000152,-0.002131,68.026077,-0.013191,-0.013191,0.003900
0.001029,-0.014914,66.683205,0.083762,0.083762,0.003900
0.001862,-0.017044,67.417992,0.060819,0.060819,0.003897
0.001898,-0.019175,69.389633,0.082844,0.082844,0.003897
0.001945,-0.015979,70.550140,0.042785,0.042785,0.003901
0.001989,-0.015979,69.705780,0.039747,0.039747,0.003896
0.000993,-0.007457,68.146362,-0.000261,-0.000261,0.003898
0.000073,0.002131,68.091934,-0.056522,-0.056522,0.003901
-0.000777,0.010653,69.936142,-0.105208,-0.105208,0.003897
-0.001594,0.010653,72.203987,-0.059062,-0.059062,0.003898
-0.002370,0.012783,72.399284,-0.039814,-0.039814,0.003896
-0.001770,0.009587,70.170906,-0.037776,-0.037776,0.003898
-0.001214,0.004261,67.445808,-0.007831,-0.007831,0.003902
-0.000680,0.004261,66.509987,-0.037380,-0.037380,0.003898
-0.000068,-0.002131,67.572197,0.001045,0.001045,0.003895
0.000491,-0.009587,68.996292,0.053855,0.053855,0.003898
0.000615,-0.011718,69.024757,0.070513,0.070513,0.003899
0.000743,-0.009587,67.463768,0.038788,0.038788,0.003898
0.000863,-0.009587,65.973137,0.032560,0.032560,0.004202
0.000132,0.000000,66.401497,-0.034598,-0.034598,0.003896
-0.000526,0.011718,68.451889,-0.131132,-0.131132,0.003899
-0.001013,0.017044,70.173218,-0.164984,-0.164984,0.003898
-0.001481,0.017044,69.824593,-0.138842,-0.138842,0.003898
-0.001945,0.012783,67.603775,-0.063230,-0.063230,0.003900
-0.001041,0.007457,65.364716,-0.053271,-0.053271,0.003896
-0.000201,0.000000,64.699165,-0.015234,-0.015234,0.003898
0.000807,-0.011718,65.674400,0.061277,0.061277,0.003901
0.001775,-0.011718,66.855782,0.005278,0.005278,0.003894
0.002672,-0.020240,66.776527,0.050818,0.050818,0.003900
0.002361,-0.022371,65.237312,0.093092,0.093092,0.003898
0.002083,-0.017044,64.108597,0.048736,0.048736,0.003897
0.001816,-0.017044,64.810234,0.064553,0.064553,0.003901
0.000882,-0.006392,67.437187,-0.004087,-0.004087,0.003899
0.000027,0.004261,69.999779,-0.077950,-0.077950,0.003896
-0.000685,0.013848,70.262039,-0.147877,-0.147877,0.003899
-0.001368,0.013848,68.090439,-0.108737,-0.108737,0.003898
-0.001996,0.021305,65.553276,-0.157140,-0.157140,0.003898
-0.001439,0.014914,64.691429,-0.114921,-0.114921,0.003900
-0.000933,0.007457,65.549042,-0.058310,-0.058310,0.003898
-0.000190,0.001065,66.561600,-0.028154,-0.028154,0.003895
0.000523,0.001065,65.983269,-0.069527,-0.069527,0.003900
0.001191,-0.003196,63.900940,-0.058859,-0.058859,0.004199
0.001759,-0.013848,61.628983,0.031278,0.031278,0.003898
0.002282,-0.020240,60.912052,0.075394,0.075394,0.003899
0.002783,-0.020240,62.278576,0.046900,0.046900,0.003900
0.002964,-0.023436,64.560455,0.072488,0.072488,0.003894
0.003151,-0.020240,65.882004,0.024266,0.024266,0.003899
0.002103,-0.013848,65.376030,0.010746,0.010746,0.003897
0.001097,-0.013848,63.814495,0.068740,0.068740,0.003898
0.000159,-0.006392,63.079411,0.037886,0.037886,0.003900
-0.000547,-0.001065,64.125793,0.017744,0.017744,0.003898
-0.001204,0.004261,66.071449,-0.005895,-0.005895,0.003898
-0.001482,0.015979,67.042038,-0.124901,-0.124901,0.003898
-0.001748,0.015979,65.966354,-0.109994,-0.109994,0.003897
-0.001988,0.020240,63.680679,-0.144561,-0.144561,0.003900
-0.001738,0.011718,62.291149,-0.060406,-0.060406,0.003897
-0.001514,0.007457,62.639301,-0.023911,-0.023911,0.003900
-0.001300,0.007457,64.368523,-0.036397,-0.036397,0.003900
-0.000290,0.004261,65.655899,-0.058502,-0.058502,0.003898
0.000651,-0.003196,64.996811,-0.027721,-0.027721,0.003900
0.001093,-0.009587,62.785892,0.020351,0.020351,0.003898
0.001517,-0.009587,60.723511,-0.003099,-0.003099,0.003896
0.001888,-0.019175,60.331951,0.086190,0.086190,0.003902
0.001779,-0.017044,61.746326,0.068198,0.068198,0.003896
0.001687,-0.012783,63.616405,0.024147,0.024147,0.004231
0.000889,-0.008522,64.297173,0.020443,0.020443,0.003902
0.000122,-0.008522,63.235756,0.064173,0.064173,0.003895
-0.000581,0.000000,61.668312,0.007462,0.007462,0.003897
-0.001322,0.006392,61.111103,-0.022490,-0.022490,0.003900
-0.001998,0.015979,62.222622,-0.093205,-0.093205,0.003898
-0.002647,0.015979,63.919445,-0.056395,-0.056395,0.003894
-0.002829,0.022371,64.705452,-0.119813,-0.119813,0.003899
-0.003011,0.020240,63.660969,-0.085256,-0.085256,0.003899
-0.001999,0.008522,61.486744,-0.008817,-0.008817,0.003899
-0.001059,0.000000,59.727985,0.035656,0.035656,0.003899
-0.000157,0.000000,59.545067,-0.015445,-0.015445,0.003900
0.000498,-0.003196,60.861130,-0.016424,-0.016424,0.003896
0.001127,-0.003196,62.094345,-0.053098,-0.053098,0.003897
0.000897,-0.006392,61.933712,-0.003828,-0.003828,0.003900
0.000677,-0.006392,60.328247,0.008899,0.008899,0.003896
0.000457,-0.008522,58.548744,0.046562,0.046562,0.003900
0.000700,-0.011718,58.129353,0.069962,0.069962,0.003900
0.000936,-0.010653,59.459290,0.044349,0.044349,0.003899
0.001163,-0.010653,62.038418,0.030755,0.030755,0.003893
0.000556,-0.002131,64.060333,-0.032966,-0.032966,0.003900
0.000004,0.006392,64.062447,-0.099688,-0.099688,0.003904
-0.000846,0.015979,61.940090,-0.160618,-0.160618,0.003896
-0.001644,0.019175,59.816479,-0.150490,-0.150490,0.004223
-0.002416,0.019175,59.044746,-0.105272,-0.105272,0.003905
-0.001743,0.013848,59.669785,-0.082612,-0.082612,0.003896
-0.001125,0.006392,60.493286,-0.032987,-0.032987,0.003900
-0.000247,-0.003196,60.467682,0.025971,0.025971,0.003898
0.000596,-0.003196,59.203827,-0.022464,-0.022464,0.003896
0.001382,-0.009587,57.406311,0.006094,0.006094,0.003897
0.001554,-0.009587,56.145943,-0.003051,-0.003051,0.003898
0.001711,-0.011718,56.321949,0.012829,0.012829,0.003901
0.001388,-0.012783,57.717365,0.043523,0.043523,0.003897
0.001078,-0.012783,59.448761,0.060780,0.060780,0.003898
0.000788,-0.010653,60.375313,0.052337,0.052337,0.003897
0.000262,-0.006392,60.007820,0.033383,0.033383,0.003899
-0.000211,0.002131,58.860226,-0.036863,-0.036863,0.003898
-0.000665,0.002131,58.011223,-0.010312,-0.010312,0.003899
-0.001439,0.013848,58.177780,-0.099646,-0.099646,0.003896
-0.002170,0.017044,59.210045,-0.094301,-0.094301,0.003899
-0.001617,0.013848,59.915127,-0.089922,-0.089922,0.003898
-0.001086,0.013848,59.360771,-0.120721,-0.120721,0.003896
-0.000588,0.010653,57.587933,-0.112514,-0.112514,0.003900
0.000466,0.005326,55.532688,-0.111359,-0.111359,0.003899
0.001430,-0.007457,54.405437,-0.019551,-0.019551,0.003897
0.001974,-0.015979,54.732590,0.047250,0.047250,0.003901
0.002491,-0.015979,56.338837,0.017378,0.017378,0.004170
0.002973,-0.021305,58.045898,0.050046,0.050046,0.003891
0.002721,-0.020240,58.688046,0.051633,0.051633,0.003899
0.002499,-0.014914,57.976151,0.003149,0.003149,0.003897
0.002285,-0.014914,56.620987,0.015688,0.015688,0.003899
0.001192,-0.007457,55.723034,-0.006336,-0.006336,0.003900
0.000179,0.002131,56.022495,-0.057512,-0.057512,0.003898
-0.000320,0.006392,57.120861,-0.077746,-0.077746,0.003900
-0.000799,0.006392,57.996956,-0.050671,-0.050671,0.003895
-0.001239,0.011718,57.670189,-0.086729,-0.086729,0.003898
-0.000502,0.005326,56.102184,-0.055798,-0.055798,0.003897
0.000167,-0.005326,54.018978,0.028410,0.028410,0.003904
0.000830,-0.013848,52.560833,0.088707,0.088707,0.003898
0.001467,-0.013848,52.756630,0.052707,0.052707,0.003896
0.002067,-0.017044,54.269596,0.054767,0.054767,0.003897
0.001513,-0.011718,56.316570,0.025009,0.025009,0.003898
0.001013,-0.003196,57.541183,-0.044661,-0.044661,0.003896
0.000532,-0.003196,57.217033,-0.017578,-0.017578,0.003899
-0.000350,0.005326,55.703518,-0.064333,-0.064333,0.003897
-0.001185,0.008522,54.105137,-0.052339,-0.052339,0.003901
-0.000662,0.005326,53.308193,-0.045138,-0.045138,0.003896
-0.000160,0.005326,53.523754,-0.073651,-0.073651,0.003900
0.000294,-0.002131,54.186386,-0.014455,-0.014455,0.003898
0.001268,-0.009587,54.452560,0.014699,0.014699,0.004201
0.002166,-0.020240,53.886620,0.084963,0.084963,0.003893
0.002362,-0.022371,52.766109,0.098323,0.098323,0.003899
0.002550,-0.022371,51.822151,0.087968,0.087968,0.003900
0.002739,-0.020240,51.803627,0.053127,0.053127,0.003900
0.001600,-0.013848,52.997017,0.045371,0.045371,0.003896
0.000551,-0.002131,55.120186,-0.028992,-0.028992,0.003900
-0.000456,-0.002131,57.096169,0.028002,0.028002,0.003898
-0.001518,0.008522,57.700550,-0.033765,-0.033765,0.003896
-0.002506,0.017044,56.772175,-0.074852,-0.074852,0.003898
-0.002544,0.022371,54.887150,-0.133260,-0.133260,0.003901
-0.002580,0.022371,53.174202,-0.130383,-0.130383,0.003900
-0.002615,0.022371,52.523594,-0.127660,-0.127660,0.003898
-0.001871,0.012783,52.918945,-0.060414,-0.060414,0.003900
-0.001176,0.007457,53.587265,-0.039532,-0.039532,0.003927
-0.000504,0.001065,53.719044,-0.005203,-0.005203,0.003897
0.000140,0.001065,52.921276,-0.042283,-0.042283,0.003899
0.000727,-0.007457,51.401363,0.021895,0.021895,0.003900
0.001221,-0.014914,49.879864,0.079507,0.079507,0.003898
0.001680,-0.019175,49.166355,0.102588,0.102588,0.003901
0.002120,-0.019175,49.897976,0.077605,0.077605,0.003898
0.001649,-0.018109,51.514828,0.092150,0.092150,0.003897
0.001233,-0.008522,53.518085,0.005626,0.005626,0.003896
0.000239,0.001065,54.533142,-0.047865,-0.047865,0.004203
-0.000680,0.010653,54.077862,-0.105274,-0.105274,0.003893
-0.001561,0.010653,52.532528,-0.054436,-0.054436,0.003899
-0.001502,0.014914,50.839180,-0.105962,-0.105962,0.003899
-0.001462,0.010653,49.889023,-0.058815,-0.058815,0.003902
-0.000397,0.004261,49.821476,-0.046406,-0.046406,0.003898
0.000625,0.004261,50.303413,-0.105084,-0.105084,0.003896
0.001574,-0.004261,50.616005,-0.062243,-0.062243,0.003902
0.002358,-0.018109,50.216217,0.051101,0.051101,0.003899
0.003072,-0.028762,49.225040,0.132245,0.132245,0.003900
0.003174,-0.034088,48.132706,0.187744,0.187744,0.003895
0.003272,-0.034088,47.591618,0.182545,0.182545,0.003897
0.003387,-0.028762,47.863396,0.115230,0.115230,0.003901
0.002256,-0.015979,49.080807,0.033725,0.033725,0.003899
0.001202,-0.007457,50.997307,-0.003816,-0.003816,0.003901
0.000191,-0.007457,52.755337,0.053499,0.053499,0.003897
-0.000804,0.001065,53.536762,0.012344,0.012344,0.003903
-0.001723,0.010653,53.133354,-0.044950,-0.044950,0.003894
-0.002033,0.018109,51.801159,-0.112301,-0.112301,0.003901
-0.002332,0.018109,50.172840,-0.094616,-0.094616,0.003899
-0.002606,0.021305,49.219463,-0.114769,-0.114769,0.003899
-0.002016,0.019175,49.121311,-0.123903,-0.123903,0.003896
-0.001477,0.011718,49.677799,-0.069454,-0.069454,0.003901
-0.000726,0.007457,50.039398,-0.064046,-0.064046,0.004231
-0.000007,0.007457,49.679596,-0.105479,-0.105479,0.003901
0.000655,0.000000,48.504936,-0.057992,-0.057992,0.003900
0.001337,-0.012783,46.783039,0.049641,0.049641,0.003894
0.001952,-0.023436,45.413277,0.136969,0.136969,0.003900
0.002543,-0.023436,45.010021,0.103611,0.103611,0.003899
0.002605,-0.026632,45.759083,0.136806,0.136806,0.003900
0.002700,-0.017044,47.217701,0.021261,0.021261,0.003897
0.001560,-0.007457,48.818802,-0.023581,-0.023581,0.003900
0.000481,-0.003196,49.783859,-0.011041,-0.011041,0.003898
-0.000555,-0.003196,49.709614,0.048061,0.048061,0.003898
-0.000998,0.003196,48.845577,0.000384,0.000384,0.003899
-0.001424,0.003196,47.845184,0.025184,0.025184,0.003898
-0.001424,0.010653,47.158730,-0.059757,-0.059757,0.003899
-0.001424,0.010653,47.033936,-0.059461,-0.059461,0.003900
-0.001413,0.013848,47.411278,-0.096666,-0.096666,0.003897
-0.001305,0.012783,47.890247,-0.090822,-0.090822,0.003896
-0.001237,0.003196,48.053329,0.014850,0.014850,0.003901
-0.001172,0.003196,47.712849,0.011049,0.011049,0.003899
-0.000296,-0.003196,46.907585,0.034052,0.034052,0.003904
0.000532,-0.006392,45.890072,0.023356,0.023356,0.003895
0.000401,-0.007457,45.203560,0.043526,0.043526,0.003900
0.000275,-0.007457,45.296947,0.051060,0.051060,0.003897
0.000173,-0.002131,46.323788,-0.004105,-0.004105,0.004168
-0.000783,0.003196,47.937603,-0.010600,-0.010600,0.003895
-0.001665,0.012783,49.411335,-0.070376,-0.070376,0.003901
-0.001984,0.022371,49.959473,-0.162404,-0.162404,0.003897
-0.002290,0.022371,49.293266,-0.145031,-0.145031,0.003902
-0.002588,0.021305,47.730476,-0.115435,-0.115435,0.003896
-0.001789,0.012783,45.929211,-0.063125,-0.063125,0.003898
-0.001030,0.010653,44.525105,-0.081597,-0.081597,0.003898
-0.000302,0.010653,43.845333,-0.122880,-0.122880,0.003901
0.000564,0.002131,43.816521,-0.074776,-0.074776,0.003898
0.001360,-0.007457,44.179081,-0.010691,-0.010691,0.003899
0.002109,-0.014914,44.444893,0.031459,0.031459,0.003895
0.002797,-0.023436,44.668449,0.089405,0.089405,0.003899
0.003457,-0.023436,44.499794,0.051384,0.051384,0.003899
0.003235,-0.023436,44.043747,0.064237,0.064237,0.003924
0.003054,-0.014914,43.482555,-0.022727,-0.022727,0.003907
0.001948,-0.004261,42.975300,-0.080936,-0.080936,0.003898
0.000886,-0.004261,42.775269,-0.019753,-0.019753,0.003899
-0.000105,0.003196,43.061153,-0.048106,-0.048106,0.003899
-0.000061,0.002131,43.659538,-0.038548,-0.038548,0.003900
-0.000035,-0.002131,44.143799,0.008484,0.008484,0.003896
-0.000010,-0.002131,44.351170,0.006843,0.006843,0.003900
0.000796,-0.005326,44.127697,-0.002922,-0.002922,0.003899
0.001546,-0.010653,43.373661,0.015069,0.015069,0.004227
0.001426,-0.012783,42.478649,0.046673,0.046673,0.003902
0.001306,-0.013848,41.839897,0.066092,0.066092,0.003901
0.001192,-0.013848,41.920128,0.072936,0.072936,0.003899
0.000614,-0.008522,42.628216,0.045094,0.045094,0.003898
0.000104,0.003196,43.926426,-0.060023,-0.060023,0.003900
-0.000808,0.011718,44.993198,-0.105714,-0.105714,0.003898
-0.001684,0.011718,45.296169,-0.055843,-0.055843,0.003900
-0.002497,0.019175,44.623955,-0.094641,-0.094641,0.003897
-0.002140,0.014914,43.403622,-0.066093,-0.066093,0.003900
-0.001829,0.006392,41.897068,0.014116,0.014116,0.003897
-0.000876,0.000000,40.747997,0.033171,0.033171,0.003899
0.000038,0.000000,40.469261,-0.018904,-0.018904,0.003903
0.000901,-0.004261,40.886806,-0.019536,-0.019536,0.003898
0.000769,-0.006392,41.664223,0.012213,0.012213,0.003897
0.000656,-0.003196,42.712486,-0.018151,-0.018151,0.003897
0.000546,-0.003196,43.600361,-0.012301,-0.012301,0.003900
0.000375,-0.002131,43.794044,-0.015034,-0.015034,0.003902
0.000211,-0.002131,43.304977,-0.005681,-0.005681,0.003896
0.000293,0.001065,42.319817,-0.046791,-0.046791,0.003897
0.000372,0.001065,41.080360,-0.050922,-0.050922,0.003900
0.000452,0.002131,39.876301,-0.067192,-0.067192,0.003896
0.000676,-0.002131,39.061626,-0.030776,-0.030776,0.003901
0.000856,-0.010653,38.844872,0.056765,0.056765,0.004166
0.001299,-0.018109,39.275826,0.116792,0.116792,0.003898
0.001724,-0.018109,40.191277,0.092204,0.092204,0.003899
0.002136,-0.017044,41.182220,0.055967,0.055967,0.003897
0.001486,-0.008522,41.759956,-0.004679,-0.004679,0.003899
0.000898,0.001065,41.716393,-0.080905,-0.080905,0.003898
0.000334,0.001065,40.880550,-0.048468,-0.048468,0.003900
-0.000474,0.010653,39.660625,-0.111476,-0.111476,0.003900
-0.001242,0.012783,38.498032,-0.091268,-0.091268,0.003896
-0.000661,0.007457,37.735336,-0.063203,-0.063203,0.003899
-0.000103,0.007457,37.562744,-0.094944,-0.094944,0.003902
0.000401,-0.001065,37.687908,-0.026248,-0.026248,0.003897
0.001361,-0.008522,37.988964,0.003958,0.003958,0.003899
0.002238,-0.020240,38.341393,0.087597,0.087597,0.003898
0.002405,-0.025566,38.630070,0.138816,0.138816,0.003898
0.002566,-0.025566,38.833534,0.129464,0.129464,0.003896
0.002724,-0.024501,38.748680,0.108101,0.108101,0.003902
0.001870,-0.015979,38.508831,0.059617,0.059617,0.003897
0.001086,-0.006392,38.252316,-0.005019,-0.005019,0.003902
0.000334,-0.006392,38.209965,0.038307,0.038307,0.003895
-0.001005,0.003196,38.396072,0.005481,0.005481,0.003902
-0.002259,0.011718,39.041775,-0.020151,-0.020151,0.003898
-0.002240,0.015979,39.833443,-0.070277,-0.070277,0.003899
-0.002196,0.021305,40.252403,-0.134113,-0.134113,0.004199
-0.002159,0.021305,40.110474,-0.136364,-0.136364,0.003898
-0.001763,0.018109,39.376965,-0.122506,-0.122506,0.003898
-0.001406,0.011718,38.302143,-0.069534,-0.069534,0.003897
-0.000500,0.001065,36.985916,0.000808,0.000808,0.003901
0.000370,0.001065,35.881271,-0.048623,-0.048623,0.003896
0.001185,-0.004261,35.181992,-0.034019,-0.034019,0.003901
0.001622,-0.010653,34.846981,0.014342,0.014342,0.003898
0.002022,-0.015979,34.924267,0.052506,0.052506,0.003897
0.002405,-0.015979,35.643261,0.030444,0.030444,0.003900
0.002532,-0.020240,36.807457,0.071671,0.071671,0.003897
0.002669,-0.015979,37.939091,0.014531,0.014531,0.003902
0.001865,-0.008522,38.690052,-0.025105,-0.025105,0.003898
0.001129,0.001065,38.779381,-0.092885,-0.092885,0.003902
0.000422,0.001065,38.052723,-0.052326,-0.052326,0.003898
-0.000032,0.007457,36.802780,-0.099120,-0.099120,0.003895
-0.000476,0.005326,35.500648,-0.048723,-0.048723,0.003898
0.000221,-0.001065,34.393456,-0.015035,-0.015035,0.003898
0.000890,-0.001065,33.778744,-0.053000,-0.053000,0.003903
0.001504,-0.008522,33.494415,-0.002659,-0.002659,0.003897
0.002110,-0.014914,33.610600,0.035777,0.035777,0.003898
0.002669,-0.021305,34.086472,0.076816,0.076816,0.003898
0.003205,-0.021305,34.891491,0.045819,0.045819,0.003898
0.002873,-0.025566,35.702461,0.113355,0.113355,0.004234
0.002594,-0.017044,36.150154,0.031470,0.031470,0.003896
0.001509,-0.006392,36.262768,-0.028325,-0.028325,0.003900
0.000515,0.006392,35.860939,-0.117616,-0.117616,0.003900
-0.000439,0.006392,34.968315,-0.062635,-0.062635,0.003898
-0.000909,0.013848,33.973995,-0.120660,-0.120660,0.003897
-0.001380,0.008522,33.097839,-0.032235,-0.032235,0.003901
-0.000508,0.003196,32.666721,-0.020977,-0.020977,0.003898
0.000329,0.003196,32.648838,-0.068876,-0.068876,0.003901
0.001109,-0.003196,32.806599,-0.040475,-0.040475,0.003896
0.001685,-0.010653,32.966156,0.011711,0.011711,0.003898
0.002211,-0.018109,33.077190,0.066827,0.066827,0.003902
0.002456,-0.023436,33.373577,0.113669,0.113669,0.003898
0.002691,-0.023436,33.797417,0.100023,0.100023,0.003900
0.002929,-0.020240,33.985367,0.049596,0.049596,0.003902
0.002076,-0.010653,33.961510,-0.011248,-0.011248,0.003892
0.001297,0.000000,33.704662,-0.088447,-0.088447,0.003899
0.000550,0.000000,33.123077,-0.045386,-0.045386,0.003899
-0.000243,0.007457,32.455311,-0.085005,-0.085005,0.003899
-0.001019,0.003196,31.867540,0.008657,0.008657,0.003897
-0.000250,-0.002131,31.667830,0.025701,0.025701,0.003902
0.000488,-0.002131,32.017799,-0.016625,-0.016625,0.003897
0.001181,-0.006392,32.583130,-0.007782,-0.007782,0.003899
0.001212,-0.005326,32.911930,-0.022026,-0.022026,0.004228
0.001252,-0.003196,32.981400,-0.048850,-0.048850,0.003902
0.000997,-0.009587,32.686016,0.038975,0.038975,0.003902
0.000752,-0.009587,32.165066,0.053187,0.053187,0.003897
0.000512,-0.010653,31.774752,0.079351,0.079351,0.003896
0.000631,-0.009587,31.592772,0.060504,0.060504,0.003899
0.000780,0.000000,31.586378,-0.057780,-0.057780,0.003896
0.000924,0.000000,31.514267,-0.066034,-0.066034,0.003900
-0.000114,0.008522,31.336205,-0.103917,-0.103917,0.003902
-0.001091,0.013848,31.095911,-0.108699,-0.108699,0.003899
-0.000665,0.004261,31.061193,-0.023318,-0.023318,0.003895
-0.000284,-0.003196,31.196211,0.040169,0.040169,0.003900
0.000082,-0.003196,31.652451,0.019094,0.019094,0.003897
0.000860,-0.004261,32.221287,-0.013568,-0.013568,0.003900
0.001618,-0.001065,32.539711,-0.093957,-0.093957,0.003897
0.001136,-0.002131,32.377537,-0.054230,-0.054230,0.003898
0.000674,-0.002131,31.598383,-0.027607,-0.027607,0.003898
0.000226,-0.003196,30.633045,0.010630,0.010630,0.003899
0.000527,-0.009587,29.813643,0.066906,0.066906,0.003897
0.000800,-0.013848,29.288548,0.100339,0.100339,0.003899
0.001063,-0.013848,29.262169,0.085498,0.085498,0.003898
0.000994,-0.006392,29.555372,0.004067,0.004067,0.003903
0.000957,0.001065,29.984087,-0.079257,-0.079257,0.003896
-0.000186,0.008522,30.359936,-0.099141,-0.099141,0.004167
-0.001274,0.011718,30.523626,-0.073408,-0.073408,0.003896
-0.002318,0.011718,30.401375,-0.013501,-0.013501,0.003896
-0.001752,0.008522,30.375786,-0.009406,-0.009406,0.003897
-0.001228,0.003196,30.267506,0.021485,0.021485,0.003900
-0.000666,0.004261,30.108234,-0.022935,-0.022935,0.003898
-0.000127,0.004261,29.855616,-0.053848,-0.053848,0.003899
0.000387,0.003196,29.237785,-0.071060,-0.071060,0.003902
0.000278,0.002131,28.288486,-0.052340,-0.052340,0.003897
0.000145,-0.005326,27.325956,0.041040,0.041040,0.003898
0.000018,-0.005326,26.657635,0.048754,0.048754,0.003898
0.000614,-0.017044,26.482935,0.148911,0.148911,0.003900
0.001191,-0.015979,26.828480,0.103663,0.103663,0.003900
0.000513,-0.005326,27.497972,0.020517,0.020517,0.003896
-0.000102,0.004261,28.236202,-0.054185,-0.054185,0.003902
-0.000693,0.004261,28.783981,-0.020567,-0.020567,0.003896
-0.001504,0.009587,29.051550,-0.035185,-0.035185,0.003897
-0.002270,0.012783,29.074940,-0.027851,-0.027851,0.003902
-0.001654,0.009587,29.012619,-0.026692,-0.026692,0.003898
-0.001062,0.009587,28.737389,-0.060667,-0.060667,0.003897
-0.000509,0.005326,28.211693,-0.043497,-0.043497,0.003898
0.000170,0.003196,27.423651,-0.057915,-0.057915,0.003901
0.000794,-0.004261,26.432640,-0.008084,-0.008084,0.003897
0.001370,-0.014914,25.641481,0.081186,0.081186,0.004231
0.001928,-0.014914,25.172043,0.049472,0.049472,0.003900
0.002444,-0.020240,25.140720,0.081028,0.081028,0.003898
0.002134,-0.015979,25.456114,0.050026,0.050026,0.003900
0.001877,-0.005326,25.895887,-0.057293,-0.057293,0.003901
0.001631,-0.005326,26.275568,-0.043299,-0.043299,0.003899
0.000447,0.001065,26.385002,-0.048668,-0.048668,0.003897
-0.000680,0.003196,26.245804,-0.008321,-0.008321,0.003901
-0.000185,-0.002131,26.130566,0.024254,0.024254,0.003918
0.000291,-0.002131,26.170107,-0.003020,-0.003020,0.003907
0.000727,-0.007457,26.306194,0.032857,0.032857,0.003898
0.001058,-0.007457,26.464468,0.013816,0.013816,0.003901
0.001383,-0.005326,26.456470,-0.029326,-0.029326,0.003895
0.000767,-0.002131,26.264175,-0.030503,-0.030503,0.003899
0.000175,-0.002131,25.736982,0.003566,0.003566,0.003897
-0.000385,0.000000,25.133116,0.011563,0.011563,0.003900
-0.000228,-0.005326,24.670799,0.063779,0.063779,0.003899
-0.000066,-0.002131,24.557346,0.018046,0.018046,0.003897
0.000090,-0.002131,24.669731,0.009130,0.009130,0.003898
-0.000229,0.005326,24.898415,-0.057916,-0.057916,0.003900
-0.000512,0.011718,25.024649,-0.114923,-0.114923,0.003899
-0.000825,0.012783,24.999178,-0.109234,-0.109234,0.003896
-0.001124,0.012783,24.817839,-0.092006,-0.092006,0.003898
-0.001426,0.008522,24.688433,-0.025834,-0.025834,0.004170
-0.000422,0.005326,24.569393,-0.046874,-0.046874,0.003894
0.000518,-0.001065,24.398958,-0.027652,-0.027652,0.003899
0.001182,-0.008522,24.160381,0.019675,0.019675,0.003898
0.001819,-0.008522,23.867435,-0.016811,-0.016811,0.003901
0.002394,-0.018109,23.705904,0.060007,0.060007,0.003899
0.002330,-0.023436,23.567783,0.124757,0.124757,0.003898
0.002284,-0.019175,23.543644,0.078672,0.078672,0.003898
0.002240,-0.019175,23.673727,0.081219,0.081219,0.003899
0.001458,-0.009587,23.828003,0.016286,0.016286,0.003897
0.000732,-0.003196,23.869635,-0.015241,-0.015241,0.003896
-0.000148,0.006392,23.750832,-0.074466,-0.074466,0.003901
-0.000953,0.017044,23.437361,-0.150133,-0.150133,0.003900
-0.001725,0.017044,23.030592,-0.105617,-0.105617,0.003901
-0.001433,0.014914,22.557629,-0.097865,-0.097865,0.003898
-0.001180,0.007457,22.181280,-0.026835,-0.026835,0.003899
-0.000334,0.002131,21.925243,-0.014301,-0.014301,0.003896
0.000478,0.002131,21.823008,-0.060851,-0.060851,0.003900
0.001230,-0.005326,21.665739,-0.018627,-0.018627,0.003897
0.001679,-0.010653,21.483227,0.016629,0.016629,0.003896
0.002082,-0.018109,21.417740,0.078925,0.078925,0.003901
0.002469,-0.018109,21.594732,0.056733,0.056733,0.003903
0.002414,-0.020240,21.969507,0.084168,0.084168,0.003896
0.002377,-0.014914,22.310762,0.025161,0.025161,0.004230
0.001315,-0.002131,22.556507,-0.060283,-0.060283,0.003900
0.000323,0.005326,22.442226,-0.088755,-0.088755,0.003897
-0.000630,0.005326,21.884144,-0.033993,-0.033993,0.003901
-0.000978,0.009587,21.135611,-0.062531,-0.062531,0.003896
-0.001329,0.005326,20.440287,0.006685,0.006685,0.003903
-0.000467,0.001065,19.888971,0.006275,0.006275,0.003896
0.000359,0.001065,19.595118,-0.040997,-0.040997,0.003900
0.001137,-0.003196,19.341892,-0.036777,-0.036777,0.003899
0.001228,-0.008522,19.092258,0.019103,0.019103,0.003900
0.001315,-0.008522,18.961945,0.014212,0.014212,0.003900
0.001398,-0.008522,19.064579,0.009473,0.009473,0.003903
0.001426,-0.014914,19.326021,0.081012,0.081012,0.003919
0.001465,-0.011718,19.697681,0.042089,0.042089,0.003902
0.001149,-0.004261,20.286690,-0.025290,-0.025290,0.003898
0.000866,0.001065,20.795933,-0.070237,-0.070237,0.003901
0.000594,0.001065,20.807051,-0.054825,-0.054825,0.003894
-0.000026,0.005326,20.591328,-0.068023,-0.068023,0.003900
-0.000625,0.004261,20.000563,-0.021345,-0.021345,0.003898
0.000125,-0.003196,19.552404,0.021205,0.021205,0.003898
0.000845,-0.003196,19.206968,-0.019948,-0.019948,0.003900
0.001520,-0.007457,18.969662,-0.009791,-0.009791,0.003900
0.001780,-0.008522,18.654165,-0.012471,-0.012471,0.003897
0.002020,-0.010653,18.298359,-0.001706,-0.001706,0.004169
0.001818,-0.012783,18.040924,0.034400,0.034400,0.003894
0.001625,-0.012783,17.841854,0.045614,0.045614,0.003899
0.001435,-0.013848,17.930540,0.068784,0.068784,0.003896
0.001078,-0.008522,18.199884,0.028285,0.028285,0.003896
0.000767,0.000000,18.511515,-0.051526,-0.051526,0.003901
0.000469,0.000000,18.646368,-0.034505,-0.034505,0.003901
-0.000477,0.011718,18.408768,-0.114401,-0.114401,0.003902
-0.001396,0.008522,18.074133,-0.024891,-0.024891,0.003898
-0.000916,0.006392,17.684820,-0.027967,-0.027967,0.003898
-0.000455,0.006392,17.485340,-0.054306,-0.054306,0.003895
-0.000020,0.004261,17.254004,-0.054815,-0.054815,0.003898
0.000675,-0.002131,16.862873,-0.021436,-0.021436,0.003897
0.001321,-0.007457,16.521437,0.002553,0.002553,0.003899
0.001717,-0.020240,16.313467,0.126309,0.126309,0.003898
0.002097,-0.020240,16.401197,0.104580,0.104580,0.003903
0.002458,-0.021305,16.770718,0.096016,0.096016,0.003894
0.001951,-0.011718,17.266048,0.015227,0.015227,0.003896
0.001496,-0.003196,17.627169,-0.056414,-0.056414,0.003900
0.001059,-0.003196,17.671690,-0.031480,-0.031480,0.003900
0.000166,0.002131,17.278614,-0.041175,-0.041175,0.003899
-0.000691,0.002131,16.776928,0.008235,0.008235,0.003900
-0.000237,-0.002131,16.258982,0.031101,0.031101,0.003898
0.000186,-0.005326,16.029263,0.043599,0.043599,0.004199
0.000594,-0.005326,16.098724,0.020276,0.020276,0.003898
0.000714,-0.003196,16.247976,-0.011008,-0.011008,0.003900
0.000860,0.005326,16.290829,-0.117055,-0.117055,0.003896
0.000131,0.010653,16.109617,-0.136184,-0.136184,0.003900
-0.000568,0.010653,15.636880,-0.095918,-0.095918,0.003898
-0.001248,0.008522,15.103331,-0.032292,-0.032292,0.003898
-0.000514,0.004261,14.681418,-0.025439,-0.025439,0.003899
0.000162,-0.003196,14.279141,0.021243,0.021243,0.003900
0.000812,-0.003196,14.119938,-0.015896,-0.015896,0.003898
0.001402,-0.006392,14.138268,-0.013165,-0.013165,0.003899
0.001957,-0.009587,14.115733,-0.008461,-0.008461,0.003900
0.001741,-0.013848,14.112348,0.052763,0.052763,0.003897
0.001525,-0.015979,14.282417,0.089554,0.089554,0.003901
0.001318,-0.015979,14.708636,0.101382,0.101382,0.003897
0.001071,-0.012783,15.320848,0.078785,0.078785,0.003895
0.000874,-0.002131,15.959750,-0.032110,-0.032110,0.003902
-0.000213,0.010653,16.372114,-0.116286,-0.116286,0.003900
-0.001256,0.010653,16.315186,-0.056519,-0.056519,0.003896
-0.002242,0.014914,16.024117,-0.048656,-0.048656,0.003898
-0.001968,0.011718,15.383538,-0.027649,-0.027649,0.003901
-0.001722,0.007457,14.873714,0.007244,0.007244,0.003895
-0.001485,0.007457,14.488856,-0.006136,-0.006136,0.003903
-0.000566,0.002131,14.299032,0.002176,0.002176,0.004192
0.000304,-0.001065,14.103782,-0.011147,-0.011147,0.003901
0.000257,-0.001065,13.878044,-0.008361,-0.008361,0.003900
0.000212,-0.001065,13.663486,-0.005670,-0.005670,0.003899
0.000169,-0.001065,13.437821,-0.003087,-0.003087,0.003900
0.000010,-0.003196,13.217394,0.030497,0.030497,0.003895
-0.000126,0.001065,13.073561,-0.010372,-0.010372,0.003898
-0.000064,0.003196,13.057727,-0.038254,-0.038254,0.003900
-0.000005,0.003196,12.867961,-0.041656,-0.041656,0.003896
0.000056,0.004261,12.425320,-0.057275,-0.057275,0.003899
0.000053,0.006392,11.868738,-0.081330,-0.081330,0.003897
0.000015,-0.003196,11.335751,0.030866,0.030866,0.003902
-0.000022,-0.003196,10.909675,0.033205,0.033205,0.003896
0.000761,-0.009587,10.890914,0.061563,0.061563,0.003900
0.001497,-0.013848,11.185618,0.068079,0.068079,0.003899
0.001106,-0.007457,11.595659,0.017228,0.017228,0.003897
0.000771,0.003196,11.964854,-0.085640,-0.085640,0.003901
0.000449,0.003196,12.116833,-0.067307,-0.067307,0.003899
-0.000571,0.008522,11.903698,-0.069716,-0.069716,0.003897
-0.001551,0.008522,11.522169,-0.013343,-0.013343,0.003897
-0.000840,0.004261,11.143988,-0.005266,-0.005266,0.003896
-0.000157,0.004261,10.897361,-0.044339,-0.044339,0.003905
0.000471,-0.003196,10.670791,0.005075,0.005075,0.003896
0.000843,-0.004261,10.378877,-0.003991,-0.003991,0.004230
0.001193,-0.006392,10.217037,0.000399,0.000399,0.003899
0.001182,-0.014914,10.190952,0.098677,0.098677,0.003900
0.001171,-0.014914,10.303761,0.099308,0.099308,0.003898
0.001168,-0.012783,10.686088,0.075008,0.075008,0.003898
0.000595,-0.008522,11.199261,0.059014,0.059014,0.003901
0.000088,0.003196,11.587689,-0.046240,-0.046240,0.003897
-0.000398,0.003196,11.987364,-0.018458,-0.018458,0.003903
-0.001410,0.013848,11.898122,-0.082478,-0.082478,0.003896
-0.002361,0.019175,11.487608,-0.088788,-0.088788,0.003895
-0.001947,0.020240,10.983787,-0.124583,-0.124583,0.003899
-0.001550,0.020240,10.386159,-0.147195,-0.147195,0.003900
-0.001192,0.013848,9.768283,-0.094306,-0.094306,0.003897
-0.000136,0.005326,9.174882,-0.057191,-0.057191,0.003898
0.000851,-0.002131,8.498363,-0.028250,-0.028250,0.003899
0.001507,-0.010653,7.922352,0.031900,0.031900,0.003897
0.002137,-0.010653,7.638142,-0.004045,-0.004045,0.003899
0.002714,-0.018109,7.530713,0.048308,0.048308,0.003899
0.002706,-0.018109,7.594947,0.048814,0.048814,0.003898
0.002706,-0.015979,7.876478,0.024381,0.024381,0.003897
0.002706,-0.015979,8.174684,0.024256,0.024256,0.003902
0.001802,-0.007457,8.465969,-0.021479,-0.021479,0.003897
0.000965,0.001065,8.530783,-0.071120,-0.071120,0.003898
0.000345,0.006392,8.360091,-0.096507,-0.096507,0.004200
-0.000248,0.007457,7.951675,-0.074561,-0.074561,0.003895
-0.000817,0.007457,7.392273,-0.041688,-0.041688,0.003901
-0.000153,0.003196,6.846753,-0.030846,-0.030846,0.003897
0.000445,-0.007457,6.338658,0.056979,0.056979,0.003900
0.001045,-0.011718,6.038672,0.071521,0.071521,0.003899
0.001621,-0.011718,6.157488,0.038573,0.038573,0.003897
0.002146,-0.019175,6.559575,0.093747,0.093747,0.003897
0.001459,-0.011718,6.926974,0.047674,0.047674,0.003898
0.000839,-0.001065,7.312861,-0.038839,-0.038839,0.003899
0.000244,-0.001065,7.636789,-0.004829,-0.004829,0.003897
-0.000820,0.006392,7.596017,-0.029184,-0.029184,0.003897
-0.001806,0.015979,7.405655,-0.082290,-0.082290,0.003901
-0.001517,0.014914,7.126463,-0.086656,-0.086656,0.003901
-0.001246,0.012783,6.661972,-0.077664,-0.077664,0.003897
-0.000987,0.012783,6.099369,-0.092368,-0.092368,0.003898
-0.000089,0.005326,5.587177,-0.058358,-0.058358,0.003900
0.000729,-0.006392,5.051351,0.028994,0.028994,0.003895
0.001390,-0.010653,4.620682,0.040042,0.040042,0.003900
0.002024,-0.010653,4.609616,0.003781,0.003781,0.003897
0.002605,-0.018109,4.835896,0.055779,0.055779,0.003899
0.002151,-0.018109,5.161371,0.081795,0.081795,0.003899
0.001746,-0.009587,5.551271,0.007330,0.007330,0.003897
0.001355,-0.009587,5.891745,0.029650,0.029650,0.004231
0.000323,-0.002131,6.190976,0.003411,0.003411,0.003903
-0.000631,0.007457,6.383250,-0.051635,-0.051635,0.003901
-0.000989,0.015979,6.305624,-0.128751,-0.128751,0.003918
-0.001324,0.018109,5.923374,-0.133852,-0.133852,0.003904
-0.001638,0.018109,5.486557,-0.115635,-0.115635,0.004333
-0.000970,0.013848,4.977098,-0.105094,-0.105094,0.003896
-0.000355,0.006392,4.354604,-0.054797,-0.054797,0.003896
0.000455,-0.002131,3.692517,-0.003552,-0.003552,0.003897
0.001202,-0.010653,3.201340,0.051406,0.051406,0.003901
0.001918,-0.010653,3.177525,0.010445,0.010445,0.003900
0.002376,-0.019175,3.392427,0.081729,0.081729,0.003896
0.002819,-0.018109,3.673743,0.043981,0.043981,0.003898
0.001794,-0.008522,3.998430,-0.006987,-0.006987,0.003895
0.000809,-0.008522,4.235617,0.049430,0.049430,0.003898
-0.000112,-0.002131,4.433390,0.029076,0.029076,0.003899
-0.000716,0.005326,4.778133,-0.021682,-0.021682,0.003897
-0.001264,0.013848,5.009323,-0.087917,-0.087917,0.003901
-0.001790,0.013848,4.825902,-0.057797,-0.057797,0.003896
-0.002039,0.024501,4.311070,-0.165326,-0.165326,0.003901
-0.002299,0.019175,3.764108,-0.089210,-0.089210,0.003895
-0.001415,0.007457,3.315187,-0.005631,-0.005631,0.003899
-0.000566,0.007457,3.000463,-0.054210,-0.054210,0.003899
0.000233,0.003196,2.671833,-0.051196,-0.051196,0.003901
0.000635,0.001065,2.167188,-0.049793,-0.049793,0.003896
0.001006,-0.003196,1.519167,-0.022085,-0.022085,0.003899
0.001774,-0.013848,0.891481,0.056030,0.056030,0.003900
0.002511,-0.013848,0.530960,0.013940,0.013940,0.003894
0.003175,-0.023436,0.532767,0.085687,0.085687,0.004230
0.003232,-0.021305,0.660726,0.058014,0.058014,0.003897
0.003295,-0.019175,0.896135,0.029964,0.029964,0.003899
0.003355,-0.019175,1.169077,0.026406,0.026406,0.003900
0.002651,-0.014914,1.415737,0.017985,0.017985,0.003900
0.001998,-0.008522,1.600503,-0.017810,-0.017810,0.003896
0.001351,0.000000,1.751860,-0.078259,-0.078259,0.003896
0.000753,0.006392,1.702160,-0.117164,-0.117164,0.003899
0.000180,0.006392,1.433141,-0.084187,-0.084187,0.003896
0.000289,0.006392,1.053377,-0.090384,-0.090384,0.003900
0.000379,0.002131,0.656164,-0.046585,-0.046585,0.003897
0.000744,0.000000,0.246546,-0.043003,-0.043003,0.003897
0.001094,0.000000,-0.163188,-0.062967,-0.062967,0.003900
0.001415,-0.004261,-0.537568,-0.032429,-0.032429,0.003897
0.001832,-0.011718,-0.854921,0.029150,0.029150,0.003901
0.002216,-0.015979,-0.952045,0.055991,0.055991,0.003897
0.002585,-0.015979,-0.652974,0.034844,0.034844,0.003898
0.002507,-0.018109,-0.121763,0.063581,0.063581,0.003896
0.002468,-0.008522,0.490846,-0.044163,-0.044163,0.003899
0.001151,0.004261,0.920516,-0.115092,-0.115092,0.003900
-0.000082,0.012783,0.929234,-0.142025,-0.142025,0.003902
-0.001265,0.012783,0.645882,-0.074048,-0.074048,0.003893
-0.001366,0.017044,0.239347,-0.116929,-0.116929,0.003900
-0.001471,0.013848,-0.151238,-0.074166,-0.074166,0.004203
-0.000851,0.011718,-0.533509,-0.085221,-0.085221,0.003893
-0.000256,0.011718,-0.886017,-0.119252,-0.119252,0.003901
0.000304,0.008522,-1.234865,-0.114652,-0.114652,0.003898
0.000760,-0.002131,-1.588122,-0.018754,-0.018754,0.003899
0.001186,-0.005326,-1.875660,-0.006486,-0.006486,0.003901
0.001439,-0.008522,-2.074196,0.015685,0.015685,0.003896
0.001682,-0.008522,-2.163552,0.001816,0.001816,0.003901
0.001919,-0.007457,-2.189398,-0.023965,-0.023965,0.003896
0.001805,-0.007457,-2.298157,-0.017416,-0.017416,0.003901
0.001700,-0.006392,-2.500174,-0.023521,-0.023521,0.003896
0.001599,-0.006392,-2.719602,-0.017634,-0.017634,0.003897
0.001544,-0.007457,-2.844515,-0.002222,-0.002222,0.003901
0.001492,-0.007457,-2.814220,0.000830,0.000830,0.003897
0.001349,-0.003196,-2.669697,-0.039731,-0.039731,0.003899
0.001211,-0.003196,-2.691371,-0.031886,-0.031886,0.003898
0.001079,-0.003196,-2.948555,-0.024289,-0.024289,0.003898
0.000914,-0.002131,-3.323725,-0.026881,-0.026881,0.003902
0.000735,-0.007457,-3.646628,0.044512,0.044512,0.003897
0.001102,-0.008522,-3.742540,0.035757,0.035757,0.003894
0.001454,-0.008522,-3.420795,0.015562,0.015562,0.003903
0.001792,-0.008522,-2.954600,-0.003998,-0.003998,0.003897
0.000839,0.002131,-2.682594,-0.071367,-0.071367,0.003900
-0.000046,0.009587,-2.774628,-0.106023,-0.106023,0.004197
-0.000898,0.009587,-3.206587,-0.057034,-0.057034,0.003894
-0.000963,0.007457,-3.751677,-0.028749,-0.028749,0.003899
-0.001045,0.002131,-4.187097,0.037166,0.037166,0.003897
-0.000218,-0.003196,-4.317048,0.050821,0.050821,0.003901
0.000580,-0.002131,-4.045241,-0.007151,-0.007151,0.003897
0.001346,-0.002131,-3.747463,-0.051259,-0.051259,0.003894
0.000743,0.002131,-3.814913,-0.065538,-0.065538,0.003902
0.000180,0.006392,-4.151511,-0.081967,-0.081967,0.003898
0.000365,0.001065,-4.528724,-0.031458,-0.031458,0.003896
0.000542,0.001065,-4.847717,-0.041486,-0.041486,0.003900
0.000704,-0.001065,-5.187070,-0.026281,-0.026281,0.003900
0.001278,-0.001065,-5.599959,-0.059088,-0.059088,0.003898
0.001809,-0.006392,-5.958716,-0.028425,-0.028425,0.003897
0.002318,-0.006392,-6.244601,-0.057542,-0.057542,0.003898
0.002605,-0.014914,-6.604256,0.023683,0.023683,0.003899
0.002868,-0.018109,-6.824809,0.045305,0.045305,0.003898
0.002893,-0.020240,-6.638992,0.068338,0.068338,0.003898
0.002917,-0.020240,-6.175751,0.066873,0.066873,0.003900
0.002952,-0.017044,-5.679265,0.028074,0.028074,0.003898
0.001862,-0.007457,-5.215534,-0.019277,-0.019277,0.003901
0.000856,0.003196,-4.878678,-0.083606,-0.083606,0.003899
-0.000008,0.012783,-4.882645,-0.143907,-0.143907,0.003898
-0.000833,0.012783,-5.266961,-0.096505,-0.096505,0.004197
-0.001617,0.015979,-5.719989,-0.087903,-0.087903,0.003896
-0.000815,0.009587,-6.126749,-0.060623,-0.060623,0.003900
-0.000072,0.002131,-6.567709,-0.017719,-0.017719,0.003900
0.000640,0.002131,-7.006060,-0.058465,-0.058465,0.003900
0.001358,0.000000,-7.273401,-0.075110,-0.075110,0.003898
0.002014,-0.008522,-7.598428,-0.015173,-0.015173,0.003897
0.002259,-0.012783,-8.024838,0.019682,0.019682,0.003895
0.002478,-0.017044,-8.170687,0.056058,0.056058,0.003898
0.002688,-0.017044,-8.050247,0.044043,0.044043,0.003899
0.002478,-0.021305,-7.675325,0.104842,0.104842,0.003897
0.002321,-0.009587,-7.161453,-0.020395,-0.020395,0.003898
0.001096,-0.001065,-6.841103,-0.047820,-0.047820,0.003901
-0.000080,-0.001065,-6.824893,0.019584,0.019584,0.003895
-0.001177,0.007457,-6.900919,-0.014985,-0.014985,0.003898
-0.001450,0.008522,-6.961179,-0.011433,-0.011433,0.003901
-0.001705,0.010653,-7.037049,-0.021167,-0.021167,0.003897
-0.001949,0.010653,-7.095159,-0.007089,-0.007089,0.003896
-0.001782,0.017044,-7.222697,-0.089854,-0.089854,0.003901
-0.001629,0.014914,-7.460471,-0.074178,-0.074178,0.003896
-0.001490,0.011718,-7.857872,-0.045483,-0.045483,0.003899
-0.001357,0.011718,-8.395378,-0.052990,-0.052990,0.003901
-0.001229,0.011718,-8.964775,-0.060129,-0.060129,0.003895
-0.000545,0.005326,-9.521857,-0.026018,-0.026018,0.004236
0.000078,-0.003196,-10.007920,0.035983,0.035983,0.003900
0.000697,-0.008522,-10.190153,0.061610,0.061610,0.003895
0.001291,-0.008522,-9.985774,0.027559,0.027559,0.003899
0.001858,-0.009587,-9.555674,0.007138,0.007138,0.003896
0.001037,-0.001065,-9.201888,-0.043448,-0.043448,0.003899
0.000289,0.009587,-9.124707,-0.122571,-0.122571,0.003901
-0.000141,0.011718,-9.449398,-0.122302,-0.122302,0.003896
-0.000554,0.011718,-9.786988,-0.098468,-0.098468,0.003900
-0.000962,0.008522,-10.271824,-0.038301,-0.038301,0.003898
-0.000150,0.004261,-10.791135,-0.035936,-0.035936,0.003897
0.000609,-0.001065,-11.211266,-0.018352,-0.018352,0.003898
0.001338,-0.001065,-11.525830,-0.060041,-0.060041,0.003896
0.001884,-0.005326,-11.754059,-0.042512,-0.042512,0.003897
0.002384,-0.011718,-12.114381,0.002002,0.002002,0.003899
0.002540,-0.018109,-12.398060,0.066404,0.066404,0.003897
0.002689,-0.018109,-12.271962,0.057962,0.057962,0.003901
0.002828,-0.019175,-11.859006,0.062116,0.062116,0.003898
0.002381,-0.014914,-11.244493,0.038802,0.038802,0.003899
0.001989,-0.005326,-10.616122,-0.048659,-0.048659,0.003898
0.000746,0.009587,-10.244210,-0.148278,-0.148278,0.003901
-0.000447,0.009587,-10.333938,-0.079911,-0.079911,0.003901
-0.001571,0.014914,-10.736743,-0.076234,-0.076234,0.003920
-0.001157,0.011718,-11.182920,-0.063277,-0.063277,0.004173
-0.000771,0.009587,-11.661596,-0.060908,-0.060908,0.003895
-0.000400,0.009587,-12.121312,-0.082030,-0.082030,0.003897
0.000467,0.003196,-12.632482,-0.058434,-0.058434,0.003896
0.001275,-0.003196,-13.103397,-0.031453,-0.031453,0.003901
0.001739,-0.009587,-13.586316,0.015214,0.015214,0.003896
0.002186,-0.009587,-13.892303,-0.010218,-0.010218,0.003897
0.002590,-0.015979,-14.039614,0.039851,0.039851,0.003900
0.002663,-0.021305,-14.038995,0.096666,0.096666,0.003900
0.002750,-0.017044,-13.824729,0.042913,0.042913,0.003900
0.001909,-0.010653,-13.459062,0.017945,0.017945,0.003893
0.001102,-0.010653,-13.072505,0.064159,0.064159,0.003898
0.000375,0.002131,-12.726408,-0.040583,-0.040583,0.003900
-0.000620,0.010653,-12.584552,-0.081105,-0.081105,0.003898
-0.001552,0.017044,-12.798869,-0.100813,-0.100813,0.003897
-0.002447,0.017044,-13.240866,-0.049341,-0.049341,0.003895
-0.002224,0.021305,-13.791584,-0.110754,-0.110754,0.003902
-0.002021,0.018109,-14.223406,-0.085550,-0.085550,0.003897
-0.001233,0.010653,-14.830188,-0.045304,-0.045304,0.003897
-0.000476,0.010653,-15.270535,-0.088544,-0.088544,0.003901
0.000231,0.005326,-15.710254,-0.067987,-0.067987,0.003893
0.000922,-0.002131,-16.133696,-0.022154,-0.022154,0.003903
0.001554,-0.010653,-16.434437,0.039285,0.039285,0.003894
0.001938,-0.015979,-16.337299,0.078363,0.078363,0.004228
0.002311,-0.015979,-15.896726,0.056896,0.056896,0.003903
0.002657,-0.019175,-15.207072,0.073415,0.073415,0.003899
0.001809,-0.008522,-14.529908,-0.000138,-0.000138,0.003895
0.001044,0.004261,-13.951687,-0.102771,-0.102771,0.003903
0.000308,0.004261,-13.755474,-0.060777,-0.060777,0.003897
-0.000751,0.014914,-13.902357,-0.121937,-0.121937,0.003896
-0.001749,0.020240,-14.317147,-0.125559,-0.125559,0.003896
-0.001235,0.017044,-14.739843,-0.118336,-0.118336,0.003900
-0.000765,0.010653,-15.152175,-0.071964,-0.071964,0.003896
-0.000314,0.010653,-15.681746,-0.097693,-0.097693,0.003899
0.000457,0.004261,-16.213806,-0.068607,-0.068607,0.003899
0.001174,-0.002131,-16.781889,-0.036373,-0.036373,0.003899
0.001642,-0.009587,-17.389303,0.022297,0.022297,0.003901
0.002092,-0.009587,-17.806433,-0.003310,-0.003310,0.003898
0.002509,-0.013848,-18.076063,0.021736,0.021736,0.003895
0.002534,-0.017044,-18.122763,0.056997,0.056997,0.003900
0.002574,-0.012783,-17.988173,0.005938,0.005938,0.003896
0.002612,-0.012783,-17.756126,0.003681,0.003681,0.003901
0.001742,-0.008522,-17.595982,0.004793,0.004793,0.003896
0.000938,0.000000,-17.400791,-0.046677,-0.046677,0.003898
0.000411,0.005326,-17.436840,-0.077434,-0.077434,0.003896
-0.000084,0.008522,-17.678629,-0.085604,-0.085604,0.003897
-0.000556,0.008522,-18.026911,-0.058395,-0.058395,0.004228
-0.000132,0.007457,-18.337589,-0.070410,-0.070410,0.003904
0.000247,0.000000,-18.707262,-0.006688,-0.006688,0.003896
0.000820,-0.006392,-18.840595,0.033744,0.033744,0.003901
0.001370,-0.006392,-18.695210,0.002222,0.002222,0.003898
0.001877,-0.011718,-18.431252,0.033971,0.033971,0.003899
0.001794,-0.010653,-18.118801,0.026449,0.026449,0.003896
0.001742,-0.003196,-17.863434,-0.056060,-0.056060,0.003897
0.000987,0.005326,-17.687342,-0.110329,-0.110329,0.003895
0.000261,0.005326,-17.952997,-0.068739,-0.068739,0.003896
-0.000415,0.010653,-18.460760,-0.090756,-0.090756,0.003898
-0.000022,0.006392,-19.096491,-0.064367,-0.064367,0.003897
0.000328,-0.001065,-19.790400,0.001168,0.001168,0.003900
0.000664,-0.001065,-20.318302,-0.017838,-0.017838,0.003900
0.001433,-0.004261,-20.725616,-0.025197,-0.025197,0.003899
0.002163,-0.006392,-21.032446,-0.042578,-0.042578,0.003897
0.002086,-0.007457,-21.462393,-0.025825,-0.025825,0.003900
0.002012,-0.007457,-21.766306,-0.021396,-0.021396,0.003895
0.001933,-0.009587,-22.121265,0.007663,0.007663,0.003901
0.002131,-0.017044,-22.114510,0.081785,0.081785,0.003897
0.002317,-0.018109,-21.854155,0.083273,0.083273,0.003899
0.001922,-0.012783,-21.205051,0.044908,0.044908,0.003899
0.001542,-0.012783,-20.339134,0.066453,0.066453,0.003901
0.001213,-0.003196,-19.497107,-0.024733,-0.024733,0.004195
-0.000004,0.007457,-18.908604,-0.077162,-0.077162,0.003900
-0.001128,0.019175,-18.758574,-0.146999,-0.146999,0.003902
-0.002206,0.019175,-18.946550,-0.085085,-0.085085,0.003900
-0.002233,0.023436,-19.247765,-0.132258,-0.132258,0.003898
-0.002275,0.019175,-19.762705,-0.080967,-0.080967,0.003898
-0.001327,0.013848,-20.345675,-0.074195,-0.074195,0.003896
-0.000430,0.010653,-20.963448,-0.088928,-0.088928,0.003903
0.000432,0.010653,-21.634596,-0.138165,-0.138165,0.003896
0.001151,0.005326,-22.437311,-0.118205,-0.118205,0.003902
0.001797,-0.006392,-23.258310,-0.020847,-0.020847,0.003895
0.002427,-0.012783,-23.922750,0.016442,0.016442,0.003901
0.003033,-0.012783,-24.280571,-0.018059,-0.018059,0.003897
0.003602,-0.015979,-24.530933,-0.014020,-0.014020,0.003901
0.003440,-0.014914,-24.493900,-0.016833,-0.016833,0.003898
0.003285,-0.014914,-24.507635,-0.007940,-0.007940,0.003897
0.003136,-0.014914,-24.351089,0.000619,0.000619,0.003898
0.002875,-0.014914,-24.161600,0.015560,0.015560,0.003897
0.002628,-0.013848,-23.777651,0.017468,0.017468,0.003904
0.002402,-0.009587,-23.360287,-0.018477,-0.018477,0.003897
0.002185,-0.009587,-23.020565,-0.006173,-0.006173,0.003900
0.002000,-0.003196,-22.918430,-0.068883,-0.068883,0.003898
0.001592,0.003196,-23.041018,-0.118657,-0.118657,0.003896
0.001201,0.003196,-23.455931,-0.096153,-0.096153,0.004170
0.001410,0.000000,-24.144808,-0.071380,-0.071380,0.003896
0.001610,0.000000,-24.956051,-0.082601,-0.082601,0.003897
0.001795,-0.002131,-25.855701,-0.068463,-0.068463,0.003898
0.002457,-0.009587,-26.742022,-0.020763,-0.020763,0.003903
0.003065,-0.017044,-27.521065,0.030047,0.030047,0.003892
0.003648,-0.017044,-27.844917,-0.003147,-0.003147,0.003903
0.003929,-0.022371,-27.843258,0.041830,0.041830,0.003897
0.004194,-0.023436,-27.487091,0.038772,0.038772,0.003901
0.003487,-0.019175,-26.800274,0.030476,0.030476,0.003896
0.002840,-0.010653,-25.917377,-0.030191,-0.030191,0.003900
0.002219,-0.010653,-25.174225,0.005139,0.005139,0.003903
0.001125,-0.002131,-24.708912,-0.029904,-0.029904,0.003898
0.000099,0.004261,-24.429523,-0.044329,-0.044329,0.003897
0.000030,0.007457,-24.451145,-0.077102,-0.077102,0.003927
-0.000035,0.007457,-24.756426,-0.073311,-0.073311,0.003900
-0.000095,0.008522,-25.241285,-0.081981,-0.081981,0.003901
0.000544,0.002131,-25.909246,-0.045284,-0.045284,0.003898
0.001129,-0.005326,-26.773432,0.006754,0.006754,0.003902
0.001690,-0.005326,-27.533482,-0.025154,-0.025154,0.003895
0.002211,-0.008522,-28.044060,-0.018162,-0.018162,0.003899
0.002683,-0.015979,-28.462301,0.040310,0.040310,0.003899
0.002572,-0.014914,-28.571526,0.034668,0.034668,0.003898
0.002465,-0.013848,-28.258446,0.028648,0.028648,0.004202
0.002367,-0.013848,-27.661835,0.034172,0.034172,0.003897
0.001611,-0.007457,-26.952900,0.004140,0.004140,0.003897
0.000934,0.005326,-26.272881,-0.103594,-0.103594,0.003900
0.000153,0.012783,-25.843567,-0.144350,-0.144350,0.003902
-0.000597,0.012783,-25.816723,-0.101430,-0.101430,0.003901
-0.001293,0.019175,-26.198099,-0.134640,-0.134640,0.003923
-0.000700,0.013848,-26.652290,-0.107597,-0.107597,0.003900
-0.000142,0.010653,-27.320755,-0.102866,-0.102866,0.003901
0.000629,0.004261,-28.172291,-0.073722,-0.073722,0.003896
0.001370,0.004261,-29.078541,-0.115905,-0.115905,0.003901
0.002048,-0.004261,-30.022213,-0.056968,-0.056968,0.003899
0.002602,-0.010653,-30.903322,-0.015195,-0.015195,0.003897
0.003097,-0.020240,-31.406189,0.066474,0.066474,0.003900
0.003573,-0.020240,-31.435005,0.039365,0.039365,0.003899
0.003838,-0.025566,-30.874929,0.085134,0.085134,0.003901
0.004112,-0.020240,-29.910879,0.008165,0.008165,0.003897
0.002978,-0.009587,-28.955111,-0.049041,-0.049041,0.003899
0.001889,-0.009587,-28.387831,0.013103,0.013103,0.003898
0.000872,-0.002131,-28.086765,-0.014065,-0.014065,0.003900
0.000281,-0.001065,-27.904465,0.007578,0.007578,0.003900
-0.000271,0.003196,-28.034920,-0.009591,-0.009591,0.003899
-0.000099,0.005326,-28.313736,-0.043802,-0.043802,0.003897
0.000067,0.005326,-28.817028,-0.053246,-0.053246,0.004169
0.000246,0.010653,-29.656923,-0.124259,-0.124259,0.003898
0.000289,0.009587,-30.593832,-0.114224,-0.114224,0.003899
0.000311,0.004261,-31.408108,-0.054123,-0.054123,0.003896
0.000332,0.004261,-32.039810,-0.055000,-0.055000,0.003902
0.000988,0.000000,-32.449661,-0.043597,-0.043597,0.003895
0.001605,-0.003196,-32.602890,-0.042288,-0.042288,0.003900
0.002242,-0.012783,-32.531044,0.030916,0.030916,0.003901
0.002826,-0.020240,-32.258858,0.082701,0.082701,0.003898
0.003387,-0.020240,-31.722746,0.050381,0.050381,0.003900
0.003210,-0.019175,-31.162745,0.048144,0.048144,0.003897
0.003068,-0.011718,-30.726307,-0.029285,-0.029285,0.003898
0.001892,0.002131,-30.750341,-0.120454,-0.120454,0.003901
0.000763,0.002131,-31.365473,-0.055596,-0.055596,0.003898
-0.000297,0.008522,-32.266369,-0.067638,-0.067638,0.003902
-0.000264,0.008522,-33.326748,-0.069180,-0.069180,0.003894
-0.000248,0.004261,-34.043350,-0.020885,-0.020885,0.003902
-0.000232,0.004261,-34.485939,-0.021474,-0.021474,0.003896
0.000470,0.003196,-34.379871,-0.049473,-0.049473,0.003900
0.001133,0.000000,-33.991516,-0.051004,-0.051004,0.003898
0.001436,-0.008522,-33.634792,0.028997,0.028997,0.003900
0.001727,-0.008522,-33.225918,0.012144,0.012144,0.003898
0.001986,-0.013848,-32.770214,0.058061,0.058061,0.003900
0.001978,-0.013848,-32.408081,0.058371,0.058371,0.004198
0.002005,-0.005326,-32.160027,-0.040924,-0.040924,0.003900
0.001113,0.004261,-32.305794,-0.099544,-0.099544,0.003896
0.000257,0.004261,-33.029411,-0.050295,-0.050295,0.003898
-0.000537,0.011718,-33.930317,-0.089748,-0.089748,0.003900
-0.000431,0.007457,-34.768353,-0.046678,-0.046678,0.003896
-0.000358,0.000000,-35.326054,0.034798,0.034798,0.003900
-0.000287,0.000000,-35.356232,0.030960,0.030960,0.003901
0.000524,-0.001065,-34.771580,-0.003432,-0.003432,0.003898
0.001291,-0.004261,-33.943165,-0.011134,-0.011134,0.003902
0.000825,-0.002131,-33.348690,-0.009109,-0.009109,0.003898
0.000402,0.004261,-33.176556,-0.058215,-0.058215,0.003898
-0.000004,0.004261,-33.427448,-0.034947,-0.034947,0.003899
-0.000266,0.001065,-34.108086,0.016782,0.016782,0.003897
-0.000521,0.000000,-34.934978,0.043923,0.043923,0.003902
-0.000063,-0.003196,-35.462978,0.054545,0.054545,0.003896
0.000376,-0.003196,-35.521763,0.029512,0.029512,0.003899
0.000822,0.003196,-35.196190,-0.069252,-0.069252,0.003901
-0.000075,0.011718,-34.757702,-0.115407,-0.115407,0.003896
-0.000905,0.020240,-34.500401,-0.165505,-0.165505,0.003900
-0.001701,0.020240,-34.240059,-0.119871,-0.119871,0.003901
-0.001593,0.019175,-34.062973,-0.114004,-0.114004,0.003898
-0.001512,0.012783,-34.016121,-0.045502,-0.045502,0.003897
-0.000618,0.010653,-34.309544,-0.072499,-0.072499,0.004238
0.000213,0.004261,-35.052078,-0.046946,-0.046946,0.003894
0.001011,0.004261,-36.062443,-0.092472,-0.092472,0.003897
0.001602,-0.004261,-37.309971,-0.028458,-0.028458,0.003901
0.002142,-0.011718,-38.440536,0.026420,0.026420,0.003903
0.002396,-0.018109,-39.038784,0.085451,0.085451,0.003895
0.002640,-0.018109,-38.869717,0.071679,0.071679,0.003898
0.002870,-0.019175,-37.992352,0.070578,0.070578,0.003899
0.002359,-0.010653,-36.774040,0.002000,0.002000,0.003900
0.001909,0.000000,-35.658478,-0.094575,-0.094575,0.003896
0.000713,0.011718,-35.149311,-0.160512,-0.160512,0.003898
-0.000434,0.011718,-35.316143,-0.094799,-0.094799,0.003901
-0.001520,0.015979,-36.071842,-0.081138,-0.081138,0.003894
-0.001065,0.014914,-37.240063,-0.094798,-0.094798,0.003900
-0.000635,0.012783,-38.562664,-0.094587,-0.094587,0.003898
-0.000223,0.012783,-39.794170,-0.117717,-0.117717,0.003898
0.000674,0.009587,-40.653564,-0.132159,-0.132159,0.003896
0.001511,0.003196,-40.927307,-0.106735,-0.106735,0.003905
0.002091,-0.007457,-40.631104,-0.017965,-0.017965,0.003899
0.002647,-0.007457,-39.992867,-0.050052,-0.050052,0.003894
0.003150,-0.015979,-39.381855,0.018398,0.018398,0.003900
0.003525,-0.017044,-39.116261,0.008778,0.008778,0.003900
0.003874,-0.020240,-39.131535,0.025239,0.025239,0.003898
0.003291,-0.020240,-39.471500,0.058702,0.058702,0.004201
0.002738,-0.020240,-39.999615,0.090620,0.090620,0.003896
0.002227,-0.014914,-40.254017,0.059224,0.059224,0.003898
0.001431,-0.005326,-40.063183,-0.004703,-0.004703,0.003900
0.000710,0.006392,-39.535419,-0.097552,-0.097552,0.003898
0.000019,0.006392,-39.002983,-0.058044,-0.058044,0.003898
-0.000724,0.018109,-38.597565,-0.149753,-0.149753,0.003900
-0.001429,0.020240,-38.385948,-0.133815,-0.133815,0.003900
-0.000853,0.014914,-38.548660,-0.105984,-0.105984,0.003901
-0.000325,0.008522,-39.163010,-0.063104,-0.063104,0.003895
0.000183,0.008522,-40.245255,-0.091999,-0.091999,0.003900
0.001203,0.003196,-41.534542,-0.089170,-0.089170,0.003899
0.002150,-0.005326,-42.845901,-0.045495,-0.045495,0.003895
0.002575,-0.012783,-43.702343,0.016014,0.016014,0.003900
0.002982,-0.012783,-43.741650,-0.007056,-0.007056,0.003901
0.003350,-0.019175,-43.015884,0.045020,0.045020,0.003898
0.003358,-0.023436,-41.892002,0.093051,0.093051,0.003901
0.003373,-0.021305,-40.750145,0.067299,0.067299,0.003895
0.003388,-0.021305,-39.879040,0.065971,0.065971,0.003898
0.002480,-0.010653,-39.653942,-0.004180,-0.004180,0.003897
0.001653,0.001065,-39.976219,-0.090867,-0.090867,0.003901
0.000468,0.013848,-40.766296,-0.169013,-0.169013,0.003896
-0.000642,0.021305,-41.877930,-0.190319,-0.190319,0.003899
-0.001700,0.021305,-42.565056,-0.129062,-0.129062,0.004230
-0.001032,0.014914,-42.714966,-0.094008,-0.094008,0.003903
-0.000406,0.010653,-42.473057,-0.081109,-0.081109,0.003897
0.000187,0.008522,-42.044407,-0.090883,-0.090883,0.003902
0.000756,0.008522,-41.988789,-0.123759,-0.123759,0.003898
0.001275,0.001065,-42.497864,-0.068204,-0.068204,0.003899
0.001834,-0.006392,-43.685509,-0.014730,-0.014730,0.003900
0.002346,-0.012783,-45.159153,0.029487,0.029487,0.003902
0.002838,-0.012783,-46.332191,0.001824,0.001824,0.003898
0.003070,-0.014914,-46.689304,0.013385,0.013385,0.003899
0.003304,-0.011718,-46.180840,-0.036521,-0.036521,0.003898
0.002689,-0.006392,-45.096035,-0.062360,-0.062360,0.003898
0.002102,-0.005326,-44.043163,-0.041296,-0.041296,0.003902
0.001539,-0.005326,-43.518566,-0.009371,-0.009371,0.003898
0.001566,-0.006392,-43.561104,0.001055,0.001055,0.003897
0.001572,-0.011718,-44.106686,0.061704,0.061704,0.003900
0.001768,-0.010653,-44.970448,0.038465,0.038465,0.003901
0.001956,-0.010653,-45.539894,0.028002,0.028002,0.003902
0.002153,-0.006392,-45.590679,-0.031849,-0.031849,0.003897
0.001249,0.001065,-45.201588,-0.065281,-0.065281,0.003899
0.000410,0.008522,-44.647270,-0.102572,-0.102572,0.003898
-0.000396,0.008522,-44.068348,-0.056494,-0.056494,0.003900
-0.000458,0.009587,-43.931843,-0.065362,-0.065362,0.003899
-0.000528,0.006392,-44.434910,-0.024828,-0.024828,0.004197
0.000304,0.002131,-45.597736,-0.023636,-0.023636,0.003898
0.001075,-0.005326,-46.901596,0.017927,0.017927,0.003899
0.001815,-0.005326,-47.910412,-0.024049,-0.024049,0.003896
0.002113,-0.011718,-48.145626,0.032426,0.032426,0.003901
0.002403,-0.010653,-47.538631,0.003670,0.003670,0.003899
0.002134,-0.009587,-46.299870,0.006690,0.006690,0.003897
0.001875,-0.009587,-45.078773,0.021028,0.021028,0.003897
0.001647,-0.004261,-44.311954,-0.027342,-0.027342,0.003899
0.001074,0.003196,-44.456940,-0.080118,-0.080118,0.003898
0.000540,0.007457,-45.449863,-0.098166,-0.098166,0.003897
0.000475,0.009587,-46.963146,-0.118410,-0.118410,0.003901
0.000412,0.009587,-48.284962,-0.114199,-0.114199,0.003897
0.000340,0.006392,-48.878025,-0.072936,-0.072936,0.003897
0.000919,0.000000,-48.721401,-0.032753,-0.032753,0.003900
0.001454,-0.005326,-48.065514,-0.002599,-0.002599,0.003897
0.001968,-0.005326,-47.492481,-0.032395,-0.032395,0.003903
0.002461,-0.007457,-47.521065,-0.036552,-0.036552,0.003897
0.002911,-0.013848,-48.604778,0.010830,0.010830,0.003902
0.002823,-0.017044,-50.158596,0.052866,0.052866,0.003897
0.002740,-0.017044,-51.177391,0.058309,0.058309,0.003898
0.002655,-0.018109,-51.102604,0.075763,0.075763,0.003897
0.001952,-0.010653,-49.655483,0.030789,0.030789,0.003901
0.001325,0.002131,-47.709812,-0.080126,-0.080126,0.004201
0.000271,0.012783,-46.182564,-0.142377,-0.142377,0.003899
-0.000740,0.012783,-45.821579,-0.084919,-0.084919,0.003895
-0.001687,0.019175,-46.392208,-0.103855,-0.103855,0.003898
-0.001306,0.017044,-47.869709,-0.101115,-0.101115,0.003901
-0.000948,0.014914,-49.457764,-0.096666,-0.096666,0.003896
-0.000604,0.014914,-50.598289,-0.115744,-0.115744,0.003900
0.000348,0.009587,-50.849701,-0.109019,-0.109019,0.003901
0.001235,0.002131,-50.423412,-0.074475,-0.074475,0.003898
0.001978,-0.005326,-49.800598,-0.031956,-0.031956,0.003901
0.002663,-0.012783,-49.798672,0.013792,0.013792,0.003898
0.003321,-0.012783,-50.534569,-0.023997,-0.023997,0.003901
0.003781,-0.018109,-51.766884,0.010837,0.010837,0.003895
0.004219,-0.019175,-52.971531,-0.001616,-0.001616,0.003900
0.003925,-0.018109,-53.350582,0.003551,0.003551,0.003900
0.003643,-0.018109,-52.631725,0.019900,0.019900,0.003901
0.003385,-0.014914,-51.191887,-0.002124,-0.002124,0.003898
0.002882,-0.013848,-49.844978,0.013956,0.013956,0.003900
0.002416,-0.009587,-49.244408,-0.008583,-0.008583,0.003896
0.001968,-0.009587,-49.708313,0.016894,0.016894,0.003900
0.001603,-0.003196,-50.902008,-0.035094,-0.035094,0.003900
0.001272,0.002131,-52.078388,-0.076572,-0.076572,0.003901
0.000938,0.006392,-52.800968,-0.105693,-0.105693,0.003896
0.000611,0.004261,-52.583149,-0.062207,-0.062207,0.004199
0.000295,0.004261,-51.847130,-0.044179,-0.044179,0.003896
0.000770,0.001065,-51.321587,-0.035195,-0.035195,0.003896
0.001211,-0.003196,-51.702110,-0.011921,-0.011921,0.003899
0.001772,-0.006392,-53.095863,-0.007420,-0.007420,0.003899
0.002311,-0.006392,-54.800144,-0.037800,-0.037800,0.003899
0.002820,-0.008522,-56.036404,-0.041963,-0.041963,0.003903
0.002606,-0.009587,-56.161015,-0.016970,-0.016970,0.003896
0.002393,-0.011718,-55.020199,0.019732,0.019732,0.003900
0.002188,-0.011718,-53.423615,0.031033,0.031033,0.003899
0.002202,-0.015979,-52.293472,0.078320,0.078320,0.003897
0.002224,-0.013848,-52.080414,0.052205,0.052205,0.003902
0.001503,-0.005326,-52.742878,-0.004014,-0.004014,0.003896
0.000855,0.006392,-53.573219,-0.100638,-0.100638,0.003903
0.000232,0.006392,-54.093464,-0.064532,-0.064532,0.003897
-0.000508,0.013848,-53.893467,-0.107176,-0.107176,0.003899
-0.001215,0.014914,-53.180946,-0.078871,-0.078871,0.003899
-0.000413,0.008522,-52.662544,-0.052068,-0.052068,0.003904
0.000357,0.008522,-53.032658,-0.096512,-0.096512,0.003896
0.001081,0.004261,-54.490265,-0.089125,-0.089125,0.003897
0.001735,-0.006392,-56.402550,-0.004162,-0.004162,0.003899
0.002327,-0.015979,-57.664028,0.072359,0.072359,0.003902
0.002896,-0.015979,-57.196384,0.040209,0.040209,0.003897
0.003110,-0.022371,-55.393749,0.100873,0.100873,0.004235
0.003339,-0.018109,-53.476738,0.038199,0.038199,0.003899
0.002246,-0.006392,-52.450535,-0.033926,-0.033926,0.003899
0.001228,0.002131,-52.852039,-0.073445,-0.073445,0.003900
0.000251,0.002131,-54.411064,-0.017154,-0.017154,0.003900
-0.000443,0.008522,-55.894024,-0.049787,-0.049787,0.003897
-0.001102,0.010653,-56.377132,-0.035726,-0.035726,0.003900
-0.000539,0.009587,-55.802223,-0.055677,-0.055677,0.003900
0.000001,0.009587,-54.849052,-0.086963,-0.086963,0.003900
0.000524,0.010653,-54.573895,-0.129586,-0.129586,0.003901
0.000969,0.006392,-55.562199,-0.106479,-0.106479,0.003896
0.001369,-0.001065,-57.645966,-0.043643,-0.043643,0.003901
0.001786,-0.008522,-59.637463,0.018624,0.018624,0.003898
0.002186,-0.008522,-60.302746,-0.003556,-0.003556,0.003901
0.002558,-0.011718,-59.028873,0.011913,0.011913,0.003900
0.002515,-0.012783,-57.021450,0.026045,0.026045,0.003899
0.002490,-0.008522,-55.602467,-0.022114,-0.022114,0.003901
0.002466,-0.008522,-55.527245,-0.021311,-0.021311,0.003894
0.001816,-0.003196,-56.765133,-0.044983,-0.044983,0.003903
0.001208,0.001065,-58.448433,-0.058331,-0.058331,0.003897
0.001212,0.002131,-59.262508,-0.070074,-0.070074,0.003898
0.001216,0.002131,-58.932766,-0.069970,-0.069970,0.003899
0.001208,-0.001065,-57.923576,-0.033051,-0.033051,0.003900
0.002062,-0.006392,-57.754875,-0.021506,-0.021506,0.004206
0.002859,-0.012783,-58.799683,0.005802,0.005802,0.003894
0.003104,-0.020240,-60.516430,0.077522,0.077522,0.003899
0.003339,-0.020240,-61.638763,0.064716,0.064716,0.003902
0.003541,-0.026632,-61.010395,0.126748,0.126748,0.003898
0.002885,-0.021305,-58.958538,0.103169,0.103169,0.003899
0.002308,-0.007457,-56.794453,-0.023042,-0.023042,0.003900
0.001754,-0.007457,-55.813370,0.007916,0.007916,0.003901
0.000402,0.005326,-56.526215,-0.061180,-0.061180,0.003901
-0.000864,0.013848,-58.194294,-0.085737,-0.085737,0.003898
-0.000952,0.015979,-59.700932,-0.104386,-0.104386,0.003898
-0.001041,0.014914,-60.023750,-0.086490,-0.086490,0.003898
-0.001125,0.014914,-59.224289,-0.081481,-0.081481,0.003902
-0.000341,0.011718,-58.322086,-0.090268,-0.090268,0.003899
0.000384,0.004261,-58.552753,-0.046912,-0.046912,0.003900
0.000854,-0.001065,-60.331421,-0.012873,-0.012873,0.003897
0.001306,-0.001065,-62.640724,-0.038095,-0.038095,0.003901
0.001720,-0.006392,-63.906246,0.000061,0.000061,0.003901
0.002033,-0.010653,-63.148212,0.031387,0.031387,0.003899
0.002329,-0.011718,-61.042194,0.026246,0.026246,0.003900
0.002614,-0.011718,-59.222179,0.009036,0.009036,0.003896
0.002141,-0.011718,-58.812115,0.035446,0.035446,0.003898
0.001719,-0.003196,-59.988033,-0.038046,-0.038046,0.003900
0.001006,0.004261,-61.257683,-0.081985,-0.081985,0.004200
0.000337,0.008522,-61.735363,-0.091784,-0.091784,0.003900
-0.000306,0.008522,-61.135456,-0.054664,-0.054664,0.003899
-0.000110,0.009587,-60.113811,-0.078374,-0.078374,0.003901
0.000046,0.001065,-60.121853,0.009785,0.009785,0.003902
0.000849,0.000000,-61.466171,-0.024150,-0.024150,0.003898
0.001620,0.000000,-63.343674,-0.067888,-0.067888,0.003900
0.002341,-0.005326,-64.448944,-0.047513,-0.047513,0.003899
0.002475,-0.009587,-64.043793,-0.005981,-0.005981,0.003903
0.002600,-0.010653,-62.499245,-0.001119,-0.001119,0.003897
0.002794,-0.018109,-61.201065,0.072437,0.072437,0.003901
0.002981,-0.018109,-61.401909,0.061171,0.061171,0.003898
0.003164,-0.017044,-62.709770,0.038524,0.038524,0.003898
0.002429,-0.005326,-63.816170,-0.052833,-0.052833,0.003901
0.001746,0.001065,-63.679760,-0.086361,-0.086361,0.003903
0.001092,0.001065,-62.579880,-0.048793,-0.048793,0.003900
0.000283,0.007457,-61.427166,-0.075966,-0.075966,0.003897
-0.000493,0.007457,-61.598816,-0.031845,-0.031845,0.003896
0.000215,0.002131,-63.463745,-0.011516,-0.011516,0.003904
0.000896,0.002131,-65.790359,-0.049841,-0.049841,0.003896
0.001549,0.002131,-66.849403,-0.086414,-0.086414,0.003903
0.001832,0.003196,-65.870872,-0.114419,-0.114419,0.003895
0.002084,-0.002131,-63.826515,-0.068293,-0.068293,0.003902
0.002348,-0.006392,-63.088188,-0.035517,-0.035517,0.004233
0.002603,-0.006392,-64.218895,-0.050497,-0.050497,0.003899
0.002812,-0.015979,-66.476395,0.047697,0.047697,0.003900
0.003189,-0.020240,-67.832558,0.075763,0.075763,0.003899
0.003535,-0.024501,-66.928291,0.105239,0.105239,0.003898
0.003867,-0.024501,-64.738586,0.085803,0.085803,0.003899
0.003286,-0.020240,-63.398342,0.069485,0.069485,0.003901
0.002776,-0.007457,-63.736603,-0.048133,-0.048133,0.003897
0.001551,0.003196,-65.196007,-0.099563,-0.099563,0.003899
0.000375,0.003196,-66.332634,-0.031395,-0.031395,0.003900
-0.000718,0.012783,-65.945496,-0.077883,-0.077883,0.003901
-0.000551,0.010653,-64.367973,-0.063284,-0.063284,0.003902
-0.000410,0.005326,-63.325794,-0.011054,-0.011054,0.003897
0.000329,0.000000,-64.109688,0.007045,0.007045,0.003898
0.001039,0.000000,-66.162727,-0.033386,-0.033386,0.003903
0.001704,-0.004261,-67.819054,-0.021970,-0.021970,0.003897
0.001550,-0.004261,-67.790802,-0.012439,-0.012439,0.003898
0.001410,-0.002131,-66.249878,-0.028801,-0.028801,0.003901
0.001275,-0.002131,-65.075592,-0.021713,-0.021713,0.003901
0.001113,-0.003196,-65.760986,-0.000645,-0.000645,0.003895
0.000960,-0.002131,-68.002617,-0.003808,-0.003808,0.003901
0.000932,-0.002131,-69.752045,-0.001261,-0.001261,0.003898
0.000905,-0.002131,-69.112564,0.001020,0.001020,0.003899
0.000874,-0.003196,-66.721268,0.014737,0.014737,0.004204
0.000490,0.003196,-64.775314,-0.037408,-0.037408,0.003898
0.000139,0.007457,-64.768021,-0.066776,-0.066776,0.003897
-0.000166,0.012783,-66.673088,-0.110269,-0.110269,0.003897
-0.000458,0.012783,-68.683807,-0.092702,-0.092702,0.003898
-0.000747,0.010653,-68.957153,-0.050914,-0.050914,0.003900
0.000096,0.004261,-67.772789,-0.026054,-0.026054,0.003897
0.000878,-0.003196,-66.997116,0.013944,0.013944,0.003898
0.001628,-0.003196,-67.913483,-0.029464,-0.029464,0.003900
0.002280,-0.010653,-69.968582,0.018811,0.018811,0.003900
0.002898,-0.012783,-71.217781,0.008531,0.008531,0.003897
0.002731,-0.012783,-70.222244,0.018664,0.018664,0.003898
0.002574,-0.011718,-67.870911,0.015071,0.015071,0.003903
0.002424,-0.011718,-66.386414,0.022753,0.022753,0.003898
0.001858,-0.007457,-67.029602,0.005855,0.005855,0.003897
0.001343,0.000000,-68.898201,-0.049660,-0.049660,0.003900
0.000744,0.006392,-70.112152,-0.087640,-0.087640,0.003898
0.000168,0.006392,-69.532959,-0.054093,-0.054093,0.003898
-0.000364,0.011718,-68.064117,-0.084727,-0.084727,0.003902
-0.000116,0.008522,-67.749596,-0.062985,-0.062985,0.003897
0.000102,0.003196,-69.677620,-0.014666,-0.014666,0.003898
0.000311,0.003196,-72.430855,-0.025903,-0.025903,0.003898
0.000802,0.000000,-73.431702,-0.016395,-0.016395,0.003900
0.001256,-0.004261,-71.520348,0.006705,0.006705,0.004203
0.001160,-0.004261,-69.088806,0.011482,0.011482,0.003895
0.001079,-0.001065,-68.352486,-0.021450,-0.021450,0.003898
0.001001,-0.001065,-69.864983,-0.017286,-0.017286,0.003899
0.000677,0.003196,-71.793465,-0.046856,-0.046856,0.003900
0.000371,0.004261,-72.123840,-0.040642,-0.040642,0.003895
0.000459,0.004261,-70.765137,-0.045558,-0.045558,0.003900
0.000543,0.004261,-69.782959,-0.050964,-0.050964,0.003898
0.000608,0.000000,-70.995949,-0.006324,-0.006324,0.003898
0.001294,-0.008522,-73.556190,0.052321,0.052321,0.003897
0.001933,-0.013848,-74.707474,0.077654,0.077654,0.003899
0.002032,-0.015979,-72.992325,0.096826,0.096826,0.003900
0.002127,-0.015979,-70.181458,0.090660,0.090660,0.003900
0.002246,-0.008522,-68.725723,-0.002709,-0.002709,0.003898
0.001003,0.001065,-69.735657,-0.041619,-0.041619,0.003901
-0.000140,0.014914,-71.833733,-0.134130,-0.134130,0.003894
-0.001236,0.014914,-72.654701,-0.070286,-0.070286,0.003900
-0.001573,0.019175,-71.542435,-0.099350,-0.099350,0.003901
-0.001905,0.017044,-70.227310,-0.056349,-0.056349,0.003898
-0.001162,0.012783,-70.943626,-0.050817,-0.050817,0.003898
-0.000448,0.012783,-73.759605,-0.091528,-0.091528,0.003900
0.000225,0.009587,-76.104408,-0.092463,-0.092463,0.003898
0.000729,0.004261,-75.648483,-0.059456,-0.059456,0.003898
0.001188,-0.002131,-73.256271,-0.012831,-0.012831,0.004231
0.001605,-0.008522,-71.996460,0.035382,0.035382,0.003901
0.002006,-0.008522,-73.164909,0.011845,0.011845,0.003899
0.002379,-0.011718,-75.180855,0.027498,0.027498,0.003899
0.002142,-0.008522,-75.416603,0.005364,0.005364,0.003898
0.001934,-0.003196,-73.645569,-0.043580,-0.043580,0.003899
0.001734,-0.003196,-72.077873,-0.032848,-0.032848,0.003898
0.001097,0.000000,-72.754761,-0.033452,-0.033452,0.003900
0.000505,0.005326,-75.297440,-0.060137,-0.060137,0.003900
0.001053,0.001065,-76.931717,-0.041843,-0.041843,0.003898
0.001580,0.001065,-75.928459,-0.071442,-0.071442,0.003895
0.002062,-0.005326,-73.903152,-0.026363,-0.026363,0.003903
0.002688,-0.012783,-73.663895,0.022249,0.022249,0.003899
0.003260,-0.020240,-75.689964,0.074632,0.074632,0.003897
0.003182,-0.023436,-77.745285,0.116530,0.116530,0.003898
0.003107,-0.023436,-77.118011,0.121674,0.121674,0.003897
0.003059,-0.017044,-74.497604,0.051002,0.051002,0.003899
0.001758,-0.003196,-72.786087,-0.033845,-0.033845,0.003899
0.000568,0.012783,-73.782806,-0.149136,-0.149136,0.003898
-0.000574,0.012783,-76.346260,-0.083120,-0.083120,0.003900
-0.001569,0.026632,-77.530472,-0.183460,-0.183460,0.003897
-0.002516,0.028762,-75.668854,-0.152964,-0.152964,0.003898
-0.001721,0.023436,-73.461090,-0.138420,-0.138420,0.003901
-0.000968,0.019175,-73.707581,-0.133783,-0.133783,0.004198
-0.000251,0.019175,-76.258377,-0.174876,-0.174876,0.003897
0.000596,0.015979,-78.303917,-0.185913,-0.185913,0.003900
0.001377,0.007457,-77.779343,-0.132398,-0.132398,0.003897
0.002072,-0.002131,-76.268593,-0.062742,-0.062742,0.003900
0.002739,-0.002131,-76.672966,-0.101654,-0.101654,0.003897
0.003351,-0.009587,-79.372726,-0.051277,-0.051277,0.003901
0.004014,-0.018109,-81.497139,0.009281,0.009281,0.003896
0.004615,-0.027697,-80.540573,0.085391,0.085391,0.003901
0.005192,-0.027697,-77.841087,0.051850,0.051850,0.003894
0.005329,-0.035154,-76.775925,0.128246,0.128246,0.003900
0.005476,-0.030893,-78.393646,0.070559,0.070559,0.003899
0.004156,-0.019175,-79.921974,0.012913,0.012913,0.003900
0.002945,-0.004261,-78.920410,-0.087599,-0.087599,0.003898
0.001781,-0.004261,-76.544701,-0.021196,-0.021196,0.003898
0.000652,0.006392,-75.948952,-0.079262,-0.079262,0.003896
-0.000416,0.010653,-78.272911,-0.066938,-0.066938,0.003898
-0.000226,0.015979,-81.187088,-0.137888,-0.137888,0.003898
-0.000043,0.015979,-81.227203,-0.147183,-0.147183,0.003899
0.000120,0.012783,-78.678253,-0.119963,-0.119963,0.003900
0.000748,0.005326,-77.136124,-0.071721,-0.071721,0.003902
0.001339,0.002131,-78.736084,-0.069716,-0.069716,0.003895
0.001907,0.002131,-81.748032,-0.101652,-0.101652,0.003904
0.002372,-0.004261,-82.230293,-0.053961,-0.053961,0.004199
0.002792,-0.011718,-80.557800,0.007487,0.007487,0.003897
0.003486,-0.021305,-80.047043,0.076709,0.076709,0.003900
0.004124,-0.028762,-81.946548,0.125215,0.125215,0.003900
0.004736,-0.028762,-83.703064,0.090799,0.090799,0.003897
0.004390,-0.027697,-82.340622,0.099202,0.099202,0.003900
0.004098,-0.017044,-79.068962,-0.006523,-0.006523,0.003899
0.002795,-0.006392,-77.513611,-0.054961,-0.054961,0.003900
0.001544,-0.006392,-79.311623,0.016263,0.016263,0.003899
0.000383,0.004261,-81.809074,-0.038257,-0.038257,0.003897
0.000140,0.007457,-81.658012,-0.059856,-0.059856,0.003901
-0.000082,0.010653,-79.601700,-0.083788,-0.083788,0.003904
0.000163,0.010653,-79.164383,-0.098708,-0.098708,0.003894
0.000399,0.010653,-81.877327,-0.112403,-0.112403,0.003898
0.000605,0.005326,-84.878357,-0.062145,-0.062145,0.003900
0.001058,0.002131,-84.477158,-0.050359,-0.050359,0.003898
0.001481,-0.001065,-81.616966,-0.038239,-0.038239,0.003900
0.001887,-0.001065,-80.552559,-0.062742,-0.062742,0.003897
0.002327,-0.004261,-82.797646,-0.051848,-0.051848,0.003897
0.002725,-0.010653,-85.392105,-0.000627,-0.000627,0.003898
0.003291,-0.018109,-84.977837,0.053286,0.053286,0.003897
0.003834,-0.018109,-82.764404,0.021904,0.021904,0.003902
0.004328,-0.025566,-82.684067,0.077995,0.077995,0.003896
0.003960,-0.024501,-84.876930,0.086915,0.086915,0.004204
0.003658,-0.012783,-85.445549,-0.028968,-0.028968,0.003895
0.002648,-0.009587,-82.921196,-0.007329,-0.007329,0.003898
0.001679,-0.009587,-80.369644,0.047308,0.047308,0.003898
0.000780,-0.001065,-80.882545,0.000313,0.000313,0.003901
0.000426,0.003196,-83.367203,-0.027896,-0.027896,0.003897
0.000114,0.010653,-84.312416,-0.094302,-0.094302,0.003901
-0.000186,0.010653,-82.569138,-0.076688,-0.076688,0.003899
-0.000464,0.017044,-81.133484,-0.134643,-0.134643,0.003900
-0.000734,0.015979,-83.012871,-0.107510,-0.107510,0.003898
-0.000261,0.009587,-86.520866,-0.060720,-0.060720,0.003899
0.000192,0.009587,-87.234596,-0.085348,-0.085348,0.003898
0.000632,0.010653,-84.483078,-0.122505,-0.122505,0.003900
0.001141,0.006392,-82.666740,-0.104092,-0.104092,0.003901
0.001598,-0.002131,-84.455788,-0.033508,-0.033508,0.003926
0.002059,-0.010653,-87.375771,0.038285,0.038285,0.003905
0.002502,-0.010653,-87.205811,0.014033,0.014033,0.003897
0.002908,-0.015979,-84.748505,0.051657,0.051657,0.003899
0.002843,-0.014914,-84.237755,0.042158,0.042158,0.003898
0.002793,-0.011718,-86.309898,0.008234,0.008234,0.003900
0.002745,-0.011718,-87.342987,0.011838,0.011838,0.003898
0.001825,-0.004261,-85.133408,-0.020256,-0.020256,0.003899
0.000970,0.003196,-82.234940,-0.057397,-0.057397,0.003897
0.000569,0.007457,-83.060005,-0.084322,-0.084322,0.004202
0.000201,0.012783,-86.323158,-0.123858,-0.123858,0.003899
-0.000151,0.012783,-87.570442,-0.102262,-0.102262,0.003899
0.000471,0.006392,-85.792229,-0.064312,-0.064312,0.003901
0.001056,0.003196,-84.824799,-0.062071,-0.062071,0.003896
0.001441,-0.002131,-87.493530,-0.023606,-0.023606,0.003899
0.001810,-0.002131,-90.724358,-0.043744,-0.043744,0.003898
0.002153,-0.005326,-89.943916,-0.025528,-0.025528,0.003902
0.002416,-0.008522,-86.683601,-0.004357,-0.004357,0.003897
0.002660,-0.010653,-85.856117,0.004665,0.004665,0.003899
0.002895,-0.010653,-88.288094,-0.009146,-0.009146,0.003900
0.002831,-0.012783,-89.881371,0.019887,0.019887,0.003902
0.002787,-0.008522,-88.081856,-0.025661,-0.025661,0.003897
0.002477,-0.007457,-86.268608,-0.020798,-0.020798,0.003898
0.002183,-0.006392,-87.804230,-0.016881,-0.016881,0.003900
0.001902,-0.006392,-90.568336,-0.000070,-0.000070,0.003898
0.002048,-0.007457,-90.073677,0.004871,0.004871,0.003899
0.002176,-0.010653,-86.988747,0.033889,0.033889,0.003900
0.002122,-0.010653,-85.964287,0.035721,0.035721,0.003900
0.002070,-0.010653,-88.255188,0.038275,0.038275,0.003902
0.002040,-0.005326,-89.798386,-0.020057,-0.020057,0.003896
0.001023,0.001065,-87.868187,-0.034153,-0.034153,0.003896
0.000090,0.012783,-85.621643,-0.115509,-0.115509,0.003902
-0.000380,0.021305,-87.405441,-0.187005,-0.187005,0.004195
-0.000837,0.021305,-90.984993,-0.160015,-0.160015,0.003897
-0.001283,0.019175,-91.232285,-0.108498,-0.108498,0.003904
-0.000702,0.018109,-88.098587,-0.129608,-0.129608,0.003895
-0.000155,0.014914,-86.817192,-0.125695,-0.125695,0.003901
0.000369,0.014914,-89.381737,-0.156350,-0.156350,0.003898
0.000931,0.008522,-91.922043,-0.114396,-0.114396,0.003896
0.001442,0.001065,-90.911186,-0.057364,-0.057364,0.003900
0.002077,-0.006392,-89.325478,-0.008869,-0.008869,0.003902
0.002686,-0.006392,-91.126976,-0.044522,-0.044522,0.003892
0.003235,-0.015979,-94.202835,0.034441,0.034441,0.003904
0.003805,-0.022371,-93.557251,0.076154,0.076154,0.003897
0.004328,-0.028762,-90.147644,0.119034,0.119034,0.003903
0.003745,-0.026632,-89.251236,0.126694,0.126694,0.003894
0.003186,-0.026632,-91.594757,0.158438,0.158438,0.003896
0.002693,-0.014914,-92.480560,0.053564,0.053564,0.003902
0.001215,-0.003196,-89.706284,0.004689,0.004689,0.003898
-0.000148,0.011718,-87.577843,-0.088873,-0.088873,0.003896
-0.001457,0.011718,-89.597191,-0.014570,-0.014570,0.003899
-0.002489,0.027697,-92.650879,-0.137380,-0.137380,0.003895
-0.003444,0.037284,-91.683670,-0.191039,-0.191039,0.003902
-0.003075,0.035154,-88.375938,-0.188235,-0.188235,0.003895
-0.002721,0.035154,-88.106186,-0.209944,-0.209944,0.003900
-0.002379,0.033023,-91.297783,-0.205291,-0.205291,0.004201
-0.001465,0.027697,-92.784782,-0.195524,-0.195524,0.003894
-0.000607,0.022371,-90.999992,-0.183218,-0.183218,0.003900
0.000183,0.014914,-90.393913,-0.143964,-0.143964,0.003897
0.000942,0.014914,-93.363701,-0.187780,-0.187780,0.003898
0.001630,0.004261,-95.745750,-0.104144,-0.104144,0.003898
0.002506,-0.005326,-94.006950,-0.043754,-0.043754,0.003898
0.003316,-0.013848,-91.692734,0.006597,0.006597,0.003899
0.004093,-0.013848,-93.448494,-0.038991,-0.038991,0.003900
0.004618,-0.023436,-96.715263,0.041310,0.041310,0.003897
0.005103,-0.028762,-96.074104,0.075801,0.075801,0.003897
0.004557,-0.026632,-93.133675,0.082504,0.082504,0.003901
0.004033,-0.026632,-93.425278,0.111392,0.111392,0.003895
0.003570,-0.015979,-96.341133,0.016160,0.016160,0.003897
0.002031,-0.002131,-95.909180,-0.052798,-0.052798,0.003927
0.000622,0.015979,-91.967766,-0.179349,-0.179349,0.003908
-0.000113,0.026632,-90.410103,-0.260698,-0.260698,0.003894
-0.000818,0.026632,-93.186256,-0.220812,-0.220812,0.003900
-0.001500,0.025566,-95.470200,-0.168345,-0.168345,0.003899
-0.000642,0.020240,-94.000771,-0.155721,-0.155721,0.003895
0.000162,0.014914,-92.841461,-0.141527,-0.141527,0.003904
0.000934,0.014914,-95.533180,-0.186327,-0.186327,0.003894
0.001925,0.006392,-98.356567,-0.144616,-0.144616,0.003901
0.002814,-0.009587,-96.469917,-0.011596,-0.011596,0.004228
0.003487,-0.015979,-94.077499,0.022172,0.022172,0.003900
0.004113,-0.021305,-96.005165,0.046233,0.046233,0.003904
0.004713,-0.021305,-98.768250,0.012513,0.012513,0.003895
0.004352,-0.021305,-97.257828,0.034389,0.034389,0.003896
0.004045,-0.010653,-94.351433,-0.070554,-0.070554,0.003901
0.002702,-0.002131,-95.655319,-0.092129,-0.092129,0.003894
0.001412,-0.002131,-99.286858,-0.017501,-0.017501,0.003900
0.000206,0.006392,-98.634132,-0.044279,-0.044279,0.003902
0.000142,0.010653,-94.932526,-0.089685,-0.089685,0.003898
0.000081,0.010653,-94.652534,-0.087706,-0.087706,0.003899
0.000023,0.010653,-98.083450,-0.084460,-0.084460,0.003895
0.000622,0.009587,-99.101524,-0.105305,-0.105305,0.003898
0.001170,0.002131,-96.908623,-0.050986,-0.050986,0.003900
0.001933,-0.004261,-97.401024,-0.022546,-0.022546,0.003896
0.002626,-0.014914,-100.999107,0.059821,0.059821,0.003899
0.003291,-0.014914,-101.294624,0.023100,0.023100,0.003901
0.003877,-0.023436,-97.591591,0.087107,0.087107,0.003900
0.004432,-0.025566,-96.416885,0.078101,0.078101,0.003895
0.003430,-0.019175,-99.201599,0.062025,0.062025,0.003897
0.002467,-0.019175,-99.786812,0.118443,0.118443,0.003899
0.001595,-0.005326,-96.479851,0.010230,0.010230,0.003899
0.000037,0.009587,-95.340103,-0.072309,-0.072309,0.003900
-0.001389,0.026632,-98.642532,-0.185991,-0.185991,0.004167
-0.001801,0.036219,-100.160942,-0.270750,-0.270750,0.003897
-0.002196,0.036219,-96.889732,-0.247432,-0.247432,0.003900
-0.002580,0.035154,-94.908310,-0.214554,-0.214554,0.003897
-0.001879,0.034088,-97.620316,-0.243391,-0.243391,0.003900
-0.001223,0.029827,-100.095451,-0.231186,-0.231186,0.003896
-0.000593,0.029827,-98.479652,-0.266363,-0.266363,0.003904
0.000415,0.022371,-97.502800,-0.239550,-0.239550,0.003896
0.001342,0.011718,-100.721527,-0.171287,-0.171287,0.003900
0.002245,0.002131,-102.933372,-0.112052,-0.112052,0.003899
0.003111,0.002131,-100.480339,-0.160915,-0.160915,0.003900
0.003919,-0.004261,-98.762756,-0.135152,-0.135152,0.003900
0.004692,-0.012783,-101.957535,-0.082700,-0.082700,0.003897
0.005402,-0.021305,-104.647202,-0.024623,-0.024623,0.003901
0.005652,-0.026632,-102.578926,0.023120,0.023120,0.003897
0.005891,-0.026632,-101.449211,0.008517,0.008517,0.003902
0.006117,-0.027697,-104.892662,0.007270,0.007270,0.003899
0.005382,-0.022371,-106.350166,-0.010050,-0.010050,0.003897
0.004712,-0.012783,-102.281586,-0.080713,-0.080713,0.003901
0.004068,-0.012783,-100.117310,-0.045425,-0.045425,0.003898
0.003327,-0.007457,-103.153282,-0.064730,-0.064730,0.003899
0.002628,-0.004261,-104.971550,-0.059902,-0.059902,0.003899
0.003241,-0.008522,-102.589844,-0.045582,-0.045582,0.003896
0.003792,-0.017044,-103.184845,0.019329,0.019329,0.004205
0.004327,-0.017044,-106.865707,-0.011129,-0.011129,0.003895
0.005054,-0.027697,-106.449219,0.070579,0.070579,0.003900
0.005732,-0.033023,-102.590645,0.092445,0.092445,0.003901
0.005165,-0.030893,-102.731834,0.099045,0.099045,0.003900
0.004620,-0.030893,-105.720078,0.130368,0.130368,0.003897
0.004126,-0.023436,-104.530579,0.074635,0.074635,0.003896
0.002517,-0.008522,-101.116798,-0.004194,-0.004194,0.003901
0.001033,0.007457,-102.332550,-0.103266,-0.103266,0.003905
-0.000392,0.007457,-105.780418,-0.020916,-0.020916,0.003898
-0.001589,0.020240,-104.119987,-0.097076,-0.097076,0.003894
-0.002710,0.027697,-100.392006,-0.118712,-0.118712,0.003899
-0.002327,0.028762,-101.459801,-0.154453,-0.154453,0.003898
-0.001979,0.023436,-104.903564,-0.113032,-0.113032,0.003902
-0.001644,0.023436,-104.096848,-0.130841,-0.130841,0.003922
-0.000691,0.020240,-102.392021,-0.149357,-0.149357,0.003908
0.000188,0.010653,-105.215584,-0.090803,-0.090803,0.003895
0.001094,0.000000,-108.004257,-0.019733,-0.019733,0.003902
0.001964,0.000000,-105.458649,-0.068550,-0.068550,0.003898
0.002771,-0.007457,-103.445717,-0.030584,-0.030584,0.003899
0.003460,-0.015979,-106.810768,0.026578,0.026578,0.003900
0.004105,-0.020240,-108.897545,0.039664,0.039664,0.003900
0.004725,-0.020240,-105.582161,0.004922,0.004922,0.003897
0.004474,-0.019175,-105.245399,0.005798,0.005798,0.004196
0.004278,-0.008522,-109.032013,-0.105045,-0.105045,0.003902
0.002793,0.005326,-108.648758,-0.176705,-0.176705,0.003897
0.001395,0.012783,-104.455688,-0.181921,-0.181921,0.003902
0.000052,0.012783,-104.651260,-0.106540,-0.106540,0.003898
0.000428,0.010653,-108.316360,-0.103668,-0.103668,0.003898
0.000773,0.006392,-107.962296,-0.073202,-0.073202,0.003897
0.001661,0.001065,-105.977013,-0.063374,-0.063374,0.003901
0.002514,0.001065,-108.763321,-0.113152,-0.113152,0.003900
0.003300,-0.007457,-111.599869,-0.059620,-0.059620,0.003897
0.004006,-0.020240,-108.941566,0.047322,0.047322,0.003899
0.004652,-0.028762,-107.115059,0.106687,0.106687,0.003899
0.005273,-0.028762,-110.299377,0.070312,0.070312,0.003899
0.005309,-0.031958,-111.039642,0.106136,0.106136,0.003903
0.005367,-0.025566,-107.335823,0.029901,0.029901,0.003899
0.003755,-0.008522,-107.314705,-0.074144,-0.074144,0.003896
0.002255,0.004261,-111.055359,-0.134348,-0.134348,0.003900
0.000816,0.004261,-110.031517,-0.050111,-0.050111,0.003898
-0.000212,0.012783,-106.022079,-0.089061,-0.089061,0.003899
-0.001183,0.017044,-107.176170,-0.083729,-0.083729,0.003898
-0.000440,0.014914,-110.652733,-0.101547,-0.101547,0.003901
0.000274,0.014914,-109.328072,-0.141094,-0.141094,0.003898
0.000942,0.010653,-108.237381,-0.131273,-0.131273,0.003899
0.001853,-0.002131,-112.069283,-0.037656,-0.037656,0.004230
0.002687,-0.012783,-113.078835,0.037933,0.037933,0.003902
0.003437,-0.023436,-109.283791,0.117243,0.117243,0.003901
0.004156,-0.023436,-109.316483,0.074347,0.074347,0.003898
0.004835,-0.026632,-112.538643,0.071947,0.071947,0.003898
0.003839,-0.019175,-110.922394,0.045097,0.045097,0.003897
0.002943,-0.003196,-107.711334,-0.087021,-0.087021,0.003898
0.002083,-0.003196,-110.209496,-0.038920,-0.038920,0.003896
0.000407,0.013848,-113.028282,-0.136758,-0.136758,0.003898
-0.001162,0.024501,-109.584702,-0.167440,-0.167440,0.003905
-0.000972,0.029827,-107.252090,-0.240722,-0.240722,0.003898
-0.000790,0.029827,-110.651382,-0.252131,-0.252131,0.003895
-0.000627,0.026632,-112.149178,-0.223504,-0.223504,0.003898
0.000420,0.023436,-109.653778,-0.246458,-0.246458,0.003900
0.001393,0.014914,-111.079575,-0.205830,-0.205830,0.003895
0.002350,0.000000,-114.861710,-0.089487,-0.089487,0.003899
0.003269,0.000000,-113.115219,-0.140716,-0.140716,0.003900
0.004111,-0.010653,-110.575653,-0.067855,-0.067855,0.003899
0.004714,-0.017044,-114.002686,-0.030355,-0.030355,0.003900
0.005261,-0.025566,-116.375755,0.037193,0.037193,0.003894
0.005786,-0.025566,-113.360207,0.008011,0.008011,0.003901
0.005824,-0.029827,-113.819016,0.053415,0.053415,0.003897
0.005875,-0.025566,-117.792046,0.001855,0.001855,0.003901
0.004516,-0.012783,-114.863831,-0.064783,-0.064783,0.004168
0.003262,0.000000,-110.879211,-0.140311,-0.140311,0.003896
0.002059,0.000000,-113.426826,-0.072808,-0.072808,0.003896
0.001495,0.004261,-115.635353,-0.088171,-0.088171,0.003899
0.000934,-0.001065,-113.158524,0.005937,0.005937,0.003900
0.001974,-0.007457,-113.987526,0.018356,0.018356,0.003898
0.002972,-0.007457,-117.558990,-0.038652,-0.038652,0.003900
0.003907,-0.013848,-115.431274,-0.017697,-0.017697,0.003897
0.004071,-0.015979,-112.378693,-0.003610,-0.003610,0.003902
0.004213,-0.020240,-115.571983,0.035774,0.035774,0.003894
0.004349,-0.020240,-117.371819,0.029268,0.029268,0.003899
0.004008,-0.019175,-113.868217,0.037377,0.037377,0.003900
0.003705,-0.012783,-114.224678,-0.019824,-0.019824,0.003897
0.002564,0.001065,-118.056442,-0.112633,-0.112633,0.003901
0.001531,0.018109,-115.675980,-0.246892,-0.246892,0.003898
0.000540,0.018109,-111.940140,-0.190939,-0.190939,0.003896
0.000163,0.018109,-114.587250,-0.170793,-0.170793,0.003897
-0.000207,0.015979,-116.923302,-0.124050,-0.124050,0.003899
0.000646,0.012783,-114.445610,-0.135529,-0.135529,0.003897
0.001465,0.012783,-115.547333,-0.183605,-0.183605,0.003894
0.002216,0.003196,-119.506462,-0.116514,-0.116514,0.003899
0.003501,-0.010653,-117.558884,-0.030188,-0.030188,0.003899
0.004700,-0.020240,-115.203674,0.009947,0.009947,0.003897
0.005843,-0.020240,-119.213211,-0.056712,-0.056712,0.004236
0.006163,-0.028762,-119.895485,0.024120,0.024120,0.003896
0.006474,-0.027697,-116.771278,-0.005666,-0.005666,0.003895
0.005813,-0.022371,-119.376457,-0.029958,-0.029958,0.003902
0.005191,-0.019175,-122.311157,-0.029720,-0.029720,0.003898
0.004593,-0.019175,-118.040817,0.005810,0.005810,0.003898
0.003677,-0.013848,-116.237984,-0.004304,-0.004304,0.003895
0.002810,-0.010653,-119.739769,0.008194,0.008194,0.003899
0.002765,-0.008522,-118.907181,-0.012194,-0.012194,0.003896
0.002722,-0.008522,-116.529747,-0.010070,-0.010070,0.003900
0.002693,-0.005326,-119.697380,-0.045951,-0.045951,0.003898
0.002815,-0.007457,-120.905083,-0.027274,-0.027274,0.003899
0.002920,-0.010653,-116.975517,0.003762,0.003762,0.003898
0.003021,-0.010653,-117.883316,-0.003653,-0.003653,0.003898
0.003365,-0.015979,-121.562439,0.037958,0.037958,0.003901
0.003679,-0.020240,-119.143463,0.070206,0.070206,0.003894
0.003090,-0.011718,-117.582359,0.005468,0.005468,0.003901
0.002569,0.000000,-121.577286,-0.099378,-0.099378,0.003895
0.002069,0.000000,-120.777771,-0.068994,-0.068994,0.003899
0.000564,0.015979,-116.222221,-0.165818,-0.165818,0.003900
-0.000861,0.021305,-117.988808,-0.146824,-0.146824,0.003895
-0.000325,0.015979,-120.938072,-0.115924,-0.115924,0.003898
0.000190,0.015979,-118.333588,-0.144285,-0.144285,0.003899
0.000655,0.007457,-119.681023,-0.074468,-0.074468,0.004200
0.001785,0.002131,-123.545761,-0.077841,-0.077841,0.003894
0.002829,-0.008522,-120.972351,-0.014320,-0.014320,0.003897
0.003528,-0.022371,-119.216286,0.103051,0.103051,0.003905
0.004198,-0.022371,-123.289764,0.063807,0.063807,0.003894
0.004818,-0.028762,-122.756210,0.103052,0.103052,0.003902
0.004096,-0.022371,-119.330811,0.071119,0.071119,0.003899
0.003467,-0.005326,-122.215279,-0.089277,-0.089277,0.003897
0.002863,-0.005326,-123.622818,-0.053404,-0.053404,0.003899
0.000926,0.010653,-118.784164,-0.124467,-0.124467,0.003898
-0.000898,0.020240,-118.617249,-0.131430,-0.131430,0.003897
-0.000729,0.018109,-122.458611,-0.116837,-0.116837,0.003897
-0.000566,0.018109,-120.860641,-0.124604,-0.124604,0.003898
-0.000426,0.013848,-120.256271,-0.084531,-0.084531,0.003901
0.000670,0.008522,-124.612633,-0.086756,-0.086756,0.003897
0.001670,-0.005326,-123.770752,0.016109,0.016109,0.003896
0.002675,-0.017044,-120.430328,0.092207,0.092207,0.003903
0.003639,-0.017044,-123.600685,0.035430,0.035430,0.003894
0.004537,-0.024501,-124.721024,0.070517,0.070517,0.003901
0.003705,-0.015979,-120.791901,0.021240,0.021240,0.003898
0.002969,0.001065,-122.568527,-0.133249,-0.133249,0.003894
0.002263,0.001065,-125.591766,-0.091961,-0.091961,0.003903
0.000616,0.013848,-120.915665,-0.142452,-0.142452,0.003896
-0.000922,0.023436,-120.065262,-0.165786,-0.165786,0.004228
-0.000651,0.021305,-124.039566,-0.157309,-0.157309,0.003899
-0.000411,0.015979,-122.735466,-0.108502,-0.108502,0.003899
-0.000180,0.015979,-121.860085,-0.122281,-0.122281,0.003899
0.001123,0.010653,-126.267738,-0.136493,-0.136493,0.003897
0.002333,0.000000,-125.540161,-0.082278,-0.082278,0.003899
0.003274,-0.013848,-122.329781,0.021905,0.021905,0.003900
0.004178,-0.013848,-125.936142,-0.031309,-0.031309,0.003899
0.005009,-0.023436,-127.318787,0.032168,0.032168,0.003900
0.004973,-0.021305,-123.875992,0.010455,0.010455,0.003897
0.004957,-0.015979,-126.633743,-0.051052,-0.051052,0.003897
0.004943,-0.015979,-129.070969,-0.049077,-0.049077,0.003897
0.003716,-0.007457,-124.255127,-0.075178,-0.075178,0.003899
0.002574,0.002131,-124.079124,-0.121328,-0.121328,0.003900
0.002731,-0.001065,-127.858604,-0.093826,-0.093826,0.003896
0.002858,-0.007457,-125.808723,-0.026383,-0.026383,0.003898
0.002979,-0.007457,-126.064735,-0.034210,-0.034210,0.003900
0.003878,-0.017044,-130.217239,0.024049,0.024049,0.003897
0.004720,-0.022371,-127.486870,0.038335,0.038335,0.003899
0.005010,-0.034088,-125.123436,0.154707,0.154707,0.003898
0.005289,-0.034088,-128.891006,0.137750,0.137750,0.003899
0.005568,-0.030893,-127.500244,0.086670,0.086670,0.003899
0.004010,-0.014914,-124.691986,-0.007326,-0.007326,0.003895
0.002570,0.000000,-128.827896,-0.096491,-0.096491,0.004200
0.001187,0.000000,-127.899635,-0.015382,-0.015382,0.003898
-0.000395,0.015979,-123.222015,-0.107800,-0.107800,0.003901
-0.001886,0.023436,-125.710266,-0.109423,-0.109423,0.003895
-0.001589,0.025566,-127.535507,-0.149884,-0.149884,0.003904
-0.001319,0.021305,-124.822998,-0.115835,-0.115835,0.003896
-0.001061,0.021305,-127.725990,-0.131814,-0.131814,0.003900
0.000120,0.012783,-130.186295,-0.100900,-0.100900,0.003898
0.001206,0.000000,-126.218575,-0.015923,-0.015923,0.003898
0.002238,-0.013848,-127.519981,0.081695,0.081695,0.003899
0.003229,-0.013848,-131.048126,0.025302,0.025302,0.003896
0.004157,-0.020240,-127.647575,0.046647,0.046647,0.003900
0.003501,-0.017044,-127.968666,0.046363,0.046363,0.003897
0.002922,-0.003196,-131.634048,-0.078833,-0.078833,0.003898
0.002367,-0.003196,-127.261757,-0.045446,-0.045446,0.003899
0.000569,0.012783,-124.814865,-0.126854,-0.126854,0.003896
-0.001110,0.025566,-128.845459,-0.177766,-0.177766,0.003897
-0.000645,0.023436,-127.860664,-0.178418,-0.178418,0.003899
-0.000219,0.018109,-126.795845,-0.142330,-0.142330,0.003901
0.000190,0.018109,-131.339264,-0.166267,-0.166267,0.003897
0.001564,0.010653,-130.160583,-0.157959,-0.157959,0.003900
0.002847,0.001065,-127.308662,-0.122387,-0.122387,0.003896
0.003581,-0.010653,-132.119278,-0.031570,-0.031570,0.003896
0.004282,-0.010653,-131.862564,-0.069879,-0.069879,0.004230
0.004927,-0.019175,-129.970581,-0.009446,-0.009446,0.003905
0.005025,-0.019175,-134.993774,-0.015845,-0.015845,0.003894
0.005111,-0.021305,-133.941772,0.005674,0.005674,0.003900
0.004507,-0.014914,-129.275497,-0.033260,-0.033260,0.003896
0.003928,-0.014914,-132.312088,-0.001888,-0.001888,0.003899
0.003387,-0.010653,-132.604263,-0.018388,-0.018388,0.003899
0.003176,-0.011718,-130.051956,0.006077,0.006077,0.003898
0.002973,-0.011718,-133.839157,0.016695,0.016695,0.003899
0.002778,-0.011718,-133.387894,0.029444,0.029444,0.003897
0.003223,-0.017044,-129.134247,0.064665,0.064665,0.003899
0.003642,-0.019175,-132.168518,0.063222,0.063222,0.003900
0.002796,-0.009587,-132.701950,0.003344,0.003344,0.003894
0.001983,-0.009587,-128.985199,0.050258,0.050258,0.003901
0.001250,0.003196,-132.368011,-0.055533,-0.055533,0.003895
-0.000245,0.019175,-133.280151,-0.151205,-0.151205,0.003899
-0.001628,0.033023,-128.030243,-0.229911,-0.229911,0.003899
-0.001833,0.035154,-129.733551,-0.244688,-0.244688,0.003899
-0.002029,0.035154,-132.310989,-0.232695,-0.232695,0.003900
-0.002230,0.031958,-129.545654,-0.183513,-0.183513,0.003895
-0.000834,0.025566,-132.375183,-0.191694,-0.191694,0.003900
0.000463,0.013848,-134.803040,-0.130873,-0.130873,0.003898
0.001708,0.013848,-130.538864,-0.201389,-0.201389,0.003900
0.002714,0.002131,-133.168594,-0.126800,-0.126800,0.004166
0.003640,-0.008522,-136.019455,-0.056946,-0.056946,0.003898
0.004192,-0.015979,-132.914688,-0.002111,-0.002111,0.003899
0.004718,-0.017044,-136.392853,-0.021393,-0.021393,0.003897
0.005222,-0.017044,-138.439011,-0.048960,-0.048960,0.003901
0.004284,-0.013848,-133.086349,-0.030802,-0.030802,0.003897
0.003395,-0.010653,-134.685593,-0.018520,-0.018520,0.003897
0.003651,-0.009587,-136.874542,-0.044779,-0.044779,0.003898
0.003897,-0.009587,-133.889542,-0.058010,-0.058010,0.003900
0.004110,-0.015979,-137.285385,0.001747,0.001747,0.003897
0.004957,-0.020240,-138.490555,0.003228,0.003228,0.003898
0.005739,-0.028762,-134.090851,0.056377,0.056377,0.003901
0.006490,-0.028762,-137.006805,0.011457,0.011457,0.003899
0.006431,-0.037284,-137.986862,0.113595,0.113595,0.003896
0.006398,-0.030893,-134.350189,0.042705,0.042705,0.003902
0.004441,-0.017044,-138.079163,-0.004914,-0.004914,0.003899
0.002626,0.000000,-137.790512,-0.094262,-0.094262,0.003897
0.000884,0.000000,-132.456070,0.005700,0.005700,0.003900
-0.000989,0.018109,-135.078461,-0.096214,-0.096214,0.003896
-0.002771,0.022371,-135.956802,-0.041549,-0.041549,0.003899
-0.001840,0.017044,-133.419312,-0.033730,-0.033730,0.003901
-0.000945,0.017044,-137.602295,-0.086145,-0.086145,0.003899
-0.000110,0.010653,-137.058228,-0.059203,-0.059203,0.003898
0.001552,0.004261,-134.096359,-0.081740,-0.081740,0.004232
0.003094,-0.009587,-138.817261,-0.013026,-0.013026,0.003895
0.004575,-0.009587,-138.318695,-0.096156,-0.096156,0.003901
0.004975,-0.017044,-136.818054,-0.033981,-0.033981,0.003899
0.005360,-0.017044,-142.174042,-0.056665,-0.056665,0.003899
0.004792,-0.013848,-139.553604,-0.058424,-0.058424,0.003899
0.004254,-0.011718,-136.658508,-0.053021,-0.053021,0.003900
0.003738,-0.011718,-140.857681,-0.024573,-0.024573,0.003900
0.004007,-0.019175,-139.020706,0.047084,0.047084,0.003897
0.004249,-0.023436,-139.113113,0.081222,0.081222,0.003904
0.004706,-0.030893,-142.480850,0.140388,0.140388,0.003896
0.005144,-0.030893,-137.751984,0.116581,0.116581,0.003898
0.005565,-0.030893,-137.333786,0.090465,0.090465,0.003899
0.004429,-0.021305,-140.396164,0.045809,0.045809,0.003898
0.003390,-0.007457,-136.390808,-0.051789,-0.051789,0.003901
0.002392,-0.007457,-138.004837,0.003867,0.003867,0.003896
0.000458,0.007457,-141.072739,-0.055125,-0.055125,0.003897
-0.001330,0.025566,-135.696991,-0.158449,-0.158449,0.003900
-0.002012,0.033023,-136.347244,-0.206870,-0.206870,0.003895
-0.002678,0.029827,-139.286392,-0.131755,-0.131755,0.003899
-0.003317,0.029827,-136.464737,-0.093820,-0.093820,0.003900
-0.002404,0.024501,-139.711517,-0.086439,-0.086439,0.003899
-0.001572,0.012783,-141.052597,0.001218,0.001218,0.003899
-0.000410,0.000000,-137.043091,0.081363,0.081363,0.004202
0.000706,0.000000,-140.721329,0.015640,0.015640,0.003897
0.001749,-0.007457,-140.683990,0.042601,0.042601,0.003896
0.001574,-0.005326,-137.726654,0.028208,0.028208,0.003900
0.001451,0.006392,-142.220291,-0.100059,-0.100059,0.003896
-0.000069,0.021305,-140.080002,-0.181668,-0.181668,0.003902
-0.001527,0.021305,-136.038696,-0.098746,-0.098746,0.003898
-0.002888,0.031958,-140.035370,-0.144194,-0.144194,0.003895
-0.002517,0.033023,-139.080215,-0.176067,-0.176067,0.003898
-0.002185,0.026632,-138.558487,-0.122376,-0.122376,0.003898
-0.001866,0.026632,-143.147919,-0.140921,-0.140921,0.003901
-0.000512,0.017044,-139.958862,-0.107014,-0.107014,0.003896
0.000739,0.004261,-139.693970,-0.033855,-0.033855,0.003899
0.001661,-0.006392,-144.159424,0.035041,0.035041,0.003898
0.002546,-0.006392,-141.058762,-0.013960,-0.013960,0.003902
0.003371,-0.012783,-142.964188,0.010517,0.010517,0.003897
0.002858,-0.006392,-145.732010,-0.032371,-0.032371,0.003898
0.002416,0.007457,-139.982086,-0.164430,-0.164430,0.003897
0.001512,0.012783,-141.438202,-0.175791,-0.175791,0.003896
0.000643,0.012783,-143.399216,-0.125301,-0.125301,0.003899
-0.000199,0.010653,-140.814163,-0.051752,-0.051752,0.003899
0.000929,0.003196,-145.221069,-0.032249,-0.032249,0.003897
0.001976,-0.006392,-144.143219,0.019165,0.019165,0.003899
0.002980,-0.006392,-141.665527,-0.038905,-0.038905,0.004231
0.003977,-0.015979,-146.284149,0.012555,0.012555,0.003900
0.004910,-0.022371,-143.871170,0.034003,0.034003,0.003900
0.004236,-0.021305,-144.282364,0.059549,0.059549,0.003896
0.003625,-0.011718,-147.967529,-0.014917,-0.014917,0.003900
0.003038,-0.011718,-142.183136,0.020312,0.020312,0.003898
0.001456,0.004261,-142.035507,-0.074144,-0.074144,0.003898
-0.000014,0.017044,-144.423798,-0.136085,-0.136085,0.003899
-0.000062,0.020240,-141.362274,-0.168945,-0.168945,0.003901
-0.000108,0.020240,-145.201355,-0.167558,-0.167558,0.003899
-0.000180,0.012783,-145.647186,-0.076475,-0.076475,0.003895
0.001261,0.001065,-142.102295,-0.024942,-0.024942,0.003899
0.002609,-0.008522,-146.802780,0.005940,0.005940,0.003902
0.003903,-0.008522,-145.814804,-0.066463,-0.066463,0.003897
0.004306,-0.015979,-144.930573,-0.004668,-0.004668,0.003899
0.004706,-0.012783,-149.986252,-0.064546,-0.064546,0.003898
0.003822,-0.006392,-145.440765,-0.084866,-0.084866,0.003903
0.002997,0.000000,-144.684418,-0.112530,-0.112530,0.003892
0.002205,0.000000,-148.083237,-0.067362,-0.067362,0.003899
0.002327,-0.003196,-145.177948,-0.036389,-0.036389,0.003899
0.002416,-0.010653,-148.863663,0.042665,0.042665,0.003898
0.003677,-0.022371,-149.117767,0.105892,0.105892,0.003900
0.004888,-0.022371,-144.948547,0.036460,0.036460,0.003899
0.006014,-0.029827,-148.987350,0.055449,0.055449,0.004192
0.005141,-0.021305,-146.341629,0.009672,0.009672,0.003902
0.004363,-0.005326,-146.071732,-0.129657,-0.129657,0.003899
0.003616,-0.005326,-150.161270,-0.086868,-0.086868,0.003899
0.002005,0.008522,-144.915863,-0.151197,-0.151197,0.003900
0.000487,0.015979,-145.547638,-0.151482,-0.151482,0.003897
0.000544,0.021305,-148.124786,-0.215505,-0.215505,0.003898
0.000575,0.014914,-145.388947,-0.143076,-0.143076,0.003899
0.000606,0.014914,-149.839539,-0.145924,-0.145924,0.003897
0.001844,0.007457,-148.999130,-0.129899,-0.129899,0.003898
0.002982,-0.006392,-146.473480,-0.037046,-0.037046,0.003901
0.003918,-0.022371,-151.512253,0.091079,0.091079,0.003897
0.004817,-0.022371,-148.961716,0.041527,0.041527,0.003900
0.005663,-0.026632,-150.067261,0.040622,0.040622,0.003897
0.004815,-0.021305,-152.761353,0.028858,0.028858,0.003900
0.004063,-0.004261,-146.338425,-0.122020,-0.122020,0.003901
0.003342,-0.004261,-147.872269,-0.083236,-0.083236,0.003894
0.001482,0.009587,-148.757080,-0.134251,-0.134251,0.003897
-0.000281,0.015979,-146.735672,-0.105817,-0.105817,0.003902
0.000569,0.005326,-151.594315,-0.033516,-0.033516,0.003896
0.001353,-0.003196,-148.871475,0.021000,0.021000,0.003899
0.002106,-0.003196,-148.119034,-0.023355,-0.023355,0.003897
0.003266,-0.011718,-152.050110,0.007273,0.007273,0.003900
0.004367,-0.013848,-148.400970,-0.029997,-0.029997,0.004203
0.003436,-0.009587,-152.523773,-0.026763,-0.026763,0.003895
0.002541,-0.009587,-152.464386,0.026300,0.026300,0.003897
0.001715,-0.001065,-147.549316,-0.023802,-0.023802,0.003902
0.000988,0.006392,-151.143143,-0.069437,-0.069437,0.003896
0.000314,0.012783,-149.218170,-0.102435,-0.102435,0.003899
0.000791,0.012783,-149.973038,-0.130642,-0.130642,0.003897
0.001250,0.012783,-153.518768,-0.156654,-0.156654,0.003898
0.001646,0.001065,-149.038315,-0.043800,-0.043800,0.003901
0.002960,-0.014914,-152.410400,0.061777,0.061777,0.003896
0.004210,-0.018109,-153.358826,0.027937,0.027937,0.003897
0.005410,-0.018109,-150.909439,-0.040609,-0.040609,0.003899
0.005004,-0.017044,-156.008286,-0.030481,-0.030481,0.003901
0.004654,-0.006392,-151.784164,-0.130244,-0.130244,0.003895
0.003326,0.005326,-150.607635,-0.189806,-0.189806,0.003901
0.002050,0.005326,-153.895798,-0.117020,-0.117020,0.003897
0.000818,0.003196,-151.018906,-0.020486,-0.020486,0.003898
0.001687,-0.008522,-155.252701,0.062539,0.062539,0.003899
0.002498,-0.014914,-153.987976,0.090876,0.090876,0.003900
0.003339,-0.021305,-150.918564,0.115222,0.115222,0.003896
0.004146,-0.021305,-154.915619,0.067589,0.067589,0.003897
0.004933,-0.018109,-151.183655,-0.012564,-0.012564,0.003899
0.003154,-0.001065,-153.536560,-0.107010,-0.107010,0.003898
0.001506,0.013848,-154.727570,-0.182095,-0.182095,0.004200
-0.000081,0.013848,-149.432648,-0.090476,-0.090476,0.003895
-0.001039,0.022371,-153.227295,-0.135166,-0.135166,0.003898
-0.001947,0.025566,-152.122330,-0.118040,-0.118040,0.003896
-0.000855,0.019175,-152.591003,-0.108056,-0.108056,0.003901
0.000154,0.008522,-156.384720,-0.043841,-0.043841,0.003896
0.001122,0.008522,-151.899948,-0.097904,-0.097904,0.003903
0.002514,-0.008522,-155.325150,0.015432,0.015432,0.003901
0.003806,-0.020240,-156.061401,0.076745,0.076745,0.003896
0.003919,-0.018109,-154.100754,0.046197,0.046197,0.003898
0.004027,-0.018109,-158.836945,0.039191,0.039191,0.003897
0.004158,-0.010653,-153.274246,-0.051791,-0.051791,0.003898
0.002353,0.010653,-152.485458,-0.194311,-0.194311,0.003900
0.000669,0.023436,-154.814697,-0.244201,-0.244201,0.003896
-0.000949,0.023436,-152.126190,-0.150348,-0.150348,0.003903
-0.000586,0.020240,-156.901184,-0.135678,-0.135678,0.003897
-0.000282,0.008522,-154.765060,-0.017033,-0.017033,0.003895
0.001270,0.002131,-153.807007,-0.033929,-0.033929,0.003897
0.002741,-0.003196,-158.058228,-0.057825,-0.057825,0.003898
0.004153,-0.003196,-154.750061,-0.137182,-0.137182,0.003903
0.004228,-0.004261,-159.446594,-0.130646,-0.130646,0.003895
0.004280,-0.009587,-158.937424,-0.070728,-0.070728,0.003901
0.003812,-0.011718,-155.360321,-0.019692,-0.019692,0.003896
0.003360,-0.011718,-159.274033,0.004836,0.004836,0.004228
0.002933,-0.010653,-156.078995,0.018761,0.018761,0.003903
0.003319,-0.012783,-159.525986,0.019674,0.019674,0.003898
0.003661,-0.020240,-158.496155,0.086780,0.086780,0.003900
0.003990,-0.020240,-155.227783,0.067472,0.067472,0.003902
0.004079,-0.022371,-159.290970,0.085432,0.085432,0.003899
0.004192,-0.014914,-155.365677,-0.004764,-0.004764,0.003895
0.002567,-0.005326,-157.973831,-0.022778,-0.022778,0.003898
0.001098,0.019175,-158.769226,-0.217852,-0.217852,0.003899
-0.000311,0.019175,-153.492645,-0.136548,-0.136548,0.003899
-0.001465,0.030893,-157.462982,-0.206575,-0.206575,0.003899
-0.002577,0.029827,-155.577026,-0.128888,-0.128888,0.003899
-0.001404,0.023436,-157.292130,-0.123905,-0.123905,0.003897
-0.000277,0.023436,-159.770142,-0.187927,-0.187927,0.003901
0.000761,0.011718,-155.514038,-0.112376,-0.112376,0.003899
0.002182,0.000000,-160.306946,-0.061609,-0.061609,0.003896
0.003523,-0.006392,-159.037094,-0.063469,-0.063469,0.003900
0.004809,-0.006392,-160.279892,-0.137909,-0.137909,0.003896
0.004796,-0.011718,-164.000336,-0.075653,-0.075653,0.003898
0.004787,-0.010653,-158.305908,-0.085811,-0.085811,0.003903
0.004462,-0.008522,-161.732330,-0.093842,-0.093842,0.003898
0.004125,-0.014914,-160.626663,0.000055,0.000055,0.003898
0.003803,-0.014914,-161.997513,0.018147,0.018147,0.003896
0.004638,-0.025566,-163.767899,0.092698,0.092698,0.004204
0.005415,-0.034088,-159.014297,0.146339,0.146339,0.003896
0.005372,-0.035154,-163.114929,0.159028,0.159028,0.003897
0.005331,-0.035154,-160.085175,0.163063,0.163063,0.003902
0.005328,-0.025566,-161.312546,0.052253,0.052253,0.003899
0.003192,-0.006392,-162.882950,-0.044065,-0.044065,0.003898
0.001209,0.011718,-156.649429,-0.136849,-0.136849,0.003899
-0.000132,0.028762,-160.068817,-0.257505,-0.257505,0.003900
-0.001419,0.028762,-158.493225,-0.182148,-0.182148,0.003894
-0.002627,0.036219,-159.958054,-0.198777,-0.198777,0.003898
-0.001055,0.024501,-162.542313,-0.154347,-0.154347,0.003899
0.000403,0.010653,-158.276398,-0.078477,-0.078477,0.003899
0.001802,0.010653,-163.198303,-0.160605,-0.160605,0.003899
0.002930,0.000000,-161.568222,-0.101434,-0.101434,0.003900
0.003993,-0.005326,-163.546890,-0.102190,-0.102190,0.003897
0.003684,-0.007457,-166.342834,-0.059223,-0.059223,0.003903
0.003387,-0.007457,-160.908310,-0.041026,-0.041026,0.003897
0.003102,-0.007457,-164.880630,-0.026884,-0.026884,0.003898
0.003141,-0.008522,-162.697540,-0.015305,-0.015305,0.003899
0.003163,-0.012783,-164.947052,0.031346,0.031346,0.003901
0.003953,-0.024501,-165.816177,0.121022,0.121022,0.003896
0.004712,-0.024501,-161.642212,0.077803,0.077803,0.003899
0.005412,-0.031958,-165.860596,0.121225,0.121225,0.003896
0.004659,-0.025566,-161.759476,0.093057,0.093057,0.004200
0.004011,-0.007457,-165.275818,-0.078722,-0.078722,0.003892
0.003389,-0.007457,-163.899353,-0.041541,-0.041541,0.003899
0.001254,0.012783,-159.952316,-0.151192,-0.151192,0.003897
-0.000740,0.027697,-163.915604,-0.209033,-0.209033,0.003900
-0.000506,0.027697,-160.984375,-0.220830,-0.220830,0.003896
-0.000321,0.017044,-165.260468,-0.110679,-0.110679,0.003902
-0.000144,0.017044,-163.991791,-0.119096,-0.119096,0.003894
0.001505,0.004261,-162.719833,-0.067997,-0.067997,0.003899
0.003048,-0.006392,-167.058151,-0.035211,-0.035211,0.003899
0.003522,-0.013848,-163.963654,0.024703,0.024703,0.003899
0.003977,-0.013848,-169.425125,-0.002708,-0.002708,0.003900
0.004406,-0.015979,-165.862274,-0.000718,-0.000718,0.003899
0.003212,-0.007457,-164.081070,-0.031158,-0.031158,0.003896
0.002102,0.002131,-166.354340,-0.077866,-0.077866,0.003901
0.001036,0.002131,-163.770981,-0.015705,-0.015705,0.003897
0.000964,0.003196,-168.639526,-0.024812,-0.024812,0.003896
0.000851,-0.008522,-164.478333,0.117834,0.117834,0.003902
0.001952,-0.017044,-166.226578,0.150407,0.150407,0.003895
0.003010,-0.017044,-167.032806,0.090376,0.090376,0.003900
0.004025,-0.017044,-164.778503,0.032387,0.032387,0.003899
0.002792,-0.005326,-169.213623,-0.031880,-0.031880,0.003895
0.001685,0.014914,-162.521530,-0.198152,-0.198152,0.003901
0.000134,0.029827,-164.978546,-0.282566,-0.282566,0.004198
-0.001363,0.029827,-164.302216,-0.195556,-0.195556,0.003894
-0.002796,0.030893,-164.945328,-0.125702,-0.125702,0.003898
-0.001460,0.024501,-168.049850,-0.129029,-0.129029,0.003899
-0.000213,0.014914,-163.677612,-0.089628,-0.089628,0.003898
0.000984,0.014914,-168.661133,-0.160186,-0.160186,0.003896
0.002400,0.005326,-166.638443,-0.129720,-0.129720,0.003899
0.003732,-0.002131,-169.591110,-0.121661,-0.121661,0.003897
0.003404,-0.005326,-170.937164,-0.065045,-0.065045,0.003898
0.003101,-0.002131,-166.408615,-0.083698,-0.083698,0.003899
0.002811,-0.002131,-170.514145,-0.068869,-0.068869,0.003898
0.002815,-0.001065,-167.607864,-0.079625,-0.079625,0.003901
0.002803,-0.005326,-172.100143,-0.031354,-0.031354,0.003894
0.004143,-0.022371,-169.951614,0.088673,0.088673,0.003897
0.005428,-0.022371,-169.709000,0.013967,0.013967,0.003928
0.006614,-0.035154,-172.179565,0.092063,0.092063,0.003904
0.006539,-0.036219,-169.203827,0.109585,0.109585,0.003898
0.006515,-0.023436,-174.103699,-0.036586,-0.036586,0.003898
0.006492,-0.023436,-167.937927,-0.033235,-0.033235,0.003902
0.004090,-0.002131,-169.327637,-0.141731,-0.141731,0.003896
0.001829,0.009587,-169.205933,-0.145407,-0.145407,0.003898
0.002009,0.006392,-169.417984,-0.119244,-0.119244,0.003899
0.002139,-0.005326,-172.343353,0.007553,0.007553,0.003897
0.002262,-0.005326,-168.292145,0.001700,0.001700,0.004202
0.003843,-0.014914,-173.101486,0.018964,0.018964,0.003894
0.005345,-0.019175,-169.685989,-0.016562,-0.016562,0.003901
0.004433,-0.017044,-173.706192,0.010045,0.010045,0.003896
0.003557,-0.017044,-171.961441,0.061996,0.061996,0.003898
0.002760,-0.005326,-168.663879,-0.027096,-0.027096,0.003901
0.001393,0.004261,-171.254044,-0.059678,-0.059678,0.003895
0.000121,0.014914,-168.230560,-0.107475,-0.107475,0.003901
0.000614,0.014914,-173.189774,-0.137033,-0.137033,0.003895
0.001087,0.014914,-169.268326,-0.162190,-0.162190,0.003901
0.001494,0.002131,-171.795883,-0.040804,-0.040804,0.003896
0.002724,-0.010653,-172.636230,0.035896,0.035896,0.003898
0.003897,-0.012783,-172.322754,-0.006767,-0.006767,0.003896
0.005024,-0.012783,-176.124054,-0.071594,-0.071594,0.003900
0.004193,-0.006392,-169.854736,-0.095475,-0.095475,0.003901
0.003439,0.005326,-173.495728,-0.188890,-0.188890,0.003895
0.002990,0.007457,-171.213715,-0.186022,-0.186022,0.003896
0.002560,0.007457,-174.587784,-0.162224,-0.162224,0.003900
0.002083,-0.009587,-174.114304,0.061694,0.061694,0.003897
0.003594,-0.023436,-172.425735,0.133215,0.133215,0.003902
0.005033,-0.026632,-175.780960,0.086434,0.086434,0.003895
0.004490,-0.022371,-172.084229,0.070234,0.070234,0.003901
0.003969,-0.022371,-177.075516,0.098671,0.098671,0.003896
0.003547,-0.001065,-170.537521,-0.118997,-0.118997,0.004203
0.001118,0.017044,-171.911469,-0.189455,-0.189455,0.003895
-0.001166,0.029827,-171.106827,-0.204026,-0.204026,0.003899
-0.003359,0.029827,-171.974075,-0.078391,-0.078391,0.003898
-0.002755,0.027697,-174.458954,-0.088360,-0.088360,0.003903
-0.002218,0.015979,-170.604004,0.016011,0.016011,0.003898
-0.000595,0.006392,-175.594467,0.030960,0.030960,0.003894
0.000955,0.004261,-172.142105,-0.031647,-0.031647,0.003901
0.002443,0.004261,-176.659134,-0.118544,-0.118544,0.003897
0.001498,0.012783,-174.037506,-0.159958,-0.159958,0.003902
0.000634,0.024501,-172.368652,-0.245569,-0.245569,0.003896
0.000386,0.023436,-174.780090,-0.219836,-0.219836,0.003897
0.000149,0.023436,-173.012375,-0.205196,-0.205196,0.003897
-0.000119,0.012783,-177.673294,-0.068573,-0.068573,0.003900
0.001539,0.003196,-173.060394,-0.052163,-0.052163,0.003898
0.003095,-0.006392,-177.601196,-0.033682,-0.033682,0.003899
0.004589,-0.006392,-175.923935,-0.117633,-0.117633,0.003900
0.005187,-0.014914,-179.072021,-0.055133,-0.055133,0.003897
0.005762,-0.014914,-179.337280,-0.086844,-0.086844,0.003897
0.005008,-0.010653,-175.842560,-0.092221,-0.092221,0.003897
0.004277,-0.012783,-179.215469,-0.027240,-0.027240,0.003900
0.003574,-0.012783,-176.705795,0.014484,0.014484,0.003897
0.004123,-0.019175,-181.392410,0.055089,0.055089,0.003899
0.004598,-0.030893,-176.035004,0.163915,0.163915,0.004200
0.004888,-0.035154,-179.857971,0.193831,0.193831,0.003896
0.005166,-0.035154,-176.812210,0.179396,0.179396,0.003896
0.005466,-0.026632,-179.497330,0.063391,0.063391,0.003895
0.003205,-0.006392,-178.105133,-0.037345,-0.037345,0.003900
0.001118,0.015979,-174.166016,-0.174145,-0.174145,0.003895
-0.000885,0.015979,-177.073318,-0.060684,-0.060684,0.003899
-0.002076,0.031958,-174.614990,-0.174007,-0.174007,0.003899
-0.003228,0.029827,-179.620834,-0.084485,-0.084485,0.003896
-0.001418,0.011718,-175.136810,0.020919,0.020919,0.003902
0.000280,0.001065,-178.989777,0.043515,0.043515,0.003895
0.001910,0.001065,-177.278656,-0.048525,-0.048525,0.003899
0.002292,-0.001065,-179.246460,-0.046789,-0.046789,0.003898
0.002707,0.011718,-179.966644,-0.216152,-0.216152,0.003900
0.001255,0.024501,-175.893585,-0.278824,-0.278824,0.003901
-0.000138,0.024501,-179.502853,-0.200447,-0.200447,0.003898
-0.001488,0.021305,-176.903091,-0.084844,-0.084844,0.003894
-0.000352,0.008522,-182.001450,-0.004854,-0.004854,0.003898
0.000692,-0.004261,-177.448410,0.083653,0.083653,0.003902
0.001693,-0.004261,-180.882935,0.024254,0.024254,0.003895
0.003000,-0.011718,-179.025482,0.035951,0.035951,0.003896
0.004263,-0.009587,-180.867935,-0.061734,-0.061734,0.003898
0.002625,0.007457,-180.333282,-0.161995,-0.161995,0.003899
0.001132,0.026632,-177.248947,-0.295998,-0.295998,0.004233
-0.000309,0.026632,-180.089066,-0.214461,-0.214461,0.003894
-0.000566,0.026632,-178.143585,-0.198528,-0.198528,0.003899
-0.000857,0.014914,-182.855881,-0.048478,-0.048478,0.003898
0.000954,0.004261,-178.156479,-0.028650,-0.028650,0.003898
0.002693,0.004261,-182.969559,-0.130473,-0.130473,0.003897
0.004331,-0.004261,-180.574081,-0.125005,-0.125005,0.003898
0.004825,-0.007457,-185.106247,-0.117757,-0.117757,0.003898
0.005299,-0.007457,-183.176620,-0.143121,-0.143121,0.003901
0.004617,-0.002131,-181.841660,-0.165763,-0.165763,0.003895
0.003964,-0.002131,-183.426865,-0.128749,-0.128749,0.003898
0.003320,-0.006392,-182.975250,-0.042342,-0.042342,0.003900
0.004235,-0.017044,-186.193024,0.026858,0.026858,0.003899
0.005058,-0.031958,-182.066437,0.151652,0.151652,0.003898
0.005848,-0.031958,-186.512650,0.104592,0.104592,0.003899
0.006454,-0.042611,-182.600204,0.193530,0.193530,0.003895
0.007080,-0.030893,-187.597687,0.021820,0.021820,0.003899
0.004564,-0.005326,-181.651413,-0.124285,-0.124285,0.003899
0.002148,-0.005326,-182.768768,0.012032,0.012032,0.003896
-0.000111,0.010653,-181.459656,-0.040672,-0.040672,0.003899
-0.000739,0.013848,-183.280853,-0.041713,-0.041713,0.003897
-0.001354,0.010653,-183.498917,0.030943,0.030943,0.003899
0.000155,0.001065,-182.025116,0.054123,0.054123,0.003897
0.001604,0.001065,-184.340317,-0.029701,-0.029701,0.004206
0.002986,-0.001065,-182.272156,-0.083777,-0.083777,0.003895
0.001936,0.010653,-186.809723,-0.158469,-0.158469,0.003899
0.000988,0.026632,-180.793396,-0.285076,-0.285076,0.003894
0.000078,0.026632,-184.630386,-0.235267,-0.235267,0.003900
-0.000298,0.024501,-181.914261,-0.187710,-0.187710,0.003898
-0.000698,0.013848,-186.685135,-0.043849,-0.043849,0.003897
0.000818,0.003196,-183.334183,-0.007047,-0.007047,0.003899
0.002238,-0.006392,-185.757263,0.019776,0.019776,0.003899
0.003601,-0.006392,-185.351852,-0.057530,-0.057530,0.003900
0.004207,-0.008522,-186.882538,-0.068119,-0.068119,0.003898
0.004821,0.000000,-187.925247,-0.200307,-0.200307,0.003896
0.003587,0.009587,-184.163376,-0.238762,-0.238762,0.003901
0.002402,0.009587,-187.176331,-0.172259,-0.172259,0.003894
0.001245,0.004261,-185.371780,-0.043581,-0.043581,0.003903
0.002232,-0.005326,-189.752579,0.008766,0.008766,0.003894
0.003139,-0.015979,-185.074097,0.080406,0.080406,0.003901
0.004010,-0.015979,-189.693420,0.028459,0.028459,0.003898
0.005043,-0.026632,-185.958160,0.092939,0.092939,0.003897
0.006055,-0.021305,-190.911011,-0.027704,-0.027704,0.003900
0.003879,0.002131,-185.484726,-0.168930,-0.168930,0.003895
0.001865,0.022371,-186.609909,-0.287177,-0.287177,0.003898
-0.000069,0.022371,-185.289490,-0.175652,-0.175652,0.003897
-0.000193,0.021305,-188.638550,-0.156849,-0.156849,0.004200
-0.000379,0.005326,-187.275681,0.038110,0.038110,0.003897
0.001446,-0.007457,-187.521439,0.079091,0.079091,0.003896
0.003197,-0.007457,-188.589172,-0.021420,-0.021420,0.003900
0.004871,-0.009587,-188.121704,-0.092720,-0.092720,0.003899
0.003656,0.009587,-190.719635,-0.242686,-0.242686,0.003897
0.002547,0.024501,-185.692307,-0.348611,-0.348611,0.003900
0.001481,0.024501,-189.287857,-0.289470,-0.289470,0.003895
0.001099,0.021305,-186.898071,-0.229424,-0.229424,0.003902
0.000667,0.004261,-191.766586,-0.010501,-0.010501,0.003898
0.002317,-0.006392,-186.983170,0.018707,0.018707,0.003897
0.003868,-0.014914,-191.683060,0.025193,0.025193,0.003900
0.005357,-0.014914,-188.328857,-0.058436,-0.058436,0.003897
0.005171,-0.010653,-193.530563,-0.097912,-0.097912,0.003898
0.005049,0.004261,-188.819931,-0.259468,-0.259468,0.003902
0.003620,0.012783,-190.298859,-0.276902,-0.276902,0.003898
0.002249,0.012783,-189.177979,-0.197516,-0.197516,0.003896
0.000892,0.002131,-192.183502,0.001896,0.001896,0.003898
0.002248,-0.010653,-190.872589,0.071611,0.071611,0.003898
0.003521,-0.018109,-190.819031,0.083302,0.083302,0.003903
0.004744,-0.018109,-191.441727,0.013059,0.013059,0.003896
0.004864,-0.017044,-191.340622,-0.005828,-0.005828,0.003899
0.005060,0.004261,-192.218109,-0.261027,-0.261027,0.003898
0.003142,0.021305,-188.482544,-0.345582,-0.345582,0.004228
0.001301,0.023436,-190.849243,-0.265779,-0.265779,0.003904
-0.000466,0.023436,-189.767715,-0.163304,-0.163304,0.003897
0.000390,0.019175,-193.246063,-0.164120,-0.164120,0.003895
0.001163,0.006392,-189.433304,-0.060794,-0.060794,0.003901
0.002619,0.000000,-194.247803,-0.072769,-0.072769,0.003900
0.004015,0.000000,-191.720428,-0.151038,-0.151038,0.003899
0.005353,-0.001065,-197.570419,-0.216682,-0.216682,0.003895
0.004923,-0.001065,-191.570663,-0.189635,-0.189635,0.003900
0.004519,0.001065,-195.230240,-0.193281,-0.193281,0.003897
0.004531,-0.007457,-192.482773,-0.094901,-0.094901,0.003898
0.004543,-0.007457,-197.600372,-0.096682,-0.096682,0.003899
0.004506,-0.020240,-193.115784,0.053880,0.053880,0.003898
0.006033,-0.036219,-197.485153,0.147264,0.147264,0.003902
0.007467,-0.044741,-194.327103,0.164239,0.164239,0.003897
0.008844,-0.044741,-198.961517,0.083860,0.083860,0.003897
0.007255,-0.025566,-193.471832,-0.042526,-0.042526,0.003902
0.005830,0.001065,-194.384842,-0.267807,-0.267807,0.003893
0.003843,0.014914,-192.545670,-0.311781,-0.311781,0.003903
0.001934,0.014914,-196.093155,-0.202905,-0.202905,0.003895
0.000054,0.002131,-193.921570,0.052885,0.052885,0.003900
0.001862,-0.017044,-195.518951,0.167637,0.167637,0.003897
0.003582,-0.021305,-194.363770,0.118273,0.118273,0.003900
0.002906,-0.001065,-197.237228,-0.075085,-0.075085,0.004228
0.002258,-0.001065,-194.630127,-0.036651,-0.036651,0.003903
0.001743,0.027697,-193.466187,-0.337418,-0.337418,0.003902
0.000177,0.037284,-193.739929,-0.357697,-0.357697,0.003897
-0.001382,0.022371,-195.266113,-0.097286,-0.097286,0.003897
-0.002879,0.022371,-195.556427,-0.010684,-0.010684,0.003900
-0.001063,0.001065,-194.783829,0.129009,0.129009,0.003900
0.000661,-0.004261,-196.561279,0.090654,0.090654,0.003902
0.001041,0.006392,-196.161148,-0.052376,-0.052376,0.003898
0.001485,0.027697,-197.757492,-0.321955,-0.321955,0.003895
0.001911,0.027697,-193.323837,-0.345788,-0.345788,0.003895
0.000098,0.045806,-196.048569,-0.450792,-0.450792,0.003902
-0.001686,0.034088,-194.917419,-0.213027,-0.213027,0.003899
-0.000034,0.009587,-198.246780,-0.027921,-0.027921,0.003899
0.001553,0.009587,-194.776962,-0.117685,-0.117685,0.003898
0.003044,0.001065,-199.014862,-0.107195,-0.107195,0.003901
0.003944,0.002131,-197.135742,-0.169365,-0.169365,0.003897
0.004844,0.011718,-202.081024,-0.331599,-0.331599,0.003900
0.005708,0.011718,-196.436401,-0.379207,-0.379207,0.003897
0.005047,0.020240,-199.979095,-0.441103,-0.441103,0.003899
0.004376,0.010653,-197.788086,-0.291372,-0.291372,0.003901
0.005044,-0.009587,-202.173508,-0.098908,-0.098908,0.003897
0.005633,-0.023436,-198.204422,0.027590,0.027590,0.003898
0.006193,-0.023436,-202.483215,-0.006177,-0.006177,0.004166
0.007478,-0.028762,-200.286545,-0.017302,-0.017302,0.003897
0.008748,-0.019175,-204.480087,-0.200924,-0.200924,0.003899
0.006899,0.002131,-198.674667,-0.336897,-0.336897,0.003899
0.005124,0.002131,-201.965668,-0.237309,-0.237309,0.003899
0.003436,0.006392,-200.137039,-0.187768,-0.187768,0.003896
0.003951,-0.010653,-204.021027,-0.022986,-0.022986,0.003898
0.004358,-0.034088,-200.275482,0.223533,0.223533,0.003898
0.004749,-0.034088,-204.251251,0.199566,0.199566,0.003902
0.006224,-0.039415,-201.959457,0.177456,0.177456,0.003898
0.007699,-0.023436,-205.304489,-0.091173,-0.091173,0.003900
0.005070,0.005326,-199.241867,-0.268078,-0.268078,0.003893
0.002607,0.021305,-202.111847,-0.311976,-0.311976,0.003903
0.000241,0.021305,-200.546570,-0.174933,-0.174933,0.003896
0.000597,0.007457,-204.083923,-0.037466,-0.037466,0.003901
0.000831,-0.021305,-200.703644,0.279835,0.279835,0.003901
0.002276,-0.028762,-204.449890,0.280792,0.280792,0.003901
0.003663,-0.028762,-202.681839,0.202652,0.202652,0.003919
0.005051,-0.013848,-205.430954,-0.048533,-0.048533,0.003903
0.003083,0.014914,-199.792709,-0.263596,-0.263596,0.003899
0.001280,0.038350,-202.300308,-0.430684,-0.430684,0.003900
-0.000450,0.038350,-201.282303,-0.330271,-0.330271,0.003898
-0.000404,0.025566,-203.671143,-0.186976,-0.186976,0.003898
-0.000490,-0.008522,-201.967773,0.209198,0.209198,0.004200
0.001284,-0.019175,-204.318924,0.228552,0.228552,0.003899
0.003031,-0.007457,-204.291656,-0.004980,-0.004980,0.003898
0.004708,-0.007457,-205.006653,-0.101323,-0.101323,0.003901
0.002975,0.022371,-201.327255,-0.342988,-0.342988,0.003901
0.001408,0.047937,-202.711731,-0.547153,-0.547153,0.003900
0.001115,0.033023,-203.462967,-0.359041,-0.359041,0.003898
0.000835,0.033023,-204.149231,-0.342598,-0.342598,0.003900
0.000437,-0.001065,-203.708359,0.070757,0.070757,0.003899
0.002719,-0.018109,-204.909561,0.134652,0.134652,0.003897
0.004961,-0.004261,-206.214569,-0.152180,-0.152180,0.003904
0.003618,0.023436,-205.257751,-0.391592,-0.391592,0.003897
0.002329,0.023436,-203.371536,-0.317939,-0.317939,0.003898
0.001187,0.049002,-203.555374,-0.545818,-0.545818,0.003900
0.000830,0.038350,-205.900482,-0.403257,-0.403257,0.003900
0.000363,0.005326,-204.666168,0.002575,0.002575,0.003902
-0.000085,0.005326,-206.108002,0.027811,0.027811,0.003894
0.001929,-0.009587,-205.321884,0.083451,0.083451,0.003902
0.003894,-0.001065,-208.626785,-0.127329,-0.127329,0.003899
0.002510,0.028762,-205.014587,-0.387929,-0.387929,0.003899
0.001181,0.028762,-205.415604,-0.313074,-0.313074,0.003899
0.000009,0.056459,-203.987595,-0.562657,-0.562657,0.003898
-0.000214,0.045806,-208.475967,-0.428502,-0.428502,0.003902
-0.000548,0.012783,-204.358673,-0.029435,-0.029435,0.004202
0.001615,-0.004261,-208.807327,0.039787,0.039787,0.003897
0.003691,-0.004261,-205.937012,-0.077638,-0.077638,0.003897
0.005712,0.003196,-211.520203,-0.280265,-0.280265,0.003899
0.004801,0.026632,-205.377380,-0.493974,-0.493974,0.003900
0.004007,0.047937,-208.751663,-0.694770,-0.694770,0.003899
0.003244,0.047937,-206.179764,-0.649577,-0.649577,0.003898
0.003217,0.035154,-211.011734,-0.502732,-0.502732,0.003898
0.003072,0.003196,-206.691116,-0.126528,-0.126528,0.003902
0.005096,-0.013848,-211.363998,-0.049475,-0.049475,0.003897
0.007056,-0.009587,-209.716843,-0.208906,-0.208906,0.003901
0.008937,-0.009587,-213.983795,-0.317646,-0.317646,0.003899
0.008387,0.006392,-209.168976,-0.467240,-0.467240,0.003902
0.007899,0.017044,-211.446457,-0.563133,-0.563133,0.003899
0.007737,0.004261,-211.639786,-0.406532,-0.406532,0.003897
0.007581,0.004261,-212.441742,-0.397502,-0.397502,0.003898
0.007332,-0.022371,-212.461349,-0.077964,-0.077964,0.003904
0.008768,-0.039415,-213.042252,0.034679,0.034679,0.003896
0.010166,-0.034088,-216.590851,-0.106387,-0.106387,0.003901
0.011509,-0.034088,-213.233109,-0.182055,-0.182055,0.003898
0.010630,-0.014914,-214.198914,-0.352457,-0.352457,0.003898
0.009854,0.003196,-212.121613,-0.514805,-0.514805,0.003899
0.009338,-0.010653,-217.085037,-0.327528,-0.327528,0.003902
0.008725,-0.039415,-212.579102,0.039021,0.039021,0.004198
0.008148,-0.039415,-217.210892,0.070349,0.070349,0.003898
0.009441,-0.056459,-214.761429,0.193074,0.193074,0.003900
0.010739,-0.041545,-218.006760,-0.053206,-0.053206,0.003897
0.008406,-0.002131,-212.526352,-0.369111,-0.369111,0.003903
0.006167,-0.002131,-214.157501,-0.242722,-0.242722,0.003898
0.004112,0.023436,-214.878067,-0.416749,-0.416749,0.003897
0.004140,0.004261,-214.855194,-0.198505,-0.198505,0.003897
0.004027,-0.033023,-215.872589,0.234832,0.234832,0.003898
0.003918,-0.033023,-215.170959,0.241498,0.241498,0.003899
0.005275,-0.042611,-219.309799,0.273011,0.273011,0.003901
0.006666,-0.019175,-213.921677,-0.073475,-0.073475,0.003897
0.004593,0.021305,-215.459732,-0.420052,-0.420052,0.003900
0.002663,0.037284,-212.634064,-0.491492,-0.491492,0.003899
0.000810,0.037284,-217.587677,-0.386220,-0.386220,0.003897
0.001273,0.010653,-213.165787,-0.105872,-0.105872,0.003896
0.001581,-0.025566,-217.829758,0.289247,0.289247,0.003904
0.002962,-0.026632,-216.249680,0.224007,0.224007,0.003893
0.004288,-0.026632,-219.090546,0.147195,0.147195,0.003899
0.005665,0.001065,-214.089355,-0.247794,-0.247794,0.003900
0.003542,0.036219,-214.594788,-0.530348,-0.530348,0.003897
0.001556,0.050067,-215.853821,-0.574598,-0.574598,0.003900
-0.000351,0.050067,-214.220795,-0.464554,-0.464554,0.003897
0.000480,0.021305,-217.360336,-0.183678,-0.183678,0.004231
0.001163,-0.007457,-215.475998,0.107638,0.107638,0.003900
0.002361,-0.002131,-221.216492,-0.022878,-0.022878,0.003899
0.003601,0.022371,-214.861145,-0.372302,-0.372302,0.003898
0.004793,0.022371,-217.730087,-0.443337,-0.443337,0.003897
0.003550,0.051133,-215.506714,-0.700045,-0.700045,0.003904
0.002336,0.045806,-219.288864,-0.570276,-0.570276,0.003895
0.003957,0.008522,-216.455475,-0.234990,-0.234990,0.003899
0.005513,0.008522,-219.181549,-0.325533,-0.325533,0.003899
0.006927,-0.012783,-220.890549,-0.161733,-0.161733,0.003896
0.007181,0.002131,-220.152878,-0.346373,-0.346373,0.003900
0.007505,0.023436,-220.028183,-0.609183,-0.609183,0.003897
0.007304,0.025566,-218.440369,-0.622075,-0.622075,0.003900
0.007111,0.025566,-223.149963,-0.611638,-0.611638,0.003900
0.006842,0.003196,-218.790527,-0.338149,-0.338149,0.003904
0.008210,-0.023436,-223.592514,-0.113634,-0.113634,0.003894
0.009491,-0.031958,-221.860794,-0.087704,-0.087704,0.003899
0.010722,-0.031958,-225.885452,-0.159072,-0.159072,0.003898
0.010250,-0.014914,-221.844391,-0.325482,-0.325482,0.003902
0.009862,0.002131,-222.739761,-0.499948,-0.499948,0.003895
0.009906,-0.006392,-225.334473,-0.404554,-0.404554,0.003901
0.009948,-0.006392,-222.729004,-0.405925,-0.405925,0.003902
0.009881,-0.035154,-226.777420,-0.073876,-0.073876,0.003896
0.010859,-0.055394,-224.589233,0.103355,0.103355,0.004230
0.011834,-0.050067,-229.446548,-0.014561,-0.014561,0.003903
0.010674,-0.030893,-223.992950,-0.165449,-0.165449,0.003898
0.009561,-0.030893,-225.088089,-0.103714,-0.103714,0.003897
0.008555,-0.013848,-226.835129,-0.240640,-0.240640,0.003900
0.008462,-0.025566,-224.912460,-0.100404,-0.100404,0.003899
0.008256,-0.056459,-228.289658,0.264276,0.264276,0.003900
0.008059,-0.056459,-225.915100,0.276979,0.276979,0.003898
0.008756,-0.066046,-231.002579,0.345740,0.345740,0.003900
0.009517,-0.041545,-224.224365,0.023629,0.023629,0.003896
0.006905,-0.006392,-225.708878,-0.231536,-0.231536,0.003898
0.004445,0.006392,-225.402298,-0.235964,-0.235964,0.003903
0.002083,0.006392,-224.939819,-0.100430,-0.100430,0.003897
0.002787,-0.012783,-226.788269,0.078457,0.078457,0.003898
0.003367,-0.038350,-225.136948,0.338575,0.338575,0.003897
0.003253,-0.028762,-230.320236,0.234699,0.234699,0.003899
0.003143,-0.028762,-223.420807,0.243118,0.243118,0.003898
0.003190,0.011718,-225.383179,-0.225795,-0.225795,0.003899
0.001139,0.042611,-223.405869,-0.460847,-0.460847,0.003900
-0.000838,0.040480,-224.996414,-0.323704,-0.323704,0.003897
-0.002736,0.040480,-224.564987,-0.214038,-0.214038,0.003900
-0.001076,0.007457,-224.838394,0.068488,0.068488,0.003899
0.000462,-0.007457,-229.768295,0.151001,0.151001,0.003897
0.000038,0.013848,-223.582932,-0.066524,-0.066524,0.004168
-0.000238,0.050067,-225.819153,-0.467890,-0.467890,0.003895
-0.000502,0.050067,-223.591751,-0.451802,-0.451802,0.003901
-0.000934,0.066046,-226.620834,-0.610822,-0.610822,0.003896
-0.001476,0.031958,-225.145721,-0.188176,-0.188176,0.003901
0.000634,0.002131,-226.233566,0.031465,0.031465,0.003898
0.002660,0.002131,-230.137863,-0.084466,-0.084466,0.003899
0.004629,0.008522,-225.659042,-0.269135,-0.269135,0.003900
0.003364,0.039415,-227.814026,-0.551991,-0.551991,0.003898
0.002210,0.055394,-225.424683,-0.667735,-0.667735,0.003898
0.001102,0.055394,-229.495575,-0.605075,-0.605075,0.003903
0.002559,0.034088,-226.852310,-0.443190,-0.443190,0.003896
0.003830,0.000000,-228.943710,-0.127041,-0.127041,0.003896
0.004637,-0.008522,-232.173767,-0.074962,-0.074962,0.003901
0.005495,0.013848,-228.969498,-0.379039,-0.379039,0.003897
0.006319,0.013848,-230.958160,-0.427681,-0.427681,0.003901
0.005627,0.033023,-228.592575,-0.606592,-0.606592,0.003899
0.004914,0.020240,-232.681030,-0.420264,-0.420264,0.003896
0.006837,-0.012783,-230.084244,-0.151000,-0.151000,0.003899
0.008683,-0.012783,-232.003876,-0.258118,-0.258118,0.003897
0.010384,-0.031958,-235.624405,-0.135502,-0.135502,0.003898
0.009824,-0.015979,-231.837234,-0.284791,-0.284791,0.003902
0.009382,0.009587,-234.169724,-0.553661,-0.553661,0.003896
0.009327,0.006392,-232.556335,-0.512972,-0.512972,0.004201
0.009273,0.006392,-234.740555,-0.510506,-0.510506,0.003899
0.009105,-0.024501,-234.735275,-0.146302,-0.146302,0.003898
0.010642,-0.047937,-234.264633,0.033718,0.033718,0.003899
0.012137,-0.042611,-239.711655,-0.113341,-0.113341,0.003900
0.013572,-0.042611,-233.574249,-0.193569,-0.193569,0.003897
0.011826,-0.019175,-235.957260,-0.364078,-0.364078,0.003897
0.010214,-0.002131,-235.919464,-0.465598,-0.465598,0.003898
0.010951,-0.022371,-235.643753,-0.276248,-0.276248,0.003901
0.011659,-0.022371,-238.200806,-0.317018,-0.317018,0.003899
0.012199,-0.059655,-236.355331,0.079863,0.079863,0.003901
0.012629,-0.064981,-241.730392,0.115355,0.115355,0.003897
0.013130,-0.041545,-235.899551,-0.179506,-0.179506,0.003900
0.010779,-0.009587,-236.152985,-0.412735,-0.412735,0.003898
0.008522,-0.009587,-238.691071,-0.282991,-0.282991,0.003929
0.006356,-0.009587,-235.330704,-0.157511,-0.157511,0.003903
0.008096,-0.046872,-239.789886,0.168005,0.168005,0.003897
0.009679,-0.070307,-238.259567,0.347223,0.347223,0.003898
0.011198,-0.070307,-240.175201,0.259335,0.259335,0.003900
0.009686,-0.042611,-237.128357,0.029854,0.029854,0.003898
0.008415,0.005326,-234.829590,-0.447152,-0.447152,0.003898
0.006746,0.017044,-238.802338,-0.486392,-0.486392,0.003899
0.005144,0.017044,-234.667450,-0.392745,-0.392745,0.003898
0.003504,-0.009587,-237.809738,0.004669,0.004669,0.004201
0.005042,-0.034088,-240.123978,0.198105,0.198105,0.003899
0.006570,-0.020240,-236.946869,-0.047282,-0.047282,0.003896
0.004569,0.020240,-238.088303,-0.397063,-0.397063,0.003900
0.002648,0.020240,-235.620163,-0.286246,-0.286246,0.003900
0.000860,0.035154,-238.961487,-0.355263,-0.355263,0.003897
0.002447,0.003196,-237.739609,-0.079182,-0.079182,0.003901
0.003843,-0.030893,-238.046753,0.230391,0.230391,0.003896
0.005182,-0.030893,-243.135590,0.153548,0.153548,0.003899
0.005533,-0.024501,-236.883453,0.062323,0.062323,0.003900
0.005993,0.008522,-238.510376,-0.344733,-0.344733,0.003899
0.004114,0.036219,-237.446869,-0.553201,-0.553201,0.003900
0.002278,0.027697,-236.931412,-0.350611,-0.350611,0.003897
0.000515,0.027697,-239.373886,-0.249572,-0.249572,0.003894
0.002032,-0.004261,-237.561234,0.030170,0.030170,0.003899
0.003460,-0.011718,-242.939026,0.032762,0.032762,0.003900
0.002149,0.018109,-237.369431,-0.231189,-0.231189,0.003898
0.000890,0.018109,-237.561951,-0.161168,-0.161168,0.003899
-0.000198,0.050067,-240.359207,-0.464411,-0.464411,0.003898
0.000619,0.043676,-236.832184,-0.437023,-0.437023,0.003898
0.001251,0.003196,-241.336578,-0.011394,-0.011394,0.003895
0.001859,0.003196,-240.313553,-0.044445,-0.044445,0.003900
0.003199,-0.011718,-241.096619,0.048886,0.048886,0.003899
0.004603,0.018109,-240.763367,-0.372913,-0.372913,0.004227
0.002994,0.045806,-238.241043,-0.597706,-0.597706,0.003899
0.001426,0.039415,-242.328217,-0.435470,-0.435470,0.003901
-0.000080,0.039415,-239.561859,-0.347295,-0.347295,0.003898
0.002140,0.002131,-241.201202,-0.049112,-0.049112,0.003897
0.004207,-0.014914,-245.708633,0.027929,0.027929,0.003901
0.003252,0.008522,-240.552780,-0.183668,-0.183668,0.003900
0.002336,0.008522,-242.726700,-0.133123,-0.133123,0.003903
0.001571,0.039415,-241.916245,-0.441979,-0.441979,0.003895
0.001968,0.035154,-241.981232,-0.416338,-0.416338,0.003899
0.002206,-0.003196,-244.397507,0.009073,0.009073,0.003896
0.003900,-0.024501,-242.518402,0.156639,0.156639,0.003904
0.005527,-0.024501,-247.104706,0.062420,0.062420,0.003896
0.007180,0.000000,-241.845871,-0.311169,-0.311169,0.003898
0.004306,0.044741,-241.154083,-0.660444,-0.660444,0.003900
0.001579,0.053263,-244.744949,-0.601634,-0.601634,0.003898
-0.001039,0.053263,-240.718643,-0.449773,-0.449773,0.003899
0.001416,0.011718,-244.869858,-0.116828,-0.116828,0.003899
0.003681,-0.012783,-245.767242,0.035253,0.035253,0.003901
0.003289,0.009587,-244.323608,-0.197943,-0.197943,0.003896
0.002912,0.009587,-245.023834,-0.176897,-0.176897,0.003900
0.002694,0.047937,-242.682632,-0.603126,-0.603126,0.003902
0.002115,0.056459,-245.259125,-0.668388,-0.668388,0.003897
0.001413,0.015979,-245.816925,-0.163539,-0.163539,0.004196
0.004013,-0.018109,-244.718903,0.077561,0.077561,0.003899
0.006510,-0.018109,-250.248352,-0.066296,-0.066296,0.003899
0.008982,0.002131,-244.486649,-0.437765,-0.437765,0.003902
0.006449,0.040480,-245.091492,-0.733646,-0.733646,0.003894
0.004037,0.045806,-248.411438,-0.655841,-0.655841,0.003902
0.001722,0.045806,-244.568604,-0.521482,-0.521482,0.003898
0.004349,0.007457,-248.807800,-0.234956,-0.234956,0.003896
0.006768,-0.020240,-249.599304,-0.055080,-0.055080,0.003900
0.006164,-0.003196,-248.416901,-0.215195,-0.215195,0.003898
0.005585,-0.003196,-249.597794,-0.182381,-0.182381,0.003897
0.005148,0.028762,-247.688690,-0.522668,-0.522668,0.003902
0.005343,0.029827,-250.149673,-0.546863,-0.546863,0.003898
0.005371,-0.012783,-250.600494,-0.059644,-0.059644,0.003899
0.007368,-0.040480,-249.557297,0.142931,0.142931,0.003897
0.009284,-0.040480,-254.893845,0.032401,0.032401,0.003897
0.011196,-0.021305,-249.507156,-0.294743,-0.294743,0.003902
0.008516,0.015979,-248.871887,-0.569852,-0.569852,0.003897
0.005991,0.028762,-252.681580,-0.571428,-0.571428,0.003899
0.003568,0.028762,-248.628571,-0.430639,-0.430639,0.003899
0.005707,-0.004261,-252.089493,-0.177119,-0.177119,0.003899
0.007641,-0.036219,-254.882889,0.079075,0.079075,0.003900
0.006824,-0.014914,-250.467926,-0.116802,-0.116802,0.003897
0.006191,0.023436,-252.322769,-0.521271,-0.521271,0.004202
0.005576,0.023436,-252.418076,-0.485198,-0.485198,0.003900
0.004973,0.033023,-250.786606,-0.560255,-0.560255,0.003895
0.004246,-0.006392,-254.628448,-0.067950,-0.067950,0.003898
0.006372,-0.035154,-253.633560,0.140773,0.140773,0.003900
0.008414,-0.035154,-255.073730,0.023110,0.023110,0.003895
0.010449,-0.014914,-253.873444,-0.324922,-0.324922,0.003898
0.007737,0.024501,-251.215546,-0.620874,-0.620874,0.003905
0.005165,0.033023,-254.486771,-0.571803,-0.571803,0.003895
0.002697,0.033023,-253.734299,-0.428656,-0.428656,0.003901
0.005365,-0.004261,-253.226593,-0.155374,-0.155374,0.003897
0.007830,-0.029827,-258.887573,-0.004514,-0.004514,0.003898
0.006328,-0.002131,-253.775696,-0.233011,-0.233011,0.003899
0.005006,0.029827,-253.816254,-0.525028,-0.525028,0.003899
0.003737,0.029827,-257.738892,-0.452105,-0.452105,0.003898
0.004423,0.020240,-253.901886,-0.380163,-0.380163,0.003903
0.004927,-0.021305,-256.847778,0.064971,0.064971,0.003896
0.006343,-0.037284,-260.352936,0.167768,0.167768,0.003899
0.007702,-0.037284,-254.877411,0.091123,0.091123,0.003901
0.009147,0.000000,-256.035645,-0.420943,-0.420943,0.003897
0.005916,0.040480,-256.095306,-0.698289,-0.698289,0.003900
0.002798,0.036219,-253.488480,-0.470377,-0.470377,0.003896
-0.000195,0.036219,-257.419067,-0.299514,-0.299514,0.003901
0.002659,-0.002131,-258.180847,-0.022851,-0.022851,0.004202
0.005369,-0.010653,-256.603973,-0.080606,-0.080606,0.003896
0.003607,0.024501,-257.927521,-0.382505,-0.382505,0.003899
0.002023,0.053263,-256.584503,-0.620265,-0.620265,0.003896
0.000503,0.053263,-257.223602,-0.533496,-0.533496,0.003901
0.002450,0.025566,-259.775970,-0.327988,-0.327988,0.003896
0.004148,-0.020240,-258.413574,0.099943,0.099943,0.003898
0.004677,-0.015979,-261.193604,0.020172,0.020172,0.003898
0.005186,-0.015979,-259.085846,-0.007902,-0.007902,0.003897
0.005830,0.025566,-256.523560,-0.521366,-0.521366,0.003900
0.004058,0.050067,-259.608856,-0.701138,-0.701138,0.003895
0.002266,0.025566,-258.892883,-0.316423,-0.316423,0.003902
0.004591,-0.010653,-258.256531,-0.035667,-0.035667,0.003898
0.006824,-0.010653,-263.679352,-0.164180,-0.164180,0.003896
0.009015,0.002131,-259.264832,-0.434172,-0.434172,0.003904
0.006916,0.041545,-258.710876,-0.766624,-0.766624,0.003895
0.004913,0.044741,-263.090912,-0.688372,-0.688372,0.003899
0.002990,0.044741,-260.053589,-0.576121,-0.576121,0.003902
0.006136,-0.001065,-261.311646,-0.233684,-0.233684,0.003896
0.009057,-0.027697,-266.671875,-0.096052,-0.096052,0.003897
0.007448,0.001065,-261.277588,-0.330723,-0.330723,0.003900
0.005904,0.001065,-262.003937,-0.244222,-0.244222,0.003899
0.004557,0.037284,-265.822968,-0.581192,-0.581192,0.003899
0.005838,0.020240,-262.512207,-0.458121,-0.458121,0.004227
0.006871,-0.030893,-264.111237,0.066592,0.066592,0.003902
0.008172,-0.036219,-269.130035,0.053466,0.053466,0.003898
0.009422,-0.036219,-263.040222,-0.016244,-0.016244,0.003898
0.010788,0.008522,-262.925903,-0.609465,-0.609465,0.003903
0.007667,0.046872,-266.122223,-0.869261,-0.869261,0.003899
0.004599,0.027697,-262.325104,-0.472189,-0.472189,0.003895
0.001654,0.027697,-264.899353,-0.304558,-0.304558,0.003900
0.004910,-0.019175,-269.404022,0.046048,0.046048,0.003898
0.008056,-0.013848,-263.912994,-0.193793,-0.193793,0.003901
0.005274,0.033023,-264.688324,-0.572842,-0.572842,0.003896
0.002604,0.033023,-267.376526,-0.419120,-0.419120,0.003899
0.000128,0.056459,-263.701660,-0.544090,-0.544090,0.003899
0.002416,0.017044,-266.807281,-0.225823,-0.225823,0.003900
0.004474,-0.020240,-270.699066,0.084105,0.084105,0.003896
0.003981,0.003196,-265.520874,-0.154278,-0.154278,0.003903
0.003507,0.003196,-266.521271,-0.129212,-0.129212,0.003898
0.003208,0.044741,-268.836426,-0.587253,-0.587253,0.003898
0.003185,0.047937,-265.247040,-0.621575,-0.621575,0.003901
0.002972,-0.003196,-268.505371,-0.025403,-0.025403,0.003898
0.002767,-0.003196,-272.107422,-0.012296,-0.012296,0.003897
0.004654,-0.019175,-267.052429,0.063694,0.063694,0.003900
0.006618,0.021305,-267.563232,-0.514591,-0.514591,0.003899
0.004188,0.054328,-270.375732,-0.752837,-0.752837,0.004202
0.001771,0.036219,-266.397949,-0.405539,-0.405539,0.003899
-0.000549,0.036219,-268.874908,-0.273896,-0.273896,0.003896
0.002456,-0.006392,-273.530090,0.042279,0.042279,0.003897
0.005382,0.004261,-268.040619,-0.245808,-0.245808,0.003902
0.003111,0.047937,-268.429993,-0.617629,-0.617629,0.003896
0.000931,0.047937,-271.668488,-0.492245,-0.492245,0.003897
-0.001086,0.068177,-268.071930,-0.606776,-0.606776,0.003900
0.001808,0.023436,-270.267090,-0.262254,-0.262254,0.003900
0.004482,-0.004261,-275.217255,-0.097881,-0.097881,0.003896
0.007049,-0.004261,-269.976654,-0.243314,-0.243314,0.003902
0.005721,0.029827,-270.423462,-0.559458,-0.559458,0.003899
0.004578,0.064981,-274.367859,-0.896067,-0.896067,0.003896
0.006127,0.043676,-271.272888,-0.739494,-0.739494,0.003901
0.007422,-0.007457,-272.498871,-0.229778,-0.229778,0.003899
0.008665,-0.007457,-277.875610,-0.300696,-0.300696,0.003897
0.009452,-0.003196,-273.075378,-0.392440,-0.392440,0.003902
0.010386,0.044741,-272.610016,-0.996864,-0.996864,0.003898
0.009083,0.054328,-276.701477,-1.031952,-1.031952,0.003900
0.007831,0.054328,-274.960846,-0.958399,-0.958399,0.003897
0.006439,0.003196,-274.804901,-0.293743,-0.293743,0.003902
0.009629,-0.026632,-279.697632,-0.135575,-0.135575,0.003896
0.012827,0.009587,-277.119049,-0.731907,-0.731907,0.003899
0.010220,0.047937,-275.506836,-1.022257,-1.022257,0.004228
0.007702,0.047937,-277.364380,-0.878307,-0.878307,0.003903
0.005210,0.027697,-279.446960,-0.502644,-0.502644,0.003901
0.008821,-0.029827,-278.926758,-0.050658,-0.050658,0.003897
0.012307,-0.024501,-279.406769,-0.312111,-0.312111,0.003902
0.015654,-0.024501,-280.113220,-0.504175,-0.504175,0.003895
0.012865,0.024501,-279.846893,-0.904698,-0.904698,0.003900
0.010232,0.036219,-278.273437,-0.887703,-0.887703,0.003899
0.013074,-0.011718,-281.882507,-0.502790,-0.502790,0.003898
0.015802,-0.011718,-284.199585,-0.658012,-0.658012,0.003905
0.018305,-0.042611,-280.282257,-0.447205,-0.447205,0.003893
0.016502,-0.004261,-281.447174,-0.784228,-0.784228,0.003902
0.014901,0.030893,-284.388000,-1.094286,-1.094286,0.003899
0.015665,0.003196,-281.141815,-0.819862,-0.819862,0.003899
0.016398,0.003196,-282.825867,-0.863302,-0.863302,0.003902
0.016911,-0.047937,-288.039276,-0.306677,-0.306677,0.003893
0.017140,-0.035154,-283.686737,-0.464060,-0.464060,0.003905
0.017544,0.013848,-282.690765,-1.050029,-1.050029,0.003896
0.017932,0.013848,-286.074249,-1.072710,-1.072710,0.003902
0.017086,0.011718,-286.427368,-0.998376,-0.998376,0.003898
0.016063,-0.044741,-285.822662,-0.293112,-0.293112,0.003903
0.017493,-0.057524,-287.635406,-0.229122,-0.229122,0.003898
0.018865,-0.057524,-287.566925,-0.307198,-0.307198,0.003900
0.020363,-0.008522,-287.932312,-0.954295,-0.954295,0.004170
0.018174,0.015979,-285.596863,-1.108902,-1.108902,0.003897
0.015906,-0.028762,-288.778046,-0.467331,-0.467331,0.003895
0.018266,-0.070307,-292.765228,-0.125969,-0.125969,0.003906
0.020532,-0.070307,-287.885651,-0.254504,-0.254504,0.003900
0.022843,-0.034088,-287.875397,-0.803900,-0.803900,0.003898
0.019886,0.006392,-291.668304,-1.097492,-1.097492,0.003898
0.016944,-0.021305,-290.538391,-0.609856,-0.609856,0.003899
0.014120,-0.021305,-290.198822,-0.448077,-0.448077,0.003900
0.016886,-0.074569,-293.160736,0.002641,0.002641,0.003898
0.019602,-0.058590,-292.362762,-0.335062,-0.335062,0.003899
0.016391,-0.011718,-291.483337,-0.687548,-0.687548,0.003902
0.013308,-0.011718,-290.054871,-0.510850,-0.510850,0.003896
0.010349,-0.011718,-293.340271,-0.341458,-0.341458,0.003897
0.012866,-0.066046,-296.686737,0.137288,0.137288,0.003904
0.015259,-0.072438,-291.808868,0.074403,0.074403,0.003898
0.012157,-0.020240,-291.224915,-0.347032,-0.347032,0.003897
0.009180,-0.020240,-294.145721,-0.176254,-0.176254,0.003899
0.006414,0.004261,-292.359070,-0.296643,-0.296643,0.003897
0.008016,-0.031958,-292.095215,0.025216,0.025216,0.003900
0.009467,-0.055394,-294.990570,0.210065,0.210065,0.003897
0.010860,-0.055394,-293.697235,0.131250,0.131250,0.003899
0.008628,-0.013848,-292.913666,-0.216718,-0.216718,0.003900
0.006647,0.026632,-289.720734,-0.566646,-0.566646,0.004263
0.007281,0.009587,-292.275574,-0.409241,-0.409241,0.003899
0.007786,-0.018109,-296.506165,-0.120113,-0.120113,0.003900
0.008271,-0.018109,-291.767273,-0.146221,-0.146221,0.003898
0.007054,0.013848,-291.308807,-0.444137,-0.444137,0.003900
0.006009,0.046872,-294.819641,-0.762390,-0.762390,0.003900
0.007543,0.018109,-294.788818,-0.519787,-0.519787,0.003899
0.009016,0.018109,-294.484406,-0.604387,-0.604387,0.003899
0.010258,-0.027697,-295.573456,-0.151467,-0.151467,0.003898
0.009978,-0.004261,-295.903900,-0.403232,-0.403232,0.003899
0.009885,0.042611,-296.694916,-0.934332,-0.934332,0.003900
0.009795,0.042611,-294.043762,-0.928861,-0.928861,0.003900
0.010218,0.021305,-296.521881,-0.710355,-0.710355,0.003896
0.010406,-0.037284,-301.362976,-0.049343,-0.049343,0.003898
0.011002,-0.029827,-297.090668,-0.167003,-0.167003,0.003902
0.011767,0.021305,-296.021149,-0.798034,-0.798034,0.003895
0.012500,0.021305,-298.363342,-0.840624,-0.840624,0.003901
0.011869,0.020240,-300.257477,-0.791204,-0.791204,0.003894
0.011040,-0.039415,-300.958679,-0.059842,-0.059842,0.003902
0.012344,-0.050067,-298.849030,-0.012514,-0.012514,0.003899
0.013596,-0.050067,-299.545593,-0.085295,-0.085295,0.003900
0.014989,0.001065,-302.252441,-0.750424,-0.750424,0.003897
0.013193,0.013848,-300.239594,-0.792465,-0.792465,0.003899
0.011254,-0.040480,-300.347565,-0.059979,-0.059979,0.004166
0.013337,-0.059655,-303.320221,0.039963,0.039963,0.003895
0.015335,-0.059655,-302.499908,-0.073637,-0.073637,0.003901
0.017450,-0.007457,-302.138519,-0.793006,-0.793006,0.003897
0.014714,0.019175,-299.652802,-0.940896,-0.940896,0.003899
0.011920,-0.025566,-302.227997,-0.269230,-0.269230,0.003899
0.009239,-0.025566,-306.984497,-0.114117,-0.114117,0.003899
0.011764,-0.053263,-302.882233,0.059835,0.059835,0.003897
0.014352,-0.009587,-301.559387,-0.590519,-0.590519,0.003900
0.011699,0.019175,-302.828400,-0.767953,-0.767953,0.003900
0.009153,0.019175,-304.782990,-0.621143,-0.621143,0.003899
0.006580,-0.014914,-306.394958,-0.082318,-0.082318,0.003900
0.009218,-0.044741,-303.157928,0.108283,0.108283,0.003897
0.011890,-0.007457,-303.300262,-0.473365,-0.473365,0.003903
0.009167,0.024501,-306.273132,-0.682773,-0.682773,0.003897
0.006554,0.024501,-304.783478,-0.531420,-0.531420,0.003900
0.003917,-0.009587,-304.736786,0.009686,0.009686,0.003900
0.006780,-0.046872,-306.066559,0.272066,0.272066,0.003898
0.009663,-0.010653,-305.670441,-0.307682,-0.307682,0.003901
0.012432,-0.010653,-306.292755,-0.466866,-0.466866,0.003900
0.008915,0.037284,-303.115997,-0.813403,-0.813403,0.003899
0.005428,0.007457,-304.660614,-0.272898,-0.272898,0.003902
0.008543,-0.035154,-308.779053,0.036594,0.036594,0.003897
0.011644,-0.005326,-306.832458,-0.481313,-0.481313,0.004197
0.014622,-0.005326,-305.840332,-0.653194,-0.653194,0.003906
0.011310,0.040480,-304.115906,-0.987763,-0.987763,0.003896
0.008031,0.013848,-306.895844,-0.495235,-0.495235,0.003902
0.011214,-0.030893,-311.359070,-0.164708,-0.164708,0.003899
0.014269,-0.030893,-307.162567,-0.338385,-0.338385,0.003899
0.017310,-0.002131,-306.115051,-0.844052,-0.844052,0.003899
0.014210,0.043676,-307.697021,-1.190825,-1.190825,0.003902
0.011103,0.008522,-310.137970,-0.609222,-0.609222,0.003895
0.008120,0.008522,-312.411896,-0.436859,-0.436859,0.003901
0.011837,-0.043676,-308.548431,-0.051863,-0.051863,0.003899
0.015525,-0.011718,-308.376495,-0.631150,-0.631150,0.003900
0.012167,0.036219,-311.604248,-0.987170,-0.987170,0.003899
0.008809,0.000000,-311.968872,-0.378283,-0.378283,0.003901
0.005585,0.000000,-312.525238,-0.192931,-0.192931,0.003902
0.009437,-0.055394,-311.086639,0.220186,0.220186,0.003893
0.013250,-0.024501,-311.297028,-0.353115,-0.353115,0.003902
0.009389,0.025566,-313.863220,-0.704415,-0.704415,0.003897
0.005682,0.025566,-311.968445,-0.490443,-0.490443,0.003901
0.002036,0.002131,-312.173828,-0.013475,-0.013475,0.003898
0.005841,-0.051133,-313.442566,0.377811,0.377811,0.003897
0.009601,-0.022371,-313.115021,-0.166948,-0.166948,0.003901
0.013211,-0.022371,-314.580811,-0.374445,-0.374445,0.003901
0.009360,0.033023,-312.184479,-0.786795,-0.786795,0.004231
0.005569,0.010653,-312.572754,-0.313896,-0.313896,0.003900
0.009046,-0.038350,-314.885162,0.047550,0.047550,0.003896
0.012491,-0.009587,-314.374207,-0.478672,-0.478672,0.003898
0.015798,-0.009587,-315.236206,-0.668856,-0.668856,0.003902
0.012171,0.036219,-312.269928,-0.984578,-0.984578,0.003900
0.008586,0.008522,-313.416443,-0.462759,-0.462759,0.003895
0.011992,-0.039415,-317.354553,-0.109151,-0.109151,0.003903
0.015262,-0.039415,-315.935913,-0.295386,-0.295386,0.003894
0.018533,-0.004261,-316.130829,-0.886299,-0.886299,0.003901
0.015184,0.037284,-313.998657,-1.169491,-1.169491,0.003899
0.011798,-0.008522,-315.845428,-0.451456,-0.451456,0.003901
0.008548,-0.008522,-320.391602,-0.263976,-0.263976,0.003894
0.012232,-0.053263,-317.995728,0.038444,0.038444,0.003898
0.015941,-0.007457,-317.416473,-0.699972,-0.699972,0.003901
0.012383,0.033023,-315.423279,-0.959272,-0.959272,0.003899
0.008796,-0.012783,-317.352905,-0.229645,-0.229645,0.003899
0.005353,-0.012783,-321.947083,-0.031056,-0.031056,0.003898
0.008652,-0.045806,-318.888275,0.159393,0.159393,0.003901
0.011998,0.002131,-317.881531,-0.582878,-0.582878,0.003900
0.008599,0.034088,-316.418640,-0.753920,-0.753920,0.003895
0.005337,0.034088,-318.598114,-0.567104,-0.567104,0.003900
0.002045,-0.008522,-322.691650,0.110689,0.110689,0.003899
0.005242,-0.030893,-319.689575,0.184833,0.184833,0.004202
0.008503,0.018109,-318.446960,-0.564726,-0.564726,0.003895
0.005070,0.047937,-316.372040,-0.709502,-0.709502,0.003897
0.001774,0.047937,-318.317749,-0.521042,-0.521042,0.003900
-0.001569,0.000000,-322.815277,0.220598,0.220598,0.003897
0.001561,-0.011718,-319.353607,0.176815,0.176815,0.003899
0.004765,0.041545,-317.889191,-0.618414,-0.618414,0.003900
0.007840,0.041545,-316.376617,-0.795693,-0.795693,0.003901
0.004422,0.068177,-318.490662,-0.904853,-0.904853,0.003898
0.000973,0.023436,-322.814117,-0.193667,-0.193667,0.003896
0.003834,0.018109,-319.167908,-0.295217,-0.295217,0.003901
0.006579,0.018109,-318.247223,-0.454436,-0.454436,0.003898
0.009415,0.071373,-318.121887,-1.227441,-1.227441,0.003896
0.007586,0.069242,-320.762726,-1.098065,-1.098065,0.003899
0.005587,0.004261,-325.029388,-0.238254,-0.238254,0.003899
0.008290,0.012783,-321.247894,-0.489300,-0.489300,0.003898
0.010884,0.012783,-320.368134,-0.639873,-0.639873,0.003901
0.013590,0.070307,-320.418671,-1.454217,-1.454217,0.003899
0.012172,0.055394,-323.000000,-1.202030,-1.202030,0.003901
0.010560,-0.011718,-327.246216,-0.340051,-0.340051,0.003899
0.009012,-0.011718,-323.497192,-0.249407,-0.249407,0.003898
0.010971,0.008522,-322.645081,-0.595185,-0.595185,0.003899
0.013063,0.064981,-322.192902,-1.362061,-1.362061,0.003900
0.012126,0.038350,-324.447296,-1.003528,-1.003528,0.004203
0.011008,-0.017044,-328.955322,-0.304212,-0.304212,0.003894
0.009934,-0.017044,-326.189606,-0.240697,-0.240697,0.003900
0.011322,0.013848,-325.929504,-0.675217,-0.675217,0.003901
0.012838,0.062851,-324.390045,-1.323389,-1.323389,0.003902
0.012548,0.018109,-326.311859,-0.795162,-0.795162,0.003898
0.012270,0.018109,-330.534882,-0.778389,-0.778389,0.003897
0.011827,-0.028762,-328.447693,-0.214636,-0.214636,0.003900
0.011978,0.019175,-328.827271,-0.772910,-0.772910,0.003898
0.012253,0.054328,-326.761353,-1.191046,-1.191046,0.003900
0.012518,0.054328,-328.144409,-1.207104,-1.207104,0.003900
0.013460,-0.005326,-331.537842,-0.577701,-0.577701,0.003899
0.014281,-0.027697,-330.385498,-0.367340,-0.367340,0.003898
0.013206,0.027697,-331.748383,-0.940260,-0.940260,0.003899
0.012219,0.039415,-329.660950,-1.017130,-1.017130,0.003902
0.011271,0.039415,-330.566498,-0.963521,-0.963521,0.003897
0.013379,-0.028762,-332.177704,-0.303782,-0.303782,0.003898
0.015400,-0.029827,-331.760773,-0.406983,-0.406983,0.003901
0.013097,0.030893,-334.180237,-0.970003,-0.970003,0.003896
0.010886,0.030893,-333.115936,-0.842019,-0.842019,0.003901
0.008724,0.020240,-334.015289,-0.596298,-0.596298,0.003899
0.011783,-0.041545,-332.981293,-0.064289,-0.064289,0.003896
0.014798,-0.020240,-332.327026,-0.481860,-0.481860,0.003902
0.017687,-0.020240,-334.624329,-0.648067,-0.648067,0.004232
0.014639,0.034088,-336.142395,-1.094017,-1.094017,0.003898
0.011554,-0.008522,-339.125488,-0.428347,-0.428347,0.003901
0.015120,-0.053263,-335.364471,-0.119737,-0.119737,0.003899
0.018718,-0.006392,-334.665833,-0.864586,-0.864586,0.003894
0.022173,-0.006392,-334.963257,-1.063309,-1.063309,0.003900
0.018519,0.025566,-337.158203,-1.219203,-1.219203,0.003899
0.014781,-0.036219,-341.395203,-0.296234,-0.296234,0.003898
0.017943,-0.052198,-338.542572,-0.293195,-0.293195,0.003896
0.020978,-0.052198,-338.646515,-0.468718,-0.468718,0.003901
0.024120,0.008522,-336.949799,-1.344254,-1.344254,0.003898
0.020906,0.006392,-338.359283,-1.135961,-1.135961,0.003897
0.017562,-0.062851,-341.184784,-0.150576,-0.150576,0.003900
0.014351,-0.062851,-340.209412,0.034999,0.034999,0.003900
0.016779,-0.041545,-342.064270,-0.348763,-0.348763,0.003901
0.019317,0.013848,-340.448120,-1.127954,-1.127954,0.003897
0.017002,-0.019175,-341.283173,-0.617583,-0.617583,0.003898
0.014644,-0.055394,-340.061310,-0.067154,-0.067154,0.003898
0.012381,-0.055394,-339.673126,0.062378,0.062378,0.003902
0.013167,-0.011718,-341.706360,-0.482979,-0.482979,0.003899
0.014022,0.014914,-342.557037,-0.836135,-0.836135,0.003899
0.013798,-0.037284,-345.374542,-0.225333,-0.225333,0.003897
0.013583,-0.037284,-342.148437,-0.211811,-0.211811,0.003900
0.013361,-0.038350,-341.796356,-0.188198,-0.188198,0.004202
0.011938,0.018109,-340.793762,-0.752982,-0.752982,0.003897
0.010505,0.000000,-342.470490,-0.463730,-0.463730,0.003898
0.012907,-0.058590,-345.840454,0.069690,0.069690,0.003901
0.015214,-0.058590,-344.187988,-0.061439,-0.061439,0.003896
0.017556,-0.024501,-345.490356,-0.586893,-0.586893,0.003904
0.014182,0.031958,-343.812012,-1.038915,-1.038915,0.003898
0.010776,-0.012783,-344.965424,-0.331729,-0.331729,0.003896
0.007506,-0.012783,-343.997040,-0.143415,-0.143415,0.003900
0.010763,-0.045806,-343.499298,0.047163,0.047163,0.003901
0.014077,0.004261,-345.373932,-0.716594,-0.716594,0.003897
0.011031,0.018109,-346.288940,-0.699418,-0.699418,0.003902
0.008107,0.018109,-349.390442,-0.531086,-0.531086,0.003897
0.005121,-0.029827,-345.832825,0.190525,0.190525,0.003900
0.007308,-0.013848,-345.310913,-0.119490,-0.119490,0.003900
0.009595,0.036219,-343.952637,-0.824261,-0.824261,0.003902
0.008191,0.007457,-345.258667,-0.414891,-0.414891,0.003898
0.006843,0.007457,-348.442322,-0.336933,-0.336933,0.003899
0.005390,-0.035154,-347.041351,0.235675,0.235675,0.003899
0.006076,0.014914,-348.778412,-0.377523,-0.377523,0.003901
0.006843,0.043676,-347.281830,-0.750139,-0.750139,0.003901
0.007579,0.043676,-348.251282,-0.793030,-0.793030,0.003897
0.007567,-0.007457,-346.564117,-0.206526,-0.206526,0.003899
0.007539,-0.010653,-346.030914,-0.169070,-0.169070,0.004203
0.006871,0.043676,-346.958832,-0.752881,-0.752881,0.003897
0.006158,0.024501,-348.838348,-0.492028,-0.492028,0.003903
0.005474,0.024501,-352.903595,-0.451930,-0.451930,0.003895
0.008025,-0.034088,-350.254059,0.073906,0.073906,0.003901
0.010627,0.006392,-350.807495,-0.540030,-0.540030,0.003900
0.008069,0.045806,-348.699402,-0.844096,-0.844096,0.003899
0.005613,0.045806,-349.566376,-0.703901,-0.703901,0.003899
0.003084,0.000000,-349.872253,-0.033877,-0.033877,0.003898
0.005775,-0.014914,-349.142517,-0.017587,-0.017587,0.003900
0.008562,0.039415,-351.282593,-0.799921,-0.799921,0.003898
0.011237,0.039415,-352.055389,-0.952715,-0.952715,0.003901
0.009062,0.031958,-355.191315,-0.742100,-0.742100,0.003899
0.006779,-0.020240,-351.817688,-0.012086,-0.012086,0.003896
0.008796,0.013848,-351.506165,-0.519573,-0.519573,0.003901
0.010891,0.056459,-350.336456,-1.127892,-1.127892,0.003898
0.012903,0.056459,-351.826233,-1.243941,-1.243941,0.003900
0.012362,0.005326,-354.340637,-0.626892,-0.626892,0.003898
0.011756,-0.018109,-353.188812,-0.322709,-0.322709,0.003898
0.011591,0.041545,-355.373749,-0.996664,-0.996664,0.003899
0.011433,0.041545,-355.336761,-0.986688,-0.986688,0.003901
0.011257,0.035154,-357.886353,-0.903438,-0.903438,0.003899
0.012995,-0.022371,-355.308197,-0.343666,-0.343666,0.003898
0.014782,0.008522,-354.995239,-0.801021,-0.801021,0.004231
0.012858,0.051133,-354.107300,-1.178467,-1.178467,0.003900
0.011011,0.051133,-355.709930,-1.072757,-1.072757,0.003901
0.009027,-0.005326,-357.941101,-0.311764,-0.311764,0.003898
0.011799,-0.026632,-356.779694,-0.226148,-0.226148,0.003901
0.014671,0.029827,-358.920288,-1.037961,-1.037961,0.003899
0.017428,0.029827,-359.258575,-1.195468,-1.195468,0.003901
0.015228,0.020240,-362.304535,-0.959210,-0.959210,0.003896
0.012901,-0.037284,-359.095856,-0.165735,-0.165735,0.003900
0.014489,-0.005326,-358.908966,-0.624101,-0.624101,0.003898
0.016013,-0.005326,-357.946564,-0.711718,-0.711718,0.003900
0.017631,0.036219,-359.521698,-1.280710,-1.280710,0.003902
0.017320,-0.025566,-361.373566,-0.554867,-0.554867,0.003897
0.016978,-0.037284,-360.242249,-0.400290,-0.400290,0.003899
0.016124,0.021305,-362.273010,-1.022471,-1.022471,0.003899
0.015305,0.021305,-363.016724,-0.974569,-0.974569,0.003901
0.014442,0.001065,-366.474060,-0.693012,-0.693012,0.003901
0.016296,-0.053263,-363.306519,-0.176085,-0.176085,0.003899
0.018234,-0.010653,-363.645264,-0.776560,-0.776560,0.003900
0.020095,-0.010653,-362.373901,-0.883327,-0.883327,0.003899
0.017647,0.019175,-364.037811,-1.084680,-1.084680,0.003898
0.015041,-0.049002,-364.121124,-0.153803,-0.153803,0.003904
0.017103,-0.037284,-363.134216,-0.406356,-0.406356,0.003899
0.019072,-0.037284,-363.958618,-0.519841,-0.519841,0.004200
0.021176,0.017044,-365.540649,-1.262327,-1.262327,0.003898
0.019694,-0.023436,-369.061859,-0.713175,-0.713175,0.003897
0.018133,-0.060720,-366.907135,-0.195194,-0.195194,0.003900
0.018185,-0.006392,-368.626038,-0.821022,-0.821022,0.003898
0.018235,-0.006392,-368.281860,-0.823176,-0.823176,0.003898
0.018310,0.001065,-371.045135,-0.913033,-0.913033,0.003900
0.019085,-0.067112,-368.188477,-0.175870,-0.175870,0.003901
0.019948,-0.035154,-368.076996,-0.592490,-0.592490,0.003896
0.020776,-0.035154,-367.348175,-0.640137,-0.640137,0.003898
0.018622,0.004261,-369.015411,-0.967919,-0.967919,0.003900
0.016319,-0.058590,-369.966553,-0.115384,-0.115384,0.003901
0.018433,-0.066046,-368.880585,-0.151086,-0.151086,0.003898
0.020463,-0.066046,-370.301270,-0.268118,-0.268118,0.003902
0.022631,-0.007457,-371.489868,-1.062817,-1.062817,0.003897
0.020770,-0.039415,-375.156738,-0.589608,-0.589608,0.003900
0.018817,-0.084156,-372.564148,0.036298,0.036298,0.003897
0.018676,-0.029827,-373.866791,-0.578635,-0.578635,0.003899
0.018541,-0.029827,-372.890991,-0.570323,-0.570323,0.003902
0.018443,-0.021305,-375.191254,-0.662657,-0.662657,0.003898
0.018421,-0.074569,-372.514740,-0.050699,-0.050699,0.003896
0.018504,-0.046872,-372.544830,-0.373631,-0.373631,0.003897
0.018583,-0.046872,-372.433563,-0.378177,-0.378177,0.003899
0.016589,-0.005326,-374.288269,-0.739273,-0.739273,0.004231
0.014432,-0.070307,-373.870911,0.129280,0.129280,0.003901
0.016404,-0.074569,-372.923553,0.064650,0.064650,0.003902
0.018532,-0.011718,-372.783691,-0.777509,-0.777509,0.003900
0.020575,-0.011718,-373.402313,-0.894920,-0.894920,0.003896
0.017783,-0.030893,-375.830292,-0.514788,-0.514788,0.003900
0.014992,-0.060720,-373.816406,-0.011964,-0.011964,0.003900
0.014546,-0.003196,-375.586060,-0.645723,-0.645723,0.003898
0.014117,-0.003196,-375.840912,-0.620403,-0.620403,0.003900
0.013702,-0.004261,-379.170441,-0.584263,-0.584263,0.003898
0.014486,-0.068177,-376.216888,0.103835,0.103835,0.003898
0.015401,-0.024501,-376.869385,-0.449966,-0.449966,0.003900
0.016280,-0.024501,-375.560333,-0.500173,-0.500173,0.003901
0.014331,0.013848,-377.374664,-0.827807,-0.827807,0.003895
0.012245,-0.043676,-375.496307,-0.048683,-0.048683,0.003900
0.013579,-0.040480,-375.146301,-0.162648,-0.162648,0.003900
0.015054,0.011718,-374.993622,-0.845137,-0.845137,0.003898
0.016471,0.011718,-376.613007,-0.926579,-0.926579,0.003900
0.015172,-0.038350,-378.035034,-0.278135,-0.278135,0.003899
0.013810,-0.069242,-376.730133,0.154358,0.154358,0.003897
0.013816,-0.007457,-377.788818,-0.553841,-0.553841,0.003901
0.013821,-0.007457,-378.396515,-0.553723,-0.553723,0.003901
0.013787,-0.018109,-380.612854,-0.429537,-0.429537,0.003896
0.014153,-0.063916,-378.532349,0.074736,0.074736,0.004197
0.014675,-0.023436,-380.086853,-0.419490,-0.419490,0.003902
0.012366,-0.005326,-379.965759,-0.493574,-0.493574,0.003900
0.010150,-0.005326,-383.005219,-0.366326,-0.366326,0.003900
0.007799,-0.064981,-380.033295,0.452895,0.452895,0.003898
0.009179,-0.035154,-381.036652,0.030956,0.030956,0.003898
0.010671,0.009587,-379.715210,-0.566537,-0.566537,0.003901
0.012103,0.009587,-381.548157,-0.649346,-0.649346,0.003901
0.010847,-0.037284,-378.773529,-0.039854,-0.039854,0.003895
0.009657,-0.033023,-378.568115,-0.021430,-0.021430,0.003896
0.008358,0.025566,-377.883331,-0.617603,-0.617603,0.003901
0.007110,0.025566,-379.581177,-0.546204,-0.546204,0.003897
0.005768,-0.012783,-379.863678,-0.029419,-0.029419,0.003898
0.007649,-0.051133,-378.817841,0.301713,0.301713,0.003900
0.009677,0.008522,-379.192322,-0.498188,-0.498188,0.003899
0.007831,0.006392,-379.949310,-0.367563,-0.367563,0.003898
0.006058,0.006392,-382.294678,-0.265415,-0.265415,0.003897
0.004181,-0.040480,-380.362000,0.379991,0.379991,0.003901
0.004781,-0.001065,-381.872467,-0.106514,-0.106514,0.003897
0.005429,0.018109,-381.968384,-0.362640,-0.362640,0.003900
0.006051,0.018109,-385.120544,-0.398336,-0.398336,0.003899
0.006169,-0.040480,-382.310211,0.266943,0.266943,0.003899
0.006373,-0.015979,-383.465210,-0.026460,-0.026460,0.003901
0.005139,0.030893,-382.848480,-0.491694,-0.491694,0.004233
0.003945,0.030893,-385.628632,-0.423323,-0.423323,0.003900
0.002598,-0.022371,-382.512848,0.264917,0.264917,0.003896
0.004163,-0.024501,-383.235352,0.198127,0.198127,0.003901
0.005885,0.034088,-381.875275,-0.571237,-0.571237,0.003902
0.004187,0.005326,-383.522125,-0.144963,-0.144963,0.003898
0.002557,0.005326,-381.133911,-0.050636,-0.050636,0.003895
0.000904,-0.018109,-380.789246,0.311630,0.311630,0.003899
0.000838,0.044741,-380.137146,-0.404243,-0.404243,0.003901
0.000746,0.037284,-381.492981,-0.313895,-0.313895,0.003904
0.000658,0.037284,-381.616180,-0.308288,-0.308288,0.003895
0.002008,-0.012783,-380.464996,0.187429,0.187429,0.003901
0.003491,0.037284,-380.982117,-0.471414,-0.471414,0.003899
0.001772,0.060720,-381.847168,-0.640756,-0.640756,0.003902
0.000122,0.060720,-384.059235,-0.545603,-0.545603,0.003902
-0.001686,0.001065,-382.121216,0.242088,0.242088,0.003899
0.000166,0.028762,-383.484436,-0.182179,-0.182179,0.003898
0.002104,0.071373,-383.608337,-0.780748,-0.780748,0.003902
0.001919,0.017044,-386.726044,-0.148111,-0.148111,0.003898
0.001741,0.017044,-383.992004,-0.136640,-0.136640,0.003900
0.001587,0.021305,-385.504150,-0.177675,-0.177675,0.003901
0.001340,0.078830,-385.334930,-0.821389,-0.821389,0.003899
0.000922,0.030893,-388.860779,-0.248702,-0.248702,0.003900
0.000530,0.030893,-385.957916,-0.224717,-0.224717,0.004171
0.003006,-0.004261,-386.993500,0.034293,0.034293,0.003897
0.005611,0.056459,-386.261322,-0.810031,-0.810031,0.003897
0.004505,0.042611,-388.687622,-0.588291,-0.588291,0.003904
0.003269,-0.004261,-385.974121,0.020348,0.020348,0.003897
0.002081,-0.004261,-386.068237,0.087441,0.087441,0.003899
0.002528,0.049002,-384.866638,-0.547945,-0.547945,0.003901
0.002988,0.057524,-386.293549,-0.672459,-0.672459,0.003901
0.003347,0.004261,-385.062531,-0.082720,-0.082720,0.003900
0.003692,0.004261,-384.517792,-0.103017,-0.103017,0.003897
0.004178,0.045806,-384.389740,-0.606795,-0.606795,0.003899
0.003067,0.083091,-386.143158,-0.969850,-0.969850,0.003900
0.001729,0.010653,-387.151978,-0.062972,-0.062972,0.003896
0.000444,0.010653,-385.933533,0.011233,0.011233,0.003902
0.002992,0.023436,-386.443268,-0.281952,-0.281952,0.003900
0.005629,0.074569,-387.340424,-1.018609,-1.018609,0.003900
0.005059,0.020240,-389.567932,-0.363520,-0.363520,0.003898
0.004491,0.014914,-387.655823,-0.269040,-0.269040,0.003898
0.003947,0.014914,-388.956757,-0.238542,-0.238542,0.003904
0.003967,0.070307,-389.699493,-0.873362,-0.873362,0.003899
0.003836,0.029827,-392.847900,-0.402065,-0.402065,0.003897
0.006051,-0.004261,-390.285980,-0.137781,-0.137781,0.003902
0.008178,-0.004261,-391.092773,-0.261002,-0.261002,0.003899
0.010485,0.061785,-391.591644,-1.149312,-1.149312,0.004203
0.009538,0.044741,-394.916229,-0.899567,-0.899567,0.003894
0.008425,-0.009587,-392.222534,-0.212330,-0.212330,0.003901
0.009204,0.046872,-393.609406,-0.904512,-0.904512,0.003904
0.009951,0.046872,-393.699188,-0.946858,-0.946858,0.003897
0.010680,0.050067,-397.154114,-1.025304,-1.025304,0.003900
0.011833,-0.011718,-394.301697,-0.382773,-0.382773,0.003902
0.013115,0.035154,-395.622955,-0.994187,-0.994187,0.003896
0.014346,0.035154,-395.444214,-1.064348,-1.064348,0.003898
0.013037,0.056459,-398.872803,-1.233125,-1.233125,0.003902
0.011520,-0.012783,-396.070679,-0.351920,-0.351920,0.003898
0.012989,0.021305,-397.263275,-0.827695,-0.827695,0.003902
0.014399,0.021305,-396.966034,-0.908198,-0.908198,0.003899
0.015888,0.057524,-400.341370,-1.408509,-1.408509,0.003900
SPEED TOO -HIGH! SPEED TOO -HIGH! SPEED TOO -HIGH!0.015881,-0.012783,-397.627838,0.000000,-0.601785,0.003927
0.015937,0.004261,-398.598999,-0.801285,-0.801285,0.003903
0.014697,0.050067,-397.898376,-1.254017,-1.254017,0.003902
0.013505,0.050067,-400.938507,-1.185867,-1.185867,0.003897
SPEED TOO -HIGH! SPEED TOO -HIGH! SPEED TOO -HIGH!0.012158,-0.004261,-398.550232,0.000000,-0.485280,0.003899
0.013884,-0.004261,-399.406738,-0.585391,-0.585391,0.003900
0.015736,0.047937,-398.741638,-1.289012,-1.289012,0.003900
0.017514,0.047937,-401.669891,-1.391414,-1.391414,0.003897
SPEED TOO -HIGH! SPEED TOO -HIGH! SPEED TOO -HIGH!0.016488,-0.001065,-399.939484,0.000000,-0.770276,0.003901
0.015451,-0.013848,-400.869629,-0.565073,-0.565073,0.004200
SPEED TOO -HIGH! SPEED TOO -HIGH! SPEED TOO -HIGH!0.014821,0.046872,-400.200714,0.000000,-1.223665,0.003900
SPEED TOO -HIGH! SPEED TOO -HIGH! SPEED TOO -HIGH!0.014062,0.005326,-403.297211,0.000000,-0.704673,0.003925
SPEED TOO -HIGH! SPEED TOO -HIGH! SPEED TOO -HIGH!0.013332,0.005326,-400.449371,0.000000,-0.661498,0.003904
SPEED TOO -HIGH! SPEED TOO -HIGH! SPEED TOO -HIGH!0.014252,-0.015979,-400.866486,0.000000,-0.471617,0.003900
SPEED TOO -HIGH! SPEED TOO -HIGH! SPEED TOO -HIGH!0.015415,0.058590,-399.910706,0.000000,-1.391909,0.003899
0.013634,0.036219,-402.712769,-1.033877,-1.033877,0.003926
SPEED TOO -HIGH! SPEED TOO -HIGH! SPEED TOO -HIGH!0.011923,0.036219,-400.011627,0.000000,-0.934459,0.003905
SPEED TOO -HIGH! SPEED TOO -HIGH! SPEED TOO -HIGH!0.010153,0.002131,-400.729553,0.000000,-0.443633,0.003900
SPEED TOO -HIGH! SPEED TOO -HIGH! SPEED TOO -HIGH!0.010128,0.075634,-400.008575,0.000000,-1.283417,0.003926
SPEED TOO -HIGH! SPEED TOO -HIGH! SPEED TOO -HIGH!0.010047,0.060720,-402.619293,0.000000,-1.108317,0.003903
SPEED TOO -HIGH! SPEED TOO -HIGH! SPEED TOO -HIGH!0.009969,0.060720,-399.852966,0.000000,-1.102780,0.003904
0.010660,0.021305,-400.189606,-0.692327,-0.692327,0.003927
SPEED TOO -HIGH! SPEED TOO -HIGH! SPEED TOO -HIGH!0.011597,0.094809,-399.296448,0.000000,-1.587513,0.003900
0.009944,0.102265,-402.219208,-1.578290,-1.578290,0.003898
SPEED TOO -HIGH! SPEED TOO -HIGH! SPEED TOO -HIGH!0.008134,0.042611,-399.932800,0.000000,-0.790170,0.003900
0.006396,0.042611,-400.388580,-0.691285,-0.691285,0.003898
SPEED TOO -HIGH! SPEED TOO -HIGH! SPEED TOO -HIGH!0.007500,0.102265,-399.867340,0.000000,-1.437440,0.003901
0.008626,0.119310,-402.657837,-1.697459,-1.697459,0.003923
SPEED TOO -HIGH! SPEED TOO -HIGH! SPEED TOO -HIGH!0.009702,0.061785,-400.381775,0.000000,-1.099588,0.003905
SPEED TOO -HIGH! SPEED TOO -HIGH! SPEED TOO -HIGH!0.010735,0.061785,-400.820160,0.000000,-1.159856,0.003899
SPEED TOO -HIGH! SPEED TOO -HIGH! SPEED TOO -HIGH!0.011938,0.118244,-400.099243,0.000000,-1.875132,0.003899
SPEED TOO -HIGH! SPEED TOO -HIGH! SPEED TOO -HIGH!0.010663,0.138484,-402.932465,0.000000,-2.033892,0.003898
SPEED TOO -HIGH! SPEED TOO -HIGH! SPEED TOO -HIGH!0.009238,0.082025,-400.440674,0.000000,-1.304530,0.004033
SPEED TOO -HIGH! SPEED TOO -HIGH! SPEED TOO -HIGH!0.007859,0.082025,-400.648987,0.000000,-1.226375,0.003899
SPEED TOO -HIGH! SPEED TOO -HIGH! SPEED TOO -HIGH!0.008731,0.132093,-399.738098,0.000000,-1.849525,0.003902
0.009734,0.175769,-402.322418,-2.407559,-2.407559,0.003922
SPEED TOO -HIGH! SPEED TOO -HIGH! SPEED TOO -HIGH!0.010049,0.116114,-399.945618,0.000000,-1.741658,0.003904
0.010503,0.156594,-400.211945,-2.232125,-2.232125,0.003901
SPEED TOO -HIGH! SPEED TOO -HIGH! SPEED TOO -HIGH!0.010938,0.156594,-399.683990,0.000000,-2.256997,0.003896
0.010405,0.199204,-402.396240,-2.714391,-2.714391,0.003899
SPEED TOO -HIGH! SPEED TOO -HIGH! SPEED TOO -HIGH!0.009673,0.140615,-400.391876,0.000000,-2.000484,0.003897
SPEED TOO -HIGH! SPEED TOO -HIGH! SPEED TOO -HIGH!0.011648,0.168312,-400.680878,0.000000,-2.431873,0.003899
SPEED TOO -HIGH! SPEED TOO -HIGH! SPEED TOO -HIGH!0.013545,0.168312,-400.054199,0.000000,-2.540719,0.003901
SPEED TOO -HIGH! SPEED TOO -HIGH! SPEED TOO -HIGH!0.015567,0.220510,-402.418396,0.000000,-3.254667,0.003924
SPEED TOO -HIGH! SPEED TOO -HIGH! SPEED TOO -HIGH!0.015369,0.172573,-400.274323,0.000000,-2.693550,0.003903
SPEED TOO -HIGH! SPEED TOO -HIGH! SPEED TOO -HIGH!0.015239,0.188552,-400.190796,0.000000,-2.869880,0.003900
SPEED TOO -HIGH! SPEED TOO -HIGH! SPEED TOO -HIGH!0.015114,0.188552,-399.388916,0.000000,-2.862733,0.003901
0.014565,0.257794,-401.692291,-3.624231,-3.624231,0.003924
SPEED TOO -HIGH! SPEED TOO -HIGH! SPEED TOO -HIGH!0.013881,0.217314,-399.756165,0.000000,-3.120577,0.003904
0.015646,0.222640,-399.870361,-3.283743,-3.283743,0.003902
0.017598,0.291882,-399.305664,-4.188542,-4.188542,0.003896
0.019472,0.291882,-401.948090,-4.296397,-4.296397,0.003894
SPEED TOO -HIGH! SPEED TOO -HIGH! SPEED TOO -HIGH!0.019382,0.262055,-400.646973,0.000000,-3.948688,0.003900
SPEED TOO -HIGH! SPEED TOO -HIGH! SPEED TOO -HIGH!0.019249,0.249272,-401.006104,0.000000,-3.795206,0.003902
SPEED TOO -HIGH! SPEED TOO -HIGH! SPEED TOO -HIGH!0.020379,0.313188,-400.773224,0.000000,-4.591687,0.003925
SPEED TOO -HIGH! SPEED TOO -HIGH! SPEED TOO -HIGH!0.021507,0.313188,-403.108917,0.000000,-4.656628,0.004071
SPEED TOO -HIGH! SPEED TOO -HIGH! SPEED TOO -HIGH!0.022483,0.296144,-400.907349,0.000000,-4.516567,0.003925
SPEED TOO -HIGH! SPEED TOO -HIGH! SPEED TOO -HIGH!0.023711,0.280165,-400.898407,0.000000,-4.405104,0.003901
SPEED TOO -HIGH! SPEED TOO -HIGH! SPEED TOO -HIGH!0.025177,0.356864,-400.045685,0.000000,-5.367403,0.003900
SPEED TOO -HIGH! SPEED TOO -HIGH! SPEED TOO -HIGH!0.024335,0.351537,-402.354950,0.000000,-5.258397,0.003899
SPEED TOO -HIGH! SPEED TOO -HIGH! SPEED TOO -HIGH!0.023526,0.351537,-400.273926,0.000000,-5.210988,0.003898
SPEED TOO -HIGH! SPEED TOO -HIGH! SPEED TOO -HIGH!0.022659,0.327036,-400.222900,0.000000,-4.881512,0.003901
SPEED TOO -HIGH! SPEED TOO -HIGH! SPEED TOO -HIGH!0.023752,0.406931,-399.293732,0.000000,-5.858999,0.003900
0.024837,0.416518,-401.631592,-5.000000,-6.031475,0.003899
SPEED TOO -HIGH! SPEED TOO -HIGH! SPEED TOO -HIGH!0.025879,0.416518,-399.806763,0.000000,-6.090359,0.003898
0.027197,0.381365,-399.876251,-5.000000,-5.764359,0.003900
0.028746,0.456998,-399.389832,-5.000000,-6.719169,0.003901
0.028904,0.475108,-401.901031,-5.000000,-6.935760,0.003921
SPEED TOO -HIGH! SPEED TOO -HIGH! SPEED TOO -HIGH!0.029048,0.475108,-400.716461,0.000000,-6.943018,0.003905
SPEED TOO -HIGH! SPEED TOO -HIGH! SPEED TOO -HIGH!0.029025,0.432497,-400.883484,0.000000,-6.454348,0.003900
SPEED TOO -HIGH! SPEED TOO -HIGH! SPEED TOO -HIGH!0.031553,0.494283,-400.328949,0.000000,-7.306853,0.003901
SPEED TOO -HIGH! SPEED TOO -HIGH! SPEED TOO -HIGH!0.034128,0.530502,-402.503510,0.000000,-7.869618,0.003925
SPEED TOO -HIGH! SPEED TOO -HIGH! SPEED TOO -HIGH!0.035421,0.500674,-400.651855,0.000000,-7.601563,0.003905
SPEED TOO -HIGH! SPEED TOO -HIGH! SPEED TOO -HIGH!0.036662,0.500674,-400.516571,0.000000,-7.673630,0.003903
SPEED TOO -HIGH! SPEED TOO -HIGH! SPEED TOO -HIGH!0.038098,0.562460,-399.661713,0.000000,-8.463460,0.003926
0.038122,0.609331,-401.811127,-5.000000,-9.001781,0.003902
SPEED TOO -HIGH! SPEED TOO -HIGH! SPEED TOO -HIGH!0.038039,0.578439,-400.310638,0.000000,-8.642508,0.003922
SPEED TOO -HIGH! SPEED TOO -HIGH! SPEED TOO -HIGH!0.037952,0.578439,-400.720154,0.000000,-8.638109,0.003906
SPEED TOO -HIGH! SPEED TOO -HIGH! SPEED TOO -HIGH!0.040278,0.635963,-400.047272,0.000000,-9.430115,0.004094
SPEED TOO -HIGH! SPEED TOO -HIGH! SPEED TOO -HIGH!0.042610,0.693487,-402.347809,0.000000,-10.222902,0.003902
SPEED TOO -HIGH! SPEED TOO -HIGH! SPEED TOO -HIGH!0.044213,0.674312,-400.237701,0.000000,-10.094526,0.003901
SPEED TOO -HIGH! SPEED TOO -HIGH! SPEED TOO -HIGH!0.045932,0.722249,-400.093689,0.000000,-10.742899,0.003901
SPEED TOO -HIGH! SPEED TOO -HIGH! SPEED TOO -HIGH!0.047597,0.722249,-400.134979,0.000000,-10.838599,0.003923
SPEED TOO -HIGH! SPEED TOO -HIGH! SPEED TOO -HIGH!0.049054,0.788296,-402.905090,0.000000,-11.678432,0.004339
SPEED TOO -HIGH! SPEED TOO -HIGH! SPEED TOO -HIGH!0.050112,0.779774,-400.120178,0.000000,-11.640490,0.003930
SPEED TOO -HIGH! SPEED TOO -HIGH! SPEED TOO -HIGH!0.052834,0.818123,-400.504639,0.000000,-12.237053,0.003904
SPEED TOO -HIGH! SPEED TOO -HIGH! SPEED TOO -HIGH!0.055468,0.818123,-399.670898,0.000000,-12.388153,0.003929
0.058313,0.903344,-403.033081,-5.000000,-13.527603,0.003925
SPEED TOO -HIGH! SPEED TOO -HIGH! SPEED TOO -HIGH!0.059917,0.901214,-399.998596,0.000000,-13.593945,0.004305
0.061238,0.931041,-400.801483,-5.000000,-14.012555,0.003923
SPEED TOO -HIGH! SPEED TOO -HIGH! SPEED TOO -HIGH!0.063549,1.016262,-400.250519,0.000000,-15.120602,0.003905
SPEED TOO -HIGH! SPEED TOO -HIGH! SPEED TOO -HIGH!0.065763,1.016262,-403.340393,0.000000,-15.248036,0.003900
SPEED TOO -HIGH! SPEED TOO -HIGH! SPEED TOO -HIGH!0.067908,1.021589,-400.356689,0.000000,-15.430954,0.003899
SPEED TOO -HIGH! SPEED TOO -HIGH! SPEED TOO -HIGH!0.071451,1.045024,-400.841583,0.000000,-15.903971,0.003926
SPEED TOO -HIGH! SPEED TOO -HIGH! SPEED TOO -HIGH!0.075214,1.147290,-399.964142,0.000000,-17.290697,0.003905
0.078852,1.147290,-402.707153,-5.000000,-17.500029,0.003927
SPEED TOO -HIGH! SPEED TOO -HIGH! SPEED TOO -HIGH!0.080247,1.171791,-399.802185,0.000000,-17.859550,0.003902
0.081664,1.193096,-400.421967,-5.000000,-18.186047,0.003900
SPEED TOO -HIGH! SPEED TOO -HIGH! SPEED TOO -HIGH!0.084723,1.291101,-399.867310,0.000000,-19.483490,0.003899
0.087788,1.324124,-402.956329,-5.000000,-20.037853,0.003902
SPEED TOO -HIGH! SPEED TOO -HIGH! SPEED TOO -HIGH!0.090755,1.324124,-400.224030,0.000000,-20.207010,0.003921
SPEED TOO -HIGH! SPEED TOO -HIGH! SPEED TOO -HIGH!0.094654,1.345429,-400.822693,0.000000,-20.676020,0.003904
SPEED TOO -HIGH! SPEED TOO -HIGH! SPEED TOO -HIGH!0.098790,1.449825,-400.051849,0.000000,-22.108507,0.003904
SPEED TOO -HIGH! SPEED TOO -HIGH! SPEED TOO -HIGH!0.101435,1.502023,-402.796417,0.000000,-22.858313,0.003927
SPEED TOO -HIGH! SPEED TOO -HIGH! SPEED TOO -HIGH!0.103980,1.502023,-399.738953,0.000000,-23.003359,0.003930
0.106487,1.530785,-400.207336,-5.000000,-23.477911,0.003899
SPEED TOO -HIGH! SPEED TOO -HIGH! SPEED TOO -HIGH!0.110631,1.641572,-399.245392,0.000000,-24.984085,0.003900
0.114894,1.717206,-402.273132,-5.000000,-26.095234,0.003901
SPEED TOO -HIGH! SPEED TOO -HIGH! SPEED TOO -HIGH!0.122135,1.720402,-399.963379,0.000000,-26.546566,0.003901
0.129129,1.720402,-400.557159,-5.000000,-26.949230,0.003926
SPEED TOO -HIGH! SPEED TOO -HIGH! SPEED TOO -HIGH!0.135507,1.642638,-400.331848,0.000000,-26.425091,0.003900
SPEED TOO -HIGH! SPEED TOO -HIGH! SPEED TOO -HIGH!0.157805,1.463673,-403.333984,0.000000,-25.657234,0.003995
SPEED TOO -HIGH! SPEED TOO -HIGH! SPEED TOO -HIGH!0.178382,1.277252,-401.001404,0.000000,-24.703823,0.003904
SPEED TOO -HIGH! SPEED TOO -HIGH! SPEED TOO -HIGH!0.198163,1.277252,-401.458038,0.000000,-25.841068,0.003925
SPEED TOO -HIGH! SPEED TOO -HIGH! SPEED TOO -HIGH!0.220029,1.116397,-400.632507,0.000000,-25.255423,0.003903
SPEED TOO -HIGH! SPEED TOO -HIGH! SPEED TOO -HIGH!0.240285,0.920388,-404.353394,0.000000,-24.175375,0.003902
SPEED TOO -HIGH! SPEED TOO -HIGH! SPEED TOO -HIGH!0.257768,0.757403,-401.322388,0.000000,-23.312191,0.004327
SPEED TOO -HIGH! SPEED TOO -HIGH! SPEED TOO -HIGH!0.273657,0.601874,-402.044006,0.000000,-22.445652,0.003899
SPEED TOO -HIGH! SPEED TOO -HIGH! SPEED TOO -HIGH!0.288914,0.601874,-401.432739,0.000000,-23.321733,0.003902
SPEED TOO -HIGH! SPEED TOO -HIGH! SPEED TOO -HIGH!0.302245,0.383495,-404.391144,0.000000,-21.587690,0.003925
SPEED TOO -HIGH! SPEED TOO -HIGH! SPEED TOO -HIGH!0.314308,0.189617,-401.318695,0.000000,-20.059841,0.003900
SPEED TOO -HIGH! SPEED TOO -HIGH! SPEED TOO -HIGH!0.324373,0.056459,-402.087433,0.000000,-19.114889,0.003903
SPEED TOO -HIGH! SPEED TOO -HIGH! SPEED TOO -HIGH!0.334038,0.056459,-401.317261,0.000000,-19.669720,0.003924
SPEED TOO -HIGH! SPEED TOO -HIGH! SPEED TOO -HIGH!0.342600,-0.134223,-404.202789,0.000000,-17.978891,0.003902
SPEED TOO -HIGH! SPEED TOO -HIGH! SPEED TOO -HIGH!0.345677,-0.258859,-401.031006,0.000000,-16.727596,0.003924
SPEED TOO -HIGH! SPEED TOO -HIGH! SPEED TOO -HIGH!0.348824,-0.208792,-401.565338,0.000000,-17.482841,0.003903
SPEED TOO -HIGH! SPEED TOO -HIGH! SPEED TOO -HIGH!0.351845,-0.208792,-400.801819,0.000000,-17.656174,0.003901
SPEED TOO -HIGH! SPEED TOO -HIGH! SPEED TOO -HIGH!0.347450,-0.192813,-403.709717,0.000000,-17.586941,0.003924
SPEED TOO -HIGH! SPEED TOO -HIGH! SPEED TOO -HIGH!0.343110,-0.225836,-400.682220,0.000000,-16.958389,0.003906
SPEED TOO -HIGH! SPEED TOO -HIGH! SPEED TOO -HIGH!0.338806,-0.281230,-401.249756,0.000000,-16.078232,0.003925
SPEED TOO -HIGH! SPEED TOO -HIGH! SPEED TOO -HIGH!0.334676,-0.282295,-400.409546,0.000000,-15.828583,0.003902
SPEED TOO -HIGH! SPEED TOO -HIGH! SPEED TOO -HIGH!0.330711,-0.282295,-403.304779,0.000000,-15.601181,0.003904
SPEED TOO -HIGH! SPEED TOO -HIGH! SPEED TOO -HIGH!0.328592,-0.309992,-400.257233,0.000000,-15.161163,0.003925
SPEED TOO -HIGH! SPEED TOO -HIGH! SPEED TOO -HIGH!0.326417,-0.349407,-400.735382,0.000000,-14.586253,0.003900
SPEED TOO -HIGH! SPEED TOO -HIGH! SPEED TOO -HIGH!0.322937,-0.332363,-399.925751,0.000000,-14.581300,0.003902
0.319590,-0.332363,-402.759613,-5.000000,-14.389359,0.003923
SPEED TOO -HIGH! SPEED TOO -HIGH! SPEED TOO -HIGH!0.316291,-0.356864,-399.823334,0.000000,-13.918212,0.003902
0.311840,-0.368582,-400.497131,-5.000000,-13.529593,0.003901
SPEED TOO -HIGH! SPEED TOO -HIGH! SPEED TOO -HIGH!0.307623,-0.353668,-400.025391,0.000000,-13.457778,0.003903
SPEED TOO -HIGH! SPEED TOO -HIGH! SPEED TOO -HIGH!0.303062,-0.370712,-403.146393,0.000000,-13.000883,0.003991
SPEED TOO -HIGH! SPEED TOO -HIGH! SPEED TOO -HIGH!0.298717,-0.370712,-400.322784,0.000000,-12.749983,0.003900
SPEED TOO -HIGH! SPEED TOO -HIGH! SPEED TOO -HIGH!0.294536,-0.370712,-400.786560,0.000000,-12.510992,0.003925
SPEED TOO -HIGH! SPEED TOO -HIGH! SPEED TOO -HIGH!0.289941,-0.336624,-399.907318,0.000000,-12.637116,0.003906
0.285500,-0.345146,-402.753693,-5.000000,-12.284754,0.003901
SPEED TOO -HIGH! SPEED TOO -HIGH! SPEED TOO -HIGH!0.281228,-0.345146,-399.925415,0.000000,-12.038234,0.003924
0.276337,-0.335558,-400.557343,-5.000000,-11.868173,0.003902
SPEED TOO -HIGH! SPEED TOO -HIGH! SPEED TOO -HIGH!0.271781,-0.298274,-400.052338,0.000000,-12.033052,0.003900
SPEED TOO -HIGH! SPEED TOO -HIGH! SPEED TOO -HIGH!0.268610,-0.318514,-403.002075,0.000000,-11.619386,0.003903
SPEED TOO -HIGH! SPEED TOO -HIGH! SPEED TOO -HIGH!0.265559,-0.318514,-400.363586,0.000000,-11.442936,0.003924
SPEED TOO -HIGH! SPEED TOO -HIGH! SPEED TOO -HIGH!0.262688,-0.304666,-400.734955,0.000000,-11.437641,0.003905
SPEED TOO -HIGH! SPEED TOO -HIGH! SPEED TOO -HIGH!0.258195,-0.254598,-399.750732,0.000000,-11.752573,0.003927
0.253884,-0.255663,-402.375671,-5.000000,-11.493127,0.003902
SPEED TOO -HIGH! SPEED TOO -HIGH! SPEED TOO -HIGH!0.250129,-0.243946,-399.793640,0.000000,-11.410507,0.003901
0.246519,-0.243946,-400.364899,-5.000000,-11.204216,0.003921
SPEED TOO -HIGH! SPEED TOO -HIGH! SPEED TOO -HIGH!0.243181,-0.210922,-399.888763,0.000000,-11.390276,0.003907
0.241087,-0.220510,-402.706635,-5.000000,-11.160439,0.003927
SPEED TOO -HIGH! SPEED TOO -HIGH! SPEED TOO -HIGH!0.239098,-0.216249,-400.277557,0.000000,-11.093824,0.003902
SPEED TOO -HIGH! SPEED TOO -HIGH! SPEED TOO -HIGH!0.237190,-0.216249,-400.869751,0.000000,-10.985171,0.003900
SPEED TOO -HIGH! SPEED TOO -HIGH! SPEED TOO -HIGH!0.234818,-0.181095,-400.092651,0.000000,-11.251158,0.003899
SPEED TOO -HIGH! SPEED TOO -HIGH! SPEED TOO -HIGH!0.232565,-0.173638,-402.786743,0.000000,-11.207429,0.003925
SPEED TOO -HIGH! SPEED TOO -HIGH! SPEED TOO -HIGH!0.230253,-0.174703,-400.173096,0.000000,-11.061298,0.003904
SPEED TOO -HIGH! SPEED TOO -HIGH! SPEED TOO -HIGH!0.228034,-0.174703,-400.407684,0.000000,-10.934902,0.003899
SPEED TOO -HIGH! SPEED TOO -HIGH! SPEED TOO -HIGH!0.225974,-0.153398,-399.535217,0.000000,-11.060375,0.003965
0.223815,-0.129962,-402.131775,-5.000000,-11.205047,0.003900
SPEED TOO -HIGH! SPEED TOO -HIGH! SPEED TOO -HIGH!0.221695,-0.142745,-399.859619,0.000000,-10.935852,0.003901
0.220832,-0.125701,-400.250244,-5.000000,-11.082326,0.003923
SPEED TOO -HIGH! SPEED TOO -HIGH! SPEED TOO -HIGH!0.220006,-0.125701,-399.547180,0.000000,-11.034697,0.003905
0.219313,-0.099070,-402.426971,-5.000000,-11.300056,0.003901
SPEED TOO -HIGH! SPEED TOO -HIGH! SPEED TOO -HIGH!0.218170,-0.110788,-400.360352,0.000000,-11.099112,0.003921
SPEED TOO -HIGH! SPEED TOO -HIGH! SPEED TOO -HIGH!0.217107,-0.102265,-400.714844,0.000000,-11.136465,0.003905
SPEED TOO -HIGH! SPEED TOO -HIGH! SPEED TOO -HIGH!0.216088,-0.102265,-399.920532,0.000000,-11.077741,0.003900
0.213717,-0.059655,-402.406830,-5.000000,-11.429695,0.003900
SPEED TOO -HIGH! SPEED TOO -HIGH! SPEED TOO -HIGH!0.211405,-0.069242,-400.207520,0.000000,-11.186120,0.003899
SPEED TOO -HIGH! SPEED TOO -HIGH! SPEED TOO -HIGH!0.210967,-0.064981,-400.452240,0.000000,-11.210655,0.003900
SPEED TOO -HIGH! SPEED TOO -HIGH! SPEED TOO -HIGH!0.210710,-0.021305,-399.832123,0.000000,-11.695819,0.003899
0.210463,-0.021305,-402.276306,-5.000000,-11.681884,0.003924
SPEED TOO -HIGH! SPEED TOO -HIGH! SPEED TOO -HIGH!0.208866,-0.030893,-400.275208,0.000000,-11.479374,0.003904
SPEED TOO -HIGH! SPEED TOO -HIGH! SPEED TOO -HIGH!0.207333,-0.030893,-400.407104,0.000000,-11.392122,0.003900
SPEED TOO -HIGH! SPEED TOO -HIGH! SPEED TOO -HIGH!0.206029,0.015979,-399.828186,0.000000,-11.853786,0.003901
0.204778,0.015979,-402.145966,-5.000000,-11.782139,0.003900
SPEED TOO -HIGH! SPEED TOO -HIGH! SPEED TOO -HIGH!0.203549,0.008522,-400.257446,0.000000,-11.625208,0.003899
SPEED TOO -HIGH! SPEED TOO -HIGH! SPEED TOO -HIGH!0.203663,0.000000,-400.319214,0.000000,-11.534962,0.003898
SPEED TOO -HIGH! SPEED TOO -HIGH! SPEED TOO -HIGH!0.203940,0.044741,-399.655273,0.000000,-12.063046,0.003900
0.204205,0.044741,-401.885834,-5.000000,-12.078588,0.003901
SPEED TOO -HIGH! SPEED TOO -HIGH! SPEED TOO -HIGH!0.203053,0.044741,-400.464417,0.000000,-12.011482,0.003901
SPEED TOO -HIGH! SPEED TOO -HIGH! SPEED TOO -HIGH!0.201927,0.037284,-400.771729,0.000000,-11.862010,0.004124
SPEED TOO -HIGH! SPEED TOO -HIGH! SPEED TOO -HIGH!0.201636,0.077764,-400.105072,0.000000,-12.308606,0.003902
SPEED TOO -HIGH! SPEED TOO -HIGH! SPEED TOO -HIGH!0.201373,0.082025,-402.526825,0.000000,-12.342537,0.003900
SPEED TOO -HIGH! SPEED TOO -HIGH! SPEED TOO -HIGH!0.201120,0.082025,-400.344604,0.000000,-12.327021,0.003901
SPEED TOO -HIGH! SPEED TOO -HIGH! SPEED TOO -HIGH!0.201604,0.064981,-400.259827,0.000000,-12.160611,0.003900
SPEED TOO -HIGH! SPEED TOO -HIGH! SPEED TOO -HIGH!0.202244,0.110788,-399.430756,0.000000,-12.721766,0.003926
0.201206,0.129962,-401.799957,-5.000000,-12.881993,0.003904
SPEED TOO -HIGH! SPEED TOO -HIGH! SPEED TOO -HIGH!0.200208,0.129962,-399.916473,0.000000,-12.823750,0.003899
0.199140,0.100135,-399.986420,-5.000000,-12.421666,0.003900
0.199841,0.140615,-399.504913,-5.000000,-12.925340,0.003898
0.200578,0.157659,-402.077759,-5.000000,-13.162992,0.003898
SPEED TOO -HIGH! SPEED TOO -HIGH! SPEED TOO -HIGH!0.201286,0.157659,-400.872925,0.000000,-13.202607,0.003903
SPEED TOO -HIGH! SPEED TOO -HIGH! SPEED TOO -HIGH!0.202829,0.112918,-401.083618,0.000000,-12.779515,0.003898
SPEED TOO -HIGH! SPEED TOO -HIGH! SPEED TOO -HIGH!0.204402,0.137419,-400.563263,0.000000,-13.150306,0.003903
SPEED TOO -HIGH! SPEED TOO -HIGH! SPEED TOO -HIGH!0.204441,0.157659,-402.763397,0.000000,-13.384453,0.003925
SPEED TOO -HIGH! SPEED TOO -HIGH! SPEED TOO -HIGH!0.204359,0.126766,-400.945587,0.000000,-13.025159,0.003902
SPEED TOO -HIGH! SPEED TOO -HIGH! SPEED TOO -HIGH!0.204280,0.126766,-400.761993,0.000000,-13.021404,0.003907
SPEED TOO -HIGH! SPEED TOO -HIGH! SPEED TOO -HIGH!0.205889,0.150202,-399.926575,0.000000,-13.382179,0.003925
0.207522,0.174703,-402.188568,-5.000000,-13.756839,0.003904
SPEED TOO -HIGH! SPEED TOO -HIGH! SPEED TOO -HIGH!0.208027,0.139550,-400.556213,0.000000,-13.382459,0.003900
SPEED TOO -HIGH! SPEED TOO -HIGH! SPEED TOO -HIGH!0.208511,0.139550,-400.524414,0.000000,-13.410963,0.003900
SPEED TOO -HIGH! SPEED TOO -HIGH! SPEED TOO -HIGH!0.209040,0.156594,-400.021667,0.000000,-13.636483,0.003900
SPEED TOO -HIGH! SPEED TOO -HIGH! SPEED TOO -HIGH!0.209262,0.185356,-402.718079,0.000000,-13.978719,0.003901
SPEED TOO -HIGH! SPEED TOO -HIGH! SPEED TOO -HIGH!0.209400,0.157659,-400.649261,0.000000,-13.668467,0.004092
SPEED TOO -HIGH! SPEED TOO -HIGH! SPEED TOO -HIGH!0.211018,0.169377,-400.493988,0.000000,-13.896363,0.003904
SPEED TOO -HIGH! SPEED TOO -HIGH! SPEED TOO -HIGH!0.212570,0.169377,-399.698944,0.000000,-13.985583,0.003900
0.214199,0.206661,-401.946960,-5.000000,-14.506357,0.003899
SPEED TOO -HIGH! SPEED TOO -HIGH! SPEED TOO -HIGH!0.214980,0.175769,-400.251007,0.000000,-14.196623,0.003904
SPEED TOO -HIGH! SPEED TOO -HIGH! SPEED TOO -HIGH!0.215713,0.170442,-400.366730,0.000000,-14.178425,0.003922
SPEED TOO -HIGH! SPEED TOO -HIGH! SPEED TOO -HIGH!0.216414,0.170442,-399.770508,0.000000,-14.218646,0.003909
0.217245,0.196009,-401.943054,-5.000000,-14.559353,0.003900
SPEED TOO -HIGH! SPEED TOO -HIGH! SPEED TOO -HIGH!0.217944,0.169377,-400.381500,0.000000,-14.293719,0.003902
SPEED TOO -HIGH! SPEED TOO -HIGH! SPEED TOO -HIGH!0.220484,0.160855,-400.261200,0.000000,-14.342691,0.003901
SPEED TOO -HIGH! SPEED TOO -HIGH! SPEED TOO -HIGH!0.222926,0.160855,-399.730835,0.000000,-14.483014,0.003924
0.225327,0.176834,-401.916046,-5.000000,-14.804097,0.003905
SPEED TOO -HIGH! SPEED TOO -HIGH! SPEED TOO -HIGH!0.226268,0.150202,-400.242737,0.000000,-14.552341,0.003897
SPEED TOO -HIGH! SPEED TOO -HIGH! SPEED TOO -HIGH!0.227107,0.133158,-400.218658,0.000000,-14.406109,0.003899
SPEED TOO -HIGH! SPEED TOO -HIGH! SPEED TOO -HIGH!0.228033,0.156594,-399.716156,0.000000,-14.727592,0.003901
0.228926,0.156594,-401.945618,-5.000000,-14.779095,0.003931
SPEED TOO -HIGH! SPEED TOO -HIGH! SPEED TOO -HIGH!0.229715,0.139550,-400.451813,0.000000,-14.628405,0.003903
SPEED TOO -HIGH! SPEED TOO -HIGH! SPEED TOO -HIGH!0.231467,0.115049,-400.257416,0.000000,-14.449173,0.003901
SPEED TOO -HIGH! SPEED TOO -HIGH! SPEED TOO -HIGH!0.233233,0.137419,-399.725037,0.000000,-14.806787,0.003900
0.234931,0.137419,-401.902985,-5.000000,-14.904568,0.003926
SPEED TOO -HIGH! SPEED TOO -HIGH! SPEED TOO -HIGH!0.235223,0.122505,-400.490662,0.000000,-14.749681,0.003905
SPEED TOO -HIGH! SPEED TOO -HIGH! SPEED TOO -HIGH!0.235398,0.094809,-400.287445,0.000000,-14.443262,0.003899
SPEED TOO -HIGH! SPEED TOO -HIGH! SPEED TOO -HIGH!0.236380,0.110788,-400.066772,0.000000,-14.682670,0.003902
SPEED TOO -HIGH! SPEED TOO -HIGH! SPEED TOO -HIGH!0.237298,0.100135,-402.337280,0.000000,-14.613527,0.004061
SPEED TOO -HIGH! SPEED TOO -HIGH! SPEED TOO -HIGH!0.238164,0.100135,-400.527130,0.000000,-14.662321,0.003900
SPEED TOO -HIGH! SPEED TOO -HIGH! SPEED TOO -HIGH!0.240024,0.064981,-400.198242,0.000000,-14.367466,0.003900
SPEED TOO -HIGH! SPEED TOO -HIGH! SPEED TOO -HIGH!0.241873,0.082025,-399.452515,0.000000,-14.668967,0.003900
0.241924,0.076699,-401.591949,-5.000000,-14.611211,0.003897
SPEED TOO -HIGH! SPEED TOO -HIGH! SPEED TOO -HIGH!0.241973,0.076699,-400.091553,0.000000,-14.613136,0.003898
SPEED TOO -HIGH! SPEED TOO -HIGH! SPEED TOO -HIGH!0.241856,0.033023,-400.011993,0.000000,-14.107048,0.003901
SPEED TOO -HIGH! SPEED TOO -HIGH! SPEED TOO -HIGH!0.242932,0.042611,-399.406281,0.000000,-14.278626,0.003900
0.243953,0.039415,-401.533722,-5.000000,-14.300915,0.003899
SPEED TOO -HIGH! SPEED TOO -HIGH! SPEED TOO -HIGH!0.244932,0.039415,-400.117950,0.000000,-14.356323,0.003899
SPEED TOO -HIGH! SPEED TOO -HIGH! SPEED TOO -HIGH!0.245627,0.008522,-399.906525,0.000000,-14.043164,0.003898
0.246339,0.020240,-399.379944,-5.000000,-14.218251,0.003899
0.245721,0.022371,-401.460175,-5.000000,-14.207414,0.003901
SPEED TOO -HIGH! SPEED TOO -HIGH! SPEED TOO -HIGH!0.245025,-0.005326,-400.609711,0.000000,-13.849496,0.003899
SPEED TOO -HIGH! SPEED TOO -HIGH! SPEED TOO -HIGH!0.244357,-0.005326,-400.435272,0.000000,-13.811459,0.003899
SPEED TOO -HIGH! SPEED TOO -HIGH! SPEED TOO -HIGH!0.245436,-0.002131,-399.999695,0.000000,-13.910111,0.003901
0.246508,0.007457,-401.866669,-5.000000,-14.081627,0.003901
SPEED TOO -HIGH! SPEED TOO -HIGH! SPEED TOO -HIGH!0.245815,-0.011718,-400.855347,0.000000,-13.821522,0.003900
SPEED TOO -HIGH! SPEED TOO -HIGH! SPEED TOO -HIGH!0.245149,-0.011718,-400.452362,0.000000,-13.783693,0.003921
SPEED TOO -HIGH! SPEED TOO -HIGH! SPEED TOO -HIGH!0.244550,-0.001065,-399.991821,0.000000,-13.871404,0.003908
0.244068,0.008522,-401.907867,-5.000000,-13.953618,0.003899
SPEED TOO -HIGH! SPEED TOO -HIGH! SPEED TOO -HIGH!0.243524,-0.012783,-400.808167,0.000000,-13.677717,0.003902
SPEED TOO -HIGH! SPEED TOO -HIGH! SPEED TOO -HIGH!0.243003,-0.012783,-401.060913,0.000000,-13.648195,0.003922
SPEED TOO -HIGH! SPEED TOO -HIGH! SPEED TOO -HIGH!0.243412,-0.001065,-400.441650,0.000000,-13.805783,0.004138
SPEED TOO -HIGH! SPEED TOO -HIGH! SPEED TOO -HIGH!0.243874,0.017044,-402.625366,0.000000,-14.039867,0.003898
SPEED TOO -HIGH! SPEED TOO -HIGH! SPEED TOO -HIGH!0.243281,0.000000,-401.020142,0.000000,-13.809815,0.003898
SPEED TOO -HIGH! SPEED TOO -HIGH! SPEED TOO -HIGH!0.242753,0.010653,-400.606812,0.000000,-13.902052,0.003902
SPEED TOO -HIGH! SPEED TOO -HIGH! SPEED TOO -HIGH!0.242245,0.010653,-399.886078,0.000000,-13.873059,0.003901
0.240775,0.043676,-402.155212,-5.000000,-14.166973,0.003922
SPEED TOO -HIGH! SPEED TOO -HIGH! SPEED TOO -HIGH!0.239307,0.028762,-400.644989,0.000000,-13.910999,0.003908
SPEED TOO -HIGH! SPEED TOO -HIGH! SPEED TOO -HIGH!0.239694,0.033023,-400.607391,0.000000,-13.982631,0.003902
SPEED TOO -HIGH! SPEED TOO -HIGH! SPEED TOO -HIGH!0.240066,0.033023,-399.989471,0.000000,-14.004025,0.003924
0.240563,0.070307,-402.104675,-5.000000,-14.459630,0.003903
SPEED TOO -HIGH! SPEED TOO -HIGH! SPEED TOO -HIGH!0.239240,0.062851,-400.637421,0.000000,-14.297414,0.003902
SPEED TOO -HIGH! SPEED TOO -HIGH! SPEED TOO -HIGH!0.237978,0.064981,-400.509644,0.000000,-14.249926,0.003902
SPEED TOO -HIGH! SPEED TOO -HIGH! SPEED TOO -HIGH!0.237359,0.096939,-399.974548,0.000000,-14.580247,0.003923
0.236762,0.096939,-402.070923,-5.000000,-14.546206,0.003905
SPEED TOO -HIGH! SPEED TOO -HIGH! SPEED TOO -HIGH!0.236165,0.090547,-400.706848,0.000000,-14.437886,0.003902
SPEED TOO -HIGH! SPEED TOO -HIGH! SPEED TOO -HIGH!0.237492,0.082025,-400.573212,0.000000,-14.417105,0.003925
SPEED TOO -HIGH! SPEED TOO -HIGH! SPEED TOO -HIGH!0.238864,0.108657,-400.066498,0.000000,-14.800858,0.003905
SPEED TOO -HIGH! SPEED TOO -HIGH! SPEED TOO -HIGH!0.240181,0.108657,-402.129944,0.000000,-14.876695,0.003899
SPEED TOO -HIGH! SPEED TOO -HIGH! SPEED TOO -HIGH!0.239626,0.102265,-400.660217,0.000000,-14.770813,0.003901
SPEED TOO -HIGH! SPEED TOO -HIGH! SPEED TOO -HIGH!0.239022,0.083091,-400.122498,0.000000,-14.517189,0.003901
SPEED TOO -HIGH! SPEED TOO -HIGH! SPEED TOO -HIGH!0.239305,0.116114,-399.420166,0.000000,-14.911743,0.003900
0.239580,0.116114,-401.434448,-5.000000,-14.927802,0.003923
SPEED TOO -HIGH! SPEED TOO -HIGH! SPEED TOO -HIGH!0.239825,0.111853,-400.333893,0.000000,-14.892279,0.003902
SPEED TOO -HIGH! SPEED TOO -HIGH! SPEED TOO -HIGH!0.241450,0.082025,-400.264282,0.000000,-14.644596,0.004067
SPEED TOO -HIGH! SPEED TOO -HIGH! SPEED TOO -HIGH!0.243101,0.109722,-399.818115,0.000000,-15.056530,0.003903
0.242588,0.110788,-401.994446,-5.000000,-15.039470,0.003923
SPEED TOO -HIGH! SPEED TOO -HIGH! SPEED TOO -HIGH!0.242094,0.110788,-400.352997,0.000000,-15.010208,0.003905
SPEED TOO -HIGH! SPEED TOO -HIGH! SPEED TOO -HIGH!0.241512,0.082025,-400.314453,0.000000,-14.648151,0.003900
SPEED TOO -HIGH! SPEED TOO -HIGH! SPEED TOO -HIGH!0.242391,0.107592,-399.740173,0.000000,-14.991346,0.003899
0.243263,0.115049,-401.898437,-5.000000,-15.127023,0.003898
SPEED TOO -HIGH! SPEED TOO -HIGH! SPEED TOO -HIGH!0.244099,0.115049,-400.406311,0.000000,-15.174208,0.003899
SPEED TOO -HIGH! SPEED TOO -HIGH! SPEED TOO -HIGH!0.244604,0.093743,-400.138184,0.000000,-14.959881,0.003899
SPEED TOO -HIGH! SPEED TOO -HIGH! SPEED TOO -HIGH!0.245176,0.117179,-399.692230,0.000000,-15.261164,0.003901
0.244230,0.132093,-401.793915,-5.000000,-15.377766,0.003922
SPEED TOO -HIGH! SPEED TOO -HIGH! SPEED TOO -HIGH!0.243320,0.132093,-400.402191,0.000000,-15.324606,0.003902
SPEED TOO -HIGH! SPEED TOO -HIGH! SPEED TOO -HIGH!0.242382,0.115049,-400.213470,0.000000,-15.076158,0.003897
SPEED TOO -HIGH! SPEED TOO -HIGH! SPEED TOO -HIGH!0.242973,0.142745,-399.684967,0.000000,-15.427263,0.003902
0.243616,0.162985,-401.787323,-5.000000,-15.696118,0.003899
SPEED TOO -HIGH! SPEED TOO -HIGH! SPEED TOO -HIGH!0.244078,0.145941,-400.459198,0.000000,-15.526699,0.003931
SPEED TOO -HIGH! SPEED TOO -HIGH! SPEED TOO -HIGH!0.244518,0.145941,-400.181885,0.000000,-15.552509,0.003900
SPEED TOO -HIGH! SPEED TOO -HIGH! SPEED TOO -HIGH!0.245024,0.168312,-399.706726,0.000000,-15.837794,0.003901
0.244656,0.187487,-401.714722,-5.000000,-16.036343,0.003923
SPEED TOO -HIGH! SPEED TOO -HIGH! SPEED TOO -HIGH!0.244214,0.165116,-400.525116,0.000000,-15.754065,0.003902
SPEED TOO -HIGH! SPEED TOO -HIGH! SPEED TOO -HIGH!0.243790,0.165116,-400.149231,0.000000,-15.730190,0.003899
SPEED TOO -HIGH! SPEED TOO -HIGH! SPEED TOO -HIGH!0.245895,0.173638,-399.661346,0.000000,-15.948834,0.003899
0.247980,0.190682,-402.131958,-5.000000,-16.263927,0.003900
SPEED TOO -HIGH! SPEED TOO -HIGH! SPEED TOO -HIGH!0.248989,0.173638,-400.702301,0.000000,-16.125750,0.004069
SPEED TOO -HIGH! SPEED TOO -HIGH! SPEED TOO -HIGH!0.249938,0.174703,-400.579468,0.000000,-16.193010,0.003922
SPEED TOO -HIGH! SPEED TOO -HIGH! SPEED TOO -HIGH!0.250845,0.174703,-400.019531,0.000000,-16.245195,0.003905
SPEED TOO -HIGH! SPEED TOO -HIGH! SPEED TOO -HIGH!0.251288,0.191748,-402.219818,0.000000,-16.465981,0.003898
SPEED TOO -HIGH! SPEED TOO -HIGH! SPEED TOO -HIGH!0.251645,0.173638,-400.542664,0.000000,-16.278296,0.003900
SPEED TOO -HIGH! SPEED TOO -HIGH! SPEED TOO -HIGH!0.252981,0.175769,-400.216095,0.000000,-16.380081,0.003900
SPEED TOO -HIGH! SPEED TOO -HIGH! SPEED TOO -HIGH!0.254267,0.175769,-399.498657,0.000000,-16.454088,0.003925
0.255633,0.211988,-401.530151,-5.000000,-16.947493,0.003900
SPEED TOO -HIGH! SPEED TOO -HIGH! SPEED TOO -HIGH!0.255566,0.197074,-400.210541,0.000000,-16.772104,0.003902
SPEED TOO -HIGH! SPEED TOO -HIGH! SPEED TOO -HIGH!0.255482,0.191748,-399.985687,0.000000,-16.706844,0.003900
0.255402,0.191748,-399.532043,-5.000000,-16.702341,0.003903
0.255807,0.226901,-401.668701,-5.000000,-17.128202,0.003922
SPEED TOO -HIGH! SPEED TOO -HIGH! SPEED TOO -HIGH!0.256167,0.220510,-400.638428,0.000000,-17.074839,0.003902
SPEED TOO -HIGH! SPEED TOO -HIGH! SPEED TOO -HIGH!0.258124,0.208792,-400.606476,0.000000,-17.053522,0.003901
SPEED TOO -HIGH! SPEED TOO -HIGH! SPEED TOO -HIGH!0.260098,0.234358,-400.093079,0.000000,-17.459641,0.003901
SPEED TOO -HIGH! SPEED TOO -HIGH! SPEED TOO -HIGH!0.261993,0.234358,-402.006897,0.000000,-17.568689,0.003898
SPEED TOO -HIGH! SPEED TOO -HIGH! SPEED TOO -HIGH!0.261952,0.234358,-400.760071,0.000000,-17.565563,0.003900
SPEED TOO -HIGH! SPEED TOO -HIGH! SPEED TOO -HIGH!0.261842,0.214118,-400.226105,0.000000,-17.328020,0.003923
SPEED TOO -HIGH! SPEED TOO -HIGH! SPEED TOO -HIGH!0.263439,0.237554,-399.498016,0.000000,-17.688288,0.003906
0.264971,0.237554,-401.474487,-5.000000,-17.776600,0.003900
SPEED TOO -HIGH! SPEED TOO -HIGH! SPEED TOO -HIGH!0.266414,0.230097,-400.336395,0.000000,-17.773285,0.003899
SPEED TOO -HIGH! SPEED TOO -HIGH! SPEED TOO -HIGH!0.269147,0.192813,-400.002167,0.000000,-17.503944,0.003899
SPEED TOO -HIGH! SPEED TOO -HIGH! SPEED TOO -HIGH!0.271800,0.200270,-399.900452,0.000000,-17.741838,0.003903
0.274378,0.200270,-401.975769,-5.000000,-17.889950,0.004063
SPEED TOO -HIGH! SPEED TOO -HIGH! SPEED TOO -HIGH!0.275667,0.183225,-400.568451,0.000000,-17.768021,0.003898
SPEED TOO -HIGH! SPEED TOO -HIGH! SPEED TOO -HIGH!0.276745,0.140615,-400.355072,0.000000,-17.342714,0.003899
SPEED TOO -HIGH! SPEED TOO -HIGH! SPEED TOO -HIGH!0.279720,0.142745,-399.861847,0.000000,-17.538105,0.003900
0.282517,0.126766,-401.932312,-5.000000,-17.516001,0.003899
SPEED TOO -HIGH! SPEED TOO -HIGH! SPEED TOO -HIGH!0.285201,0.126766,-400.712280,0.000000,-17.669342,0.003898
SPEED TOO -HIGH! SPEED TOO -HIGH! SPEED TOO -HIGH!0.286750,0.085221,-400.387421,0.000000,-17.283213,0.003901
SPEED TOO -HIGH! SPEED TOO -HIGH! SPEED TOO -HIGH!0.288237,0.085221,-399.957306,0.000000,-17.368784,0.003902
0.288530,0.075634,-401.946838,-5.000000,-17.276033,0.003921
SPEED TOO -HIGH! SPEED TOO -HIGH! SPEED TOO -HIGH!0.288811,0.075634,-400.782257,0.000000,-17.291306,0.003904
SPEED TOO -HIGH! SPEED TOO -HIGH! SPEED TOO -HIGH!0.288955,0.042611,-400.462036,0.000000,-16.922045,0.003898
SPEED TOO -HIGH! SPEED TOO -HIGH! SPEED TOO -HIGH!0.290029,0.052198,-399.929535,0.000000,-17.093622,0.003901
0.291068,0.054328,-401.996002,-5.000000,-17.177919,0.003903
SPEED TOO -HIGH! SPEED TOO -HIGH! SPEED TOO -HIGH!0.291188,0.022371,-400.807648,0.000000,-16.818075,0.003923
SPEED TOO -HIGH! SPEED TOO -HIGH! SPEED TOO -HIGH!0.291302,0.022371,-400.508087,0.000000,-16.825123,0.003899
SPEED TOO -HIGH! SPEED TOO -HIGH! SPEED TOO -HIGH!0.291481,0.040480,-400.013672,0.000000,-17.042831,0.003931
SPEED TOO -HIGH! SPEED TOO -HIGH! SPEED TOO -HIGH!0.289939,0.052198,-402.023437,0.000000,-17.088640,0.003900
SPEED TOO -HIGH! SPEED TOO -HIGH! SPEED TOO -HIGH!0.288392,0.034088,-400.743378,0.000000,-16.791592,0.003898
SPEED TOO -HIGH! SPEED TOO -HIGH! SPEED TOO -HIGH!0.286906,0.034088,-400.127777,0.000000,-16.706779,0.003903
SPEED TOO -HIGH! SPEED TOO -HIGH! SPEED TOO -HIGH!0.286537,0.056459,-399.444183,0.000000,-16.941954,0.003923
0.286326,0.094809,-401.383606,-5.000000,-17.369120,0.003903
SPEED TOO -HIGH! SPEED TOO -HIGH! SPEED TOO -HIGH!0.285159,0.079895,-400.377869,0.000000,-17.130548,0.003899
SPEED TOO -HIGH! SPEED TOO -HIGH! SPEED TOO -HIGH!0.284038,0.079895,-400.331299,0.000000,-17.066605,0.003902
SPEED TOO -HIGH! SPEED TOO -HIGH! SPEED TOO -HIGH!0.283062,0.102265,-399.811279,0.000000,-17.266657,0.004059
0.280607,0.150202,-401.867950,-5.000000,-17.674627,0.003900
SPEED TOO -HIGH! SPEED TOO -HIGH! SPEED TOO -HIGH!0.278250,0.150202,-400.460510,0.000000,-17.538389,0.003901
SPEED TOO -HIGH! SPEED TOO -HIGH! SPEED TOO -HIGH!0.278043,0.176834,-400.149780,0.000000,-17.831982,0.003898
SPEED TOO -HIGH! SPEED TOO -HIGH! SPEED TOO -HIGH!0.277845,0.176834,-399.594666,0.000000,-17.820730,0.003902
0.277858,0.231162,-401.559998,-5.000000,-18.443678,0.003900
SPEED TOO -HIGH! SPEED TOO -HIGH! SPEED TOO -HIGH!0.276408,0.232228,-400.307953,0.000000,-18.371752,0.003897
SPEED TOO -HIGH! SPEED TOO -HIGH! SPEED TOO -HIGH!0.275091,0.252468,-399.982574,0.000000,-18.528345,0.003899
0.273828,0.252468,-399.499176,-5.000000,-18.455927,0.003901
0.272800,0.309992,-401.576294,-5.000000,-19.055605,0.003899
SPEED TOO -HIGH! SPEED TOO -HIGH! SPEED TOO -HIGH!0.271840,0.317449,-400.748474,0.000000,-19.084961,0.003897
SPEED TOO -HIGH! SPEED TOO -HIGH! SPEED TOO -HIGH!0.273286,0.325971,-400.578125,0.000000,-19.265917,0.003900
SPEED TOO -HIGH! SPEED TOO -HIGH! SPEED TOO -HIGH!0.274674,0.325971,-400.121368,0.000000,-19.345772,0.003903
SPEED TOO -HIGH! SPEED TOO -HIGH! SPEED TOO -HIGH!0.276218,0.380299,-401.940857,0.000000,-20.056593,0.003921
SPEED TOO -HIGH! SPEED TOO -HIGH! SPEED TOO -HIGH!0.275538,0.392017,-400.731903,0.000000,-20.150925,0.003902
SPEED TOO -HIGH! SPEED TOO -HIGH! SPEED TOO -HIGH!0.274912,0.399474,-400.012299,0.000000,-20.200863,0.003900
SPEED TOO -HIGH! SPEED TOO -HIGH! SPEED TOO -HIGH!0.275339,0.472977,-399.428894,0.000000,-21.067135,0.003900
0.275748,0.472977,-401.186096,-5.000000,-21.090885,0.003900
SPEED TOO -HIGH! SPEED TOO -HIGH! SPEED TOO -HIGH!0.276164,0.479369,-400.271027,0.000000,-21.187229,0.003899
SPEED TOO -HIGH! SPEED TOO -HIGH! SPEED TOO -HIGH!0.278528,0.456998,-399.826904,0.000000,-21.067284,0.003897
0.280974,0.503870,-399.350830,-5.000000,-21.744576,0.003900
0.283322,0.503870,-401.304230,-5.000000,-21.879658,0.003899
SPEED TOO -HIGH! SPEED TOO -HIGH! SPEED TOO -HIGH!0.285862,0.501740,-401.009186,0.000000,-22.000381,0.003897
SPEED TOO -HIGH! SPEED TOO -HIGH! SPEED TOO -HIGH!0.288268,0.456998,-401.153442,0.000000,-21.626472,0.004203
SPEED TOO -HIGH! SPEED TOO -HIGH! SPEED TOO -HIGH!0.294141,0.449542,-400.649048,0.000000,-21.878399,0.003924
SPEED TOO -HIGH! SPEED TOO -HIGH! SPEED TOO -HIGH!0.299743,0.442085,-402.778961,0.000000,-22.115042,0.003906
SPEED TOO -HIGH! SPEED TOO -HIGH! SPEED TOO -HIGH!0.305118,0.442085,-401.250641,0.000000,-22.422955,0.003901
SPEED TOO -HIGH! SPEED TOO -HIGH! SPEED TOO -HIGH!0.309443,0.393083,-400.949707,0.000000,-22.111042,0.003901
SPEED TOO -HIGH! SPEED TOO -HIGH! SPEED TOO -HIGH!0.313484,0.361125,-400.164917,0.000000,-21.977436,0.003925
SPEED TOO -HIGH! SPEED TOO -HIGH! SPEED TOO -HIGH!0.317228,0.350472,-402.344360,0.000000,-22.070864,0.003904
SPEED TOO -HIGH! SPEED TOO -HIGH! SPEED TOO -HIGH!0.320821,0.350472,-400.931061,0.000000,-22.276352,0.003900
SPEED TOO -HIGH! SPEED TOO -HIGH! SPEED TOO -HIGH!0.324069,0.295078,-400.578400,0.000000,-21.829353,0.003924
SPEED TOO -HIGH! SPEED TOO -HIGH! SPEED TOO -HIGH!0.329106,0.263120,-399.828461,0.000000,-21.752979,0.003904
0.333897,0.251402,-401.897461,-5.000000,-21.894316,0.003899
SPEED TOO -HIGH! SPEED TOO -HIGH! SPEED TOO -HIGH!0.338496,0.251402,-400.657532,0.000000,-22.157654,0.003899
SPEED TOO -HIGH! SPEED TOO -HIGH! SPEED TOO -HIGH!0.340664,0.200270,-400.408478,0.000000,-21.697332,0.003899
SPEED TOO -HIGH! SPEED TOO -HIGH! SPEED TOO -HIGH!0.342610,0.164051,-399.874756,0.000000,-21.394583,0.003901
0.344593,0.148072,-401.929871,-5.000000,-21.325771,0.003898
SPEED TOO -HIGH! SPEED TOO -HIGH! SPEED TOO -HIGH!0.346385,0.118244,-400.642029,0.000000,-21.086388,0.003900
SPEED TOO -HIGH! SPEED TOO -HIGH! SPEED TOO -HIGH!0.348105,0.118244,-400.414948,0.000000,-21.185745,0.003901
SPEED TOO -HIGH! SPEED TOO -HIGH! SPEED TOO -HIGH!0.350725,0.091613,-399.946472,0.000000,-21.031450,0.003899
0.353153,0.068177,-401.965546,-5.000000,-20.902788,0.003899
SPEED TOO -HIGH! SPEED TOO -HIGH! SPEED TOO -HIGH!0.353136,0.038350,-400.786743,0.000000,-20.559517,0.003898
SPEED TOO -HIGH! SPEED TOO -HIGH! SPEED TOO -HIGH!0.353120,0.038350,-400.470032,0.000000,-20.559067,0.003897
SPEED TOO -HIGH! SPEED TOO -HIGH! SPEED TOO -HIGH!0.353060,0.026632,-400.085815,0.000000,-20.421637,0.003902
SPEED TOO -HIGH! SPEED TOO -HIGH! SPEED TOO -HIGH!0.353469,0.011718,-402.652740,0.000000,-20.274553,0.003900
SPEED TOO -HIGH! SPEED TOO -HIGH! SPEED TOO -HIGH!0.353739,-0.020240,-400.971375,0.000000,-19.923100,0.004099
SPEED TOO -HIGH! SPEED TOO -HIGH! SPEED TOO -HIGH!0.354481,-0.023436,-400.561157,0.000000,-19.929853,0.003899
SPEED TOO -HIGH! SPEED TOO -HIGH! SPEED TOO -HIGH!0.355194,-0.023436,-399.757355,0.000000,-19.970964,0.003901
0.355902,-0.017044,-401.992859,-5.000000,-20.085127,0.003923
SPEED TOO -HIGH! SPEED TOO -HIGH! SPEED TOO -HIGH!0.355264,-0.046872,-400.517700,0.000000,-19.706104,0.003904
SPEED TOO -HIGH! SPEED TOO -HIGH! SPEED TOO -HIGH!0.354612,-0.057524,-400.453156,0.000000,-19.547312,0.003899
SPEED TOO -HIGH! SPEED TOO -HIGH! SPEED TOO -HIGH!0.353986,-0.057524,-399.913361,0.000000,-19.511377,0.003903
0.352620,-0.041545,-402.099884,-5.000000,-19.616064,0.003922
SPEED TOO -HIGH! SPEED TOO -HIGH! SPEED TOO -HIGH!0.351257,-0.055394,-400.570953,0.000000,-19.378355,0.003905
SPEED TOO -HIGH! SPEED TOO -HIGH! SPEED TOO -HIGH!0.351566,-0.064981,-400.381531,0.000000,-19.286972,0.003901
SPEED TOO -HIGH! SPEED TOO -HIGH! SPEED TOO -HIGH!0.351863,-0.064981,-399.907379,0.000000,-19.304087,0.003903
0.352215,-0.046872,-402.012299,-5.000000,-19.531799,0.003924
SPEED TOO -HIGH! SPEED TOO -HIGH! SPEED TOO -HIGH!0.350020,-0.049002,-400.715942,0.000000,-19.380486,0.003900
SPEED TOO -HIGH! SPEED TOO -HIGH! SPEED TOO -HIGH!0.347893,-0.054328,-400.424164,0.000000,-19.197876,0.003901
SPEED TOO -HIGH! SPEED TOO -HIGH! SPEED TOO -HIGH!0.345854,-0.024501,-399.985901,0.000000,-19.422298,0.003901
0.343895,-0.024501,-402.042297,-5.000000,-19.309965,0.003926
SPEED TOO -HIGH! SPEED TOO -HIGH! SPEED TOO -HIGH!0.342043,-0.017044,-400.706787,0.000000,-19.288113,0.003901
SPEED TOO -HIGH! SPEED TOO -HIGH! SPEED TOO -HIGH!0.341341,-0.019175,-400.429626,0.000000,-19.223946,0.003899
SPEED TOO -HIGH! SPEED TOO -HIGH! SPEED TOO -HIGH!0.340819,0.021305,-399.906067,0.000000,-19.657478,0.003900
0.340317,0.021305,-401.891327,-5.000000,-19.628887,0.003900
SPEED TOO -HIGH! SPEED TOO -HIGH! SPEED TOO -HIGH!0.337577,0.031958,-400.664703,0.000000,-19.592607,0.003898
SPEED TOO -HIGH! SPEED TOO -HIGH! SPEED TOO -HIGH!0.334923,0.025566,-400.417267,0.000000,-19.367476,0.003923
SPEED TOO -HIGH! SPEED TOO -HIGH! SPEED TOO -HIGH!0.333557,0.066046,-400.186371,0.000000,-19.752546,0.003904
SPEED TOO -HIGH! SPEED TOO -HIGH! SPEED TOO -HIGH!0.332254,0.066046,-402.334778,0.000000,-19.677786,0.004031
SPEED TOO -HIGH! SPEED TOO -HIGH! SPEED TOO -HIGH!0.331070,0.086286,-400.700195,0.000000,-19.840647,0.003902
SPEED TOO -HIGH! SPEED TOO -HIGH! SPEED TOO -HIGH!0.330809,0.074569,-400.332214,0.000000,-19.692146,0.003900
SPEED TOO -HIGH! SPEED TOO -HIGH! SPEED TOO -HIGH!0.330744,0.123571,-399.489136,0.000000,-20.249567,0.003924
0.328363,0.149137,-401.630280,-5.000000,-20.405832,0.003901
SPEED TOO -HIGH! SPEED TOO -HIGH! SPEED TOO -HIGH!0.326078,0.149137,-400.281067,0.000000,-20.273655,0.003902
SPEED TOO -HIGH! SPEED TOO -HIGH! SPEED TOO -HIGH!0.323811,0.129962,-399.995056,0.000000,-19.924511,0.003900
0.323628,0.174703,-399.510498,-5.000000,-20.426281,0.003900
0.323555,0.201335,-401.636169,-5.000000,-20.727196,0.003923
SPEED TOO -HIGH! SPEED TOO -HIGH! SPEED TOO -HIGH!0.323482,0.201335,-400.570007,0.000000,-20.722132,0.003905
SPEED TOO -HIGH! SPEED TOO -HIGH! SPEED TOO -HIGH!0.324317,0.182160,-400.598083,0.000000,-20.551018,0.003898
SPEED TOO -HIGH! SPEED TOO -HIGH! SPEED TOO -HIGH!0.325219,0.208792,-400.143646,0.000000,-20.907690,0.003900
SPEED TOO -HIGH! SPEED TOO -HIGH! SPEED TOO -HIGH!0.324928,0.233293,-402.166290,0.000000,-21.171688,0.003922
SPEED TOO -HIGH! SPEED TOO -HIGH! SPEED TOO -HIGH!0.324646,0.233293,-400.721252,0.000000,-21.154636,0.003905
SPEED TOO -HIGH! SPEED TOO -HIGH! SPEED TOO -HIGH!0.324297,0.213053,-400.202759,0.000000,-20.903502,0.003899
SPEED TOO -HIGH! SPEED TOO -HIGH! SPEED TOO -HIGH!0.326788,0.225836,-399.506836,0.000000,-21.193132,0.003903
0.329243,0.242880,-401.594269,-5.000000,-21.529537,0.003901
SPEED TOO -HIGH! SPEED TOO -HIGH! SPEED TOO -HIGH!0.331355,0.204531,-400.428955,0.000000,-21.210979,0.003924
SPEED TOO -HIGH! SPEED TOO -HIGH! SPEED TOO -HIGH!0.333379,0.204531,-400.077850,0.000000,-21.327700,0.003902
SPEED TOO -HIGH! SPEED TOO -HIGH! SPEED TOO -HIGH!0.335328,0.206661,-399.603394,0.000000,-21.464243,0.003898
0.336651,0.209857,-401.569580,-5.000000,-21.577026,0.003899
SPEED TOO -HIGH! SPEED TOO -HIGH! SPEED TOO -HIGH!0.337790,0.174703,-400.529877,0.000000,-21.239161,0.003899
SPEED TOO -HIGH! SPEED TOO -HIGH! SPEED TOO -HIGH!0.338883,0.174703,-400.546539,0.000000,-21.302362,0.003899
SPEED TOO -HIGH! SPEED TOO -HIGH! SPEED TOO -HIGH!0.342124,0.168312,-399.964600,0.000000,-21.415396,0.004101
0.345196,0.166181,-402.121857,-5.000000,-21.567711,0.003902
SPEED TOO -HIGH! SPEED TOO -HIGH! SPEED TOO -HIGH!0.346856,0.133158,-400.667480,0.000000,-21.284086,0.003899
SPEED TOO -HIGH! SPEED TOO -HIGH! SPEED TOO -HIGH!0.348395,0.118244,-400.550507,0.000000,-21.202391,0.003922
SPEED TOO -HIGH! SPEED TOO -HIGH! SPEED TOO -HIGH!0.349871,0.118244,-400.010773,0.000000,-21.287210,0.003901
SPEED TOO -HIGH! SPEED TOO -HIGH! SPEED TOO -HIGH!0.350636,0.126766,-402.118500,0.000000,-21.428946,0.003902
SPEED TOO -HIGH! SPEED TOO -HIGH! SPEED TOO -HIGH!0.351283,0.103331,-400.664124,0.000000,-21.196928,0.003900
SPEED TOO -HIGH! SPEED TOO -HIGH! SPEED TOO -HIGH!0.352809,0.091613,-400.227203,0.000000,-21.151062,0.003923
SPEED TOO -HIGH! SPEED TOO -HIGH! SPEED TOO -HIGH!0.354273,0.091613,-399.482574,0.000000,-21.235340,0.003905
0.355786,0.120375,-401.574982,-5.000000,-21.651806,0.003899
SPEED TOO -HIGH! SPEED TOO -HIGH! SPEED TOO -HIGH!0.355414,0.100135,-400.358429,0.000000,-21.397894,0.003897
SPEED TOO -HIGH! SPEED TOO -HIGH! SPEED TOO -HIGH!0.354994,0.083091,-400.027710,0.000000,-21.179131,0.003900
SPEED TOO -HIGH! SPEED TOO -HIGH! SPEED TOO -HIGH!0.354591,0.083091,-399.442596,0.000000,-21.156092,0.003900
0.354091,0.119310,-401.419159,-5.000000,-21.542288,0.003901
SPEED TOO -HIGH! SPEED TOO -HIGH! SPEED TOO -HIGH!0.353596,0.115049,-400.329987,0.000000,-21.464230,0.003899
SPEED TOO -HIGH! SPEED TOO -HIGH! SPEED TOO -HIGH!0.354693,0.100135,-400.009399,0.000000,-21.356956,0.003925
SPEED TOO -HIGH! SPEED TOO -HIGH! SPEED TOO -HIGH!0.355876,0.135289,-399.478821,0.000000,-21.827478,0.003904
0.357011,0.135289,-401.487457,-5.000000,-21.892899,0.003901
SPEED TOO -HIGH! SPEED TOO -HIGH! SPEED TOO -HIGH!0.355484,0.137419,-400.290619,0.000000,-21.828735,0.003923
SPEED TOO -HIGH! SPEED TOO -HIGH! SPEED TOO -HIGH!0.353947,0.119310,-399.958282,0.000000,-21.533632,0.003904
0.353871,0.157659,-399.487366,-5.000000,-21.968426,0.003901
0.353797,0.157659,-401.482788,-5.000000,-21.964396,0.003899
SPEED TOO -HIGH! SPEED TOO -HIGH! SPEED TOO -HIGH!0.353754,0.165116,-400.935730,0.000000,-22.046467,0.003896
SPEED TOO -HIGH! SPEED TOO -HIGH! SPEED TOO -HIGH!0.355580,0.139550,-400.898651,0.000000,-21.858900,0.004068
SPEED TOO -HIGH! SPEED TOO -HIGH! SPEED TOO -HIGH!0.357374,0.156594,-400.468140,0.000000,-22.157108,0.003898
SPEED TOO -HIGH! SPEED TOO -HIGH! SPEED TOO -HIGH!0.356641,0.165116,-402.428345,0.000000,-22.212704,0.003900
SPEED TOO -HIGH! SPEED TOO -HIGH! SPEED TOO -HIGH!0.355936,0.165116,-400.984344,0.000000,-22.171453,0.003901
SPEED TOO -HIGH! SPEED TOO -HIGH! SPEED TOO -HIGH!0.355160,0.137419,-400.474792,0.000000,-21.810333,0.003922
SPEED TOO -HIGH! SPEED TOO -HIGH! SPEED TOO -HIGH!0.356104,0.167247,-399.792419,0.000000,-22.206282,0.003906
0.357062,0.181095,-401.974884,-5.000000,-22.420139,0.003902
SPEED TOO -HIGH! SPEED TOO -HIGH! SPEED TOO -HIGH!0.357985,0.181095,-400.673126,0.000000,-22.472271,0.003922
