time_s,theta_b,theta_b_dot,theta_w_dot,theta_b_hat,theta_b_dot_hat,theta_w_dot_hat,raw_torque,torque
0.00901015,-0.002712,-0.005326,0,-0.002712,-0.005326,0,0.633427,0.633427
0.0331325,-0.002733,-0.002131,2.62855,-0.002733,-0.002131,2.62855,-1.0868,-1.0868
0.0571602,-0.002344,0.026632,1.41549,-0.002344,0.026632,1.41549,-0.896688,-0.896688
0.0809513,-0.002276,-0.006392,-4.70349,-0.002276,-0.006392,-4.70349,3.55094,3.55094
0.104681,-0.002879,-0.017044,-13.7653,-0.002879,-0.017044,-13.7653,9.60962,5
0.128837,-0.003087,0,-7.28888,-0.003087,0,-7.28888,5.2421,5
0.152894,-0.003183,-0.009587,3.22806,-0.003183,-0.009587,3.22806,-1.24746,-1.24746
0.176563,-0.003195,0.013848,11.0852,-0.003195,0.013848,11.0852,-6.64216,-5
0.200741,-0.003172,-0.003196,4.2684,-0.003172,-0.003196,4.2684,-2.0217,-2.0217
0.224673,-0.003007,0.006392,-3.88946,-0.003007,0.006392,-3.88946,2.95655,2.95655
0.24894,-0.003795,-0.02862,-13.1644,-0.003795,-0.02862,-13.1644,9.61289,5
0.272931,-0.004223,-0.003196,-7.44204,-0.004223,-0.003196,-7.44204,5.62151,5
0.296756,-0.003984,0.004261,2.63152,-0.003984,0.004261,2.63152,-0.951068,-0.951068
0.321101,-0.003476,0.025566,9.23696,-0.003476,0.025566,9.23696,-5.61757,-5
0.34516,-0.003516,-0.013848,6.21325,-0.003516,-0.013848,6.21325,-3.00168,-3.00168
0.368926,-0.003445,-0.003196,-1.82099,-0.003445,-0.003196,-1.82099,1.89824,1.89824
0.392762,-0.003494,0,-9.52155,-0.003494,0,-9.52155,6.74049,5
0.416518,-0.003271,0.013848,-4.24756,-0.003271,0.013848,-4.24756,3.10624,3.10624
0.440849,-0.003619,-0.003196,3.05035,-0.003619,-0.003196,3.05035,-1.15941,-1.15941
0.464905,-0.003801,0.002131,9.10436,-0.003801,0.002131,9.10436,-5.05928,-5
0.488959,-0.00602,0.006392,5.29829,-0.00602,0.006392,5.29829,-2.27546,-2.27546
0.513088,-0.003403,0,-3.1874,-0.003403,0,-3.1874,2.70145,2.70145
0.537789,-0.003557,-0.013848,-10.6662,-0.003557,-0.013848,-10.6662,7.72159,5
0.560945,-0.003575,-0.006392,-3.42891,-0.003575,-0.006392,-3.42891,3.00068,3.00068
0.585216,-0.003902,-0.005326,4.45994,-0.003902,-0.005326,4.45994,-1.96062,-1.96062
0.609338,-0.003275,0.022371,11.559,-0.003275,0.022371,11.559,-7.07582,-5
0.633003,-0.003743,-0.008522,4.72027,-0.003743,-0.008522,4.72027,-2.10174,-2.10174
0.657201,-0.003758,-0.003196,-0.550469,-0.003758,-0.003196,-0.550469,1.15408,1.15408
0.680768,-0.004303,-0.037284,-10.115,-0.004303,-0.037284,-10.115,7.92967,5
0.705006,-0.004077,0.005326,-2.90001,-0.004077,0.005326,-2.90001,2.56027,2.56027
0.729283,-0.004042,-0.006392,3.81848,-0.004042,-0.006392,3.81848,-1.5069,-1.5069
0.753371,-0.004142,-0.002131,12.6877,-0.004142,-0.002131,12.6877,-7.1916,-5
0.777064,-0.004683,-0.012783,5.85422,-0.004683,-0.012783,5.85422,-2.55983,-2.55983
0.800975,-0.004598,-0.001065,-1.78755,-0.004598,-0.001065,-1.78755,2.06954,2.06954
0.825019,-0.004978,-0.008522,-10.8457,-0.004978,-0.008522,-10.8457,8.02562,5
0.854822,-0.005339,-0.004261,-3.49682,-0.005339,-0.004261,-3.49682,3.35806,3.35806
0.873238,-0.005309,-0.008522,7.28974,-0.005309,-0.008522,7.28974,-3.42079,-3.42079
0.896875,-0.004967,0.015979,10.1762,-0.004967,0.015979,10.1762,-5.74927,-5
0.921297,-0.004753,-0.010653,5.81813,-0.004753,-0.010653,5.81813,-2.56018,-2.56018
0.944938,-0.00455,0.002131,-2.7319,-0.00455,0.002131,-2.7319,2.60362,2.60362
0.968814,-0.005318,-0.027697,-7.32221,-0.005318,-0.027697,-7.32221,6.19161,5
0.992691,-0.005493,0.005326,-1.83391,-0.005493,0.005326,-1.83391,2.16567,2.16567
1.01692,-0.005265,0.004261,5.08581,-0.005265,0.004261,5.08581,-2.2538,-2.2538
1.04124,-0.004253,0.030893,11.5968,-0.004253,0.030893,11.5968,-7.05382,-5
1.06448,-0.004256,-0.013848,7.44546,-0.004256,-0.013848,7.44546,-3.63644,-3.63644
1.08906,-0.004373,-0.003196,0.355612,-0.004373,-0.003196,0.355612,0.701449,0.701449
1.11266,-0.004028,-0.007457,-7.66689,-0.004028,-0.007457,-7.66689,5.79982,5
1.13692,-0.003969,0,-4.13778,-0.003969,0,-4.13778,3.41753,3.41753
1.16092,-0.003772,0.002131,4.07836,-0.003772,0.002131,4.07836,-1.87456,-1.87456
1.18485,-0.003662,0.004261,11.9154,-0.003662,0.004261,11.9154,-6.90861,-5
1.20852,-0.003611,0.002131,6.25669,-0.003611,0.002131,6.25669,-3.28944,-3.28944
1.23283,-0.003569,-0.002131,0.199833,-0.003569,-0.002131,0.199833,0.621529,0.621529
1.25659,-0.003576,-0.015979,-8.45391,-0.003576,-0.015979,-8.45391,6.35821,5
1.28077,-0.003603,-0.005326,-3.73656,-0.003603,-0.005326,-3.73656,3.18294,3.18294
1.30484,-0.004148,-0.012783,4.78895,-0.004148,-0.012783,4.78895,-1.9902,-1.9902
1.32914,-0.003395,0.021305,14.2293,-0.003395,0.021305,14.2293,-8.72841,-5
1.35325,-0.003833,-0.010653,7.92249,-0.003833,-0.010653,7.92249,-4.07935,-4.07935
1.3771,-0.0041,-0.001065,-2.3481,-0.0041,-0.001065,-2.3481,2.32615,2.32615
1.40092,-0.005157,-0.033023,-7.08595,-0.005157,-0.033023,-7.08595,6.10258,5
1.4246,-0.004596,0.007457,-3.64865,-0.004596,0.007457,-3.64865,3.1017,3.1017
1.44859,-0.004351,-0.002131,3.6025,-0.004351,-0.002131,3.6025,-1.38266,-1.38266
1.47308,-0.004649,-0.006392,10.7836,-0.004649,-0.006392,10.7836,-5.80742,-5
1.49704,-0.005074,-0.009587,6.79288,-0.005074,-0.009587,6.79288,-3.13361,-3.13361
1.52122,-0.005154,-0.009587,-3.11427,-0.005154,-0.009587,-3.11427,3.17139,3.17139
1.5447,-0.004954,-0.007457,-8.59193,-0.004954,-0.007457,-8.59193,6.57155,5
1.56924,-0.005311,-0.008522,-3.35467,-0.005311,-0.008522,-3.35467,3.33668,3.33668
1.59296,-0.0053,-0.006392,2.15415,-0.0053,-0.006392,2.15415,-0.19972,-0.19972
1.61677,-0.005151,0.014914,9.91796,-0.005151,0.014914,9.91796,-5.53005,-5
1.64093,-0.004882,-0.006392,5.60487,-0.004882,-0.006392,5.60487,-2.47353,-2.47353
1.665,-0.004708,0.002131,-3.85658,-0.004708,0.002131,-3.85658,3.34905,3.34905
1.68935,-0.005335,-0.024501,-10.8436,-0.005335,-0.024501,-10.8436,8.37454,5
1.71255,-0.005824,-0.003196,-6.01378,-0.005824,-0.003196,-6.01378,5.03386,5
1.7371,-0.005638,0,3.23193,-0.005638,0,3.23193,-0.928201,-0.928201
1.76125,-0.005024,0.021305,9.49666,-0.005024,0.021305,9.49666,-5.39955,-5
1.78476,-0.005041,-0.013848,5.1853,-0.005041,-0.013848,5.1853,-2.04526,-2.04526
1.80893,-0.004695,0.003196,0.0861126,-0.004695,0.003196,0.0861126,0.825035,0.825035
1.83292,-0.004605,-0.005326,-7.34702,-0.004605,-0.005326,-7.34702,5.67451,5
1.85677,-0.004542,0.007457,-3.38045,-0.004542,0.007457,-3.38045,2.92069,2.92069
1.88068,-0.00477,-0.004261,3.64899,-0.00477,-0.004261,3.64899,-1.29148,-1.29148
1.9047,-0.005012,0.012783,11.9101,-0.005012,0.012783,11.9101,-6.7851,-5
1.95313,-0.005271,-0.001065,5.19936,-0.005271,-0.001065,5.19936,-2.23165,-2.23165
1.97703,-0.004867,-0.002131,-10.5008,-0.004867,-0.002131,-10.5008,7.67294,5
2.00115,-0.005085,-0.009587,-17.1429,-0.005085,-0.009587,-17.1429,12.063,5
2.0251,-0.004938,0.004261,-10.2116,-0.004938,0.004261,-10.2116,7.39187,5
2.04888,-0.004582,-0.001065,-1.87905,-0.004582,-0.001065,-1.87905,2.12443,2.12443
2.07276,-0.004589,-0.001065,1.08899,-0.004589,-0.001065,1.08899,0.241718,0.241718
2.097,-0.004884,-0.005326,10.3698,-0.004884,-0.005326,10.3698,-5.51651,-5
2.1212,-0.004258,0.024501,17.4248,-0.004258,0.024501,17.4248,-10.6408,-5
2.14493,-0.004772,-0.001065,12.8816,-0.004772,-0.001065,12.8816,-7.20774,-5
2.16896,-0.004457,0,4.03927,-0.004457,0,4.03927,-1.67603,-1.67603
2.19274,-0.004374,-0.001065,-5.5384,-0.004374,-0.001065,-5.5384,4.40594,4.40594
2.21694,-0.004942,-0.034088,-12.3004,-0.004942,-0.034088,-12.3004,9.38849,5
2.2409,-0.004979,-0.002131,-5.25029,-0.004979,-0.002131,-5.25029,4.36222,4.36222
2.26511,-0.00481,-0.003196,1.94502,-0.00481,-0.003196,1.94502,-0.220429,-0.220429
2.28891,-0.002964,0.012783,8.51815,-0.002964,0.012783,8.51815,-5.04,-5
2.31298,-0.00388,-0.00392,6.86678,-0.00388,-0.00392,6.86678,-3.51743,-3.51743
2.33685,-0.003663,-0.00196,-2.62955,-0.003663,-0.00196,-2.62955,2.43337,2.43337
2.3852,-0.003508,-0.025566,-12.3824,-0.003508,-0.025566,-12.3824,9.00591,5
2.40872,-0.003478,-0.002131,5.41679,-0.003478,-0.002131,5.41679,-2.70833,-2.70833
2.4326,-0.003417,0.02024,10.2251,-0.003417,0.02024,10.2251,-6.16358,-5
2.45728,-0.003536,-0.003196,5.68823,-0.003536,-0.003196,5.68823,-2.85047,-2.85047
2.48046,-0.003441,0.001065,-1.7276,-0.003441,0.001065,-1.7276,1.76373,1.76373
2.50506,-0.003729,-0.029827,-7.90607,-0.003729,-0.029827,-7.90607,6.28282,5
2.52901,-0.003572,0.001065,-4.61742,-0.003572,0.001065,-4.61742,3.62429,3.62429
2.55343,-0.003395,-0.003196,3.45524,-0.003395,-0.003196,3.45524,-1.46107,-1.46107
2.57703,-0.003312,0.025566,12.5907,-0.003312,0.025566,12.5907,-7.77922,-5
2.6009,-0.003358,-0.003196,7.18876,-0.003358,-0.003196,7.18876,-3.83848,-3.83848
2.62493,-0.003073,-0.006392,0.52229,-0.003073,-0.006392,0.52229,0.392431,0.392431
2.64893,-0.002566,-0.011718,-9.48993,-0.002566,-0.011718,-9.48993,6.7402,5
2.67298,-0.002705,-0.002131,-2.58631,-0.002705,-0.002131,-2.58631,2.21801,2.21801
2.69689,-0.002784,-0.004261,3.14304,-0.002784,-0.004261,3.14304,-1.36603,-1.36603
2.72086,-0.00272,0.007457,12.0201,-0.00272,0.007457,12.0201,-7.21863,-5
2.74507,-0.002648,-0.004261,7.33205,-0.002648,-0.004261,7.33205,-4.05231,-4.05231
2.76923,-0.002713,-0.002131,-0.973333,-0.002713,-0.002131,-0.973333,1.19569,1.19569
2.79309,-0.002461,-0.026632,-6.88047,-0.002461,-0.026632,-6.88047,5.3233,5
2.8169,-0.002557,0,-4.02057,-0.002557,0,-4.02057,3.06177,3.06177
2.84113,-0.002544,-0.003196,5.29522,-0.002544,-0.003196,5.29522,-2.79866,-2.79866
2.86433,-0.002723,0.027697,12.6009,-0.002723,0.027697,12.6009,-7.94027,-5
2.88896,-0.002427,-0.004261,7.5126,-0.002427,-0.004261,7.5126,-4.21096,-4.21096
2.91338,-0.002879,-0.004261,0.535612,-0.002879,-0.004261,0.535612,0.308094,0.308094
2.93692,-0.002738,-0.026632,-5.12441,-0.002738,-0.026632,-5.12441,4.26375,4.26375
2.96109,-0.002868,-0.004261,-1.02607,-0.002868,-0.004261,-1.02607,1.29726,1.29726
2.98489,-0.003021,-0.003196,5.06504,-0.003021,-0.003196,5.06504,-2.55749,-2.55749
3.00947,-0.002535,0.006392,14.4013,-0.002535,0.006392,14.4013,-8.74848,-5
3.03304,-0.002446,-0.005326,4.74019,-0.002446,-0.005326,4.74019,-2.42865,-2.42865
3.05695,-0.002376,-0.002131,-1.9724,-0.002376,-0.002131,-1.9724,1.76274,1.76274
3.08095,-0.001925,-0.022371,-7.54226,-0.001925,-0.022371,-7.54226,5.56217,5
3.10626,-0.001698,-0.002131,-1.02567,-0.001698,-0.002131,-1.02567,1.02666,1.02666
3.13004,-0.001616,0.004261,3.88456,-0.001616,0.004261,3.88456,-2.21835,-2.21835
3.15248,0.002688,0.022371,11.6189,0.002688,0.022371,11.6189,-8.30205,-5
3.17669,0.001242,0.013848,8.36958,0.001242,0.013848,8.36958,-5.80239,-5
3.2011,-0.000874,0.036219,-1.7725,-0.000874,0.036219,-1.7725,0.66667,0.66667
3.22526,-0.00029,-0.088417,-10.4012,-0.00029,-0.088417,-10.4012,8.20492,5
3.24891,-0.000576,-0.095874,-4.10904,-0.000576,-0.095874,-4.10904,4.3979,4.3979
3.27294,-0.000339,0,3.38162,-0.000339,0,3.38162,-2.07911,-2.07911
3.29665,0.001469,0.1012,12.3665,0.001469,0.1012,12.3665,-9.91071,-5
3.32111,0.000871,0.103331,6.51179,0.000871,0.103331,6.51179,-6.11221,-5
3.34462,0.004779,0.129962,-2.86906,0.004779,0.129962,-2.86906,-1.40113,-1.40113
3.36898,0.007652,0.143811,-8.30301,0.007652,0.143811,-8.30301,1.23395,1.23395
3.39265,0.009109,0.012783,-15.4042,0.009109,0.012783,-15.4042,7.74023,5
3.41737,11549,-0.029827,-10.5716,11549,-0.029827,-10.5716,-2.30125e+06,-5
3.44119,0.011176,0.04048,-2.058,0.011176,0.04048,-2.058,-1.62761,-1.62761
3.46476,0.008798,0.057524,-4.5568,0.008798,0.057524,-4.5568,0.134751,0.134751
3.48897,0.010951,-0.057524,-13.3819,0.010951,-0.057524,-13.3819,7.31754,5
3.51296,0.010688,-0.096939,-5.38962,0.010688,-0.096939,-5.38962,2.98495,2.98495
3.53695,0.006884,-0.079895,-1.11645,0.006884,-0.079895,-1.11645,0.732607,0.732607
3.56057,0.005953,-0.047937,8.10537,0.005953,-0.047937,8.10537,-5.49413,-5
3.58472,0.005506,0.061785,15.0035,0.005506,0.061785,15.0035,-11.7006,-5
3.609,0.00769,0.13203,11.3716,0.00769,0.13203,11.3716,-11.0573,-5
3.6327,0.0118,0.176834,0.574738,0.0118,0.176834,0.574738,-5.80501,-5
3.65663,0.016278,0.192813,-6.21167,0.016278,0.192813,-6.21167,-2.66841,-2.66841
3.68058,0.021764,0.248207,-14.0627,0.021764,0.248207,-14.0627,0.25467,0.25467
3.70495,0.027276,0.203466,-21.4097,0.027276,0.203466,-21.4097,4.60174,4.60174
3.72872,0.034117,0.196009,-16.275,0.034117,0.196009,-16.275,0.109347,0.109347
3.7529,0.037371,0.188552,-7.61034,0.037371,0.188552,-7.61034,-5.9091,-5
3.77719,43620,0.311057,0.192208,43620,0.311057,0.192208,-8.69173e+06,-5
3.801,0.051597,0.367516,-1.85121,0.051597,0.367516,-1.85121,-15.5258,-5
3.8246,0.061035,0.368582,-9.94882,0.061035,0.368582,-9.94882,-12.2846,-5
3.84862,0.068966,0.374973,-18.2015,0.068966,0.374973,-18.2015,-8.7378,-5
3.87299,0.077898,0.396278,-24.9755,0.077898,0.396278,-24.9755,-6.5896,-5
3.8971,87403,0.399474,-30.4342,87403,0.399474,-30.4342,-1.74159e+07,-5
3.92075,0.096769,0.398409,-38.7327,0.096769,0.398409,-38.7327,-1.654,-1.654
3.94484,0.10589,0.393083,-45.5201,0.10589,0.393083,-45.5201,0.9302,0.9302
3.96894,0.113479,271642,-53.267,0.113479,271642,-53.267,-4.74498e+06,-5
3.99274,0.119871,0.343015,-50.0008,0.119871,0.343015,-50.0008,1.86327,1.86327
4.01699,0.126271,0.241815,-51.8347,0.126271,0.241815,-51.8347,3.51994,3.51994
4.04072,0.132887,0.211988,-48.1753,0.132887,0.211988,-48.1753,0.399662,0.399662
4.06473,0.137673,0.164051,-36.8061,0.137673,0.164051,-36.8061,-6.93381,-5
4.08886,0.142605,0.291882,-31.4114,0.142605,0.291882,-31.4114,-13.574,-5
4.11266,0.146602,0.332363,-33.5428,0.146602,0.332363,-33.5428,-13.7246,-5
4.1369,0.155748,0.386691,-42.0772,0.155748,0.386691,-42.0772,-11.0784,-5
4.16089,0.164969,0.448476,-46.6992,0.164969,0.448476,-46.6992,-11.061,-5
4.18538,174208,0.479369,-54.7092,174208,0.479369,-54.7092,-3.47127e+07,-5
4.20893,186122,0.479369,-67.1158,186122,0.479369,-67.1158,-3.70867e+07,-5
4.23273,0.20116,0.462325,-71.2735,0.20116,0.462325,-71.2735,-2.91452,-2.91452
4.25662,0.212627,0.441019,-77.5045,0.212627,0.441019,-77.5045,-0.87183,-0.87183
4.2812,0.221836,0.429302,-84.9218,0.221836,0.429302,-84.9218,2.20635,2.20635
4.30468,0.230997,0.324906,-94.9908,0.230997,0.324906,-94.9908,8.59627,5
4.32873,0.235895,0.236489,-86.2365,0.235895,0.236489,-86.2365,3.60754,3.60754
4.3525,0.238432,0.140615,-80.3127,0.238432,0.140615,-80.3127,1.01625,1.01625
4.37685,0.239551,0.053263,-71.5948,0.239551,0.053263,-71.5948,-3.21499,-3.21499
4.40075,0.242882,0.16192,-62.0095,0.242882,0.16192,-62.0095,-11.8614,-5
4.42492,0.249343,0.329167,-68.5711,0.249343,0.329167,-68.5711,-11.905,-5
4.44868,0.258219,0.374973,-75.7977,0.258219,0.374973,-75.7977,-9.88631,-5
4.47299,0.268983,0.435693,-84.0199,0.268983,0.435693,-84.0199,-7.87237,-5
4.49661,0.27876,0.496413,-87.0116,0.27876,0.496413,-87.0116,-8.98202,-5
4.52105,292257,0.513457,-96.0644,292257,0.513457,-96.0644,-5.82351e+07,-5
4.54501,0.30596,0.536893,-102.282,0.30596,0.536893,-102.282,-5.41552,-5
4.56869,0.316934,0.589091,-110.656,0.316934,0.589091,-110.656,-3.19826,-3.19826
4.59265,0.332817,0.613592,-115.891,0.332817,0.613592,-115.891,-3.46788,-3.46788
4.61676,0.346772,0.673247,-123.45,0.346772,0.673247,-123.45,-2.49168,-2.49168
4.64067,0.362516,0.670051,-132.383,0.362516,0.670051,-132.383,0.0975724,0.0975724
4.66461,0.376555,0.573112,-135.657,0.376555,0.573112,-135.657,1.07146,1.07146
4.68871,0.392064,0.52411,-132.182,0.392064,0.52411,-132.182,-3.36857,-3.36857
4.71271,0.404225,0.635963,-123.146,0.404225,0.635963,-123.146,-13.4818,-5
4.73692,0.423161,0.657268,-127.323,0.423161,0.657268,-127.323,-14.9755,-5
4.76055,0.435664,0.681769,-132.561,0.435664,0.681769,-132.561,-14.5698,-5
4.78491,0.453102,0.672182,-141.584,0.453102,0.672182,-141.584,-12.1493,-5
4.80833,0.468785,0.697748,-147.819,0.468785,0.697748,-147.819,-11.7629,-5
4.83312,486646,0.638093,-156.768,486646,0.638093,-156.768,-9.6969e+07,-5
4.85668,0.50048,0.610397,-164.656,0.50048,0.610397,-164.656,-5.86467,-5
4.88113,515616,0.590156,-167.694,515616,0.590156,-167.694,-1.02742e+08,-5
4.90501,0.533353,0.514523,-177.801,0.533353,0.514523,-177.801,-2.39556,-2.39556
4.92866,0.544138,0.46126,-183.946,0.544138,0.46126,-183.946,0.28702,0.28702
4.95301,0.549721,0.246076,-189.751,0.549721,0.246076,-189.751,6.61796,5
4.97691,0.550007,0.054328,-186.679,0.550007,0.054328,-186.679,7.96013,5
5.00092,0.556901,0.171508,-177.476,0.556901,0.171508,-177.476,-1.30233,-1.30233
5.02493,0.562677,0.340885,-168.129,0.562677,0.340885,-168.129,-11.3451,-5
5.04891,571220,0.360059,-172.755,571220,0.360059,-172.755,-1.13821e+08,-5
5.07418,0.579213,0.328101,-180.386,0.579213,0.328101,-180.386,-6.63626,-5
5.09691,0.585194,0.389887,-184.248,0.585194,0.389887,-184.248,-6.45564,-5
5.12136,0.59256,0.4048,-194.719,0.59256,0.4048,-194.719,-1.53669,-1.53669
5.14474,0.605693,0.395213,-200.541,0.605693,0.395213,-200.541,-0.290804,-0.290804
5.16899,612327,0.439954,-207.353,612327,0.439954,-207.353,-1.22012e+08,-5
5.19275,0.622202,0.458064,-210.481,0.622202,0.458064,-210.481,1.632,1.632
5.21727,0.625095,0.197074,-220.847,0.625095,0.197074,-220.847,12.1949,5
5.24092,0.626116,0.166181,-213.756,0.626116,0.166181,-213.756,8.02973,5
5.26509,0.634612,0.106526,-205.436,0.634612,0.106526,-205.436,2.09704,2.09704
5.28886,0.637093,0.005326,-197.568,0.637093,0.005326,-197.568,-1.62402,-1.62402
5.31257,0.634948,0.164051,-188.752,0.634948,0.164051,-188.752,-9.56548,-5
5.33689,0.637776,0.232228,-191.656,0.637776,0.232228,-191.656,-9.47672,-5
5.36084,0.647261,0.221575,-200.032,0.647261,0.221575,-200.032,-5.8636,-5
5.3847,0.655899,0.284426,-206.798,0.655899,0.284426,-206.798,-4.38772,-4.38772
5.40883,0.66011,0.361125,-210.902,0.66011,0.361125,-210.902,-3.96103,-3.96103
5.43577,0.667957,0.396278,-218.164,0.667957,0.396278,-218.164,-1.52905,-1.52905
5.45675,0.673027,0.381365,-226.891,0.673027,0.381365,-226.891,3.26121,3.26121
5.48099,683910,0.151268,-234.472,683910,0.151268,-234.472,-1.36276e+08,-5
5.50495,0.68535,0.221575,-230.361,0.68535,0.221575,-230.361,5.79989,5
5.52859,0.693219,0.059655,-230.207,0.693219,0.059655,-230.207,6.96251,5
5.55297,0.698092,-0.047937,-226.415,0.698092,-0.047937,-226.415,5.46342,5
5.57657,0.695644,-0.033023,-215.569,0.695644,-0.033023,-215.569,-1.19404,-1.19404
5.60094,0.690128,115049,-206.083,0.690128,115049,-206.083,-2.00966e+06,-5
5.62472,0.692781,0.167247,-213.228,0.692781,0.167247,-213.228,-5.60781,-5
5.6489,0.700436,0.183225,-222.019,0.700436,0.183225,-222.019,-1.83199,-1.83199
5.67297,0.70795,0.01335,-227.464,0.70795,0.01335,-227.464,3.09447,3.09447
5.69701,0.717295,0.04048,-233.694,0.717295,0.04048,-233.694,4.71361,4.71361
5.72064,0.721501,0.007457,-228.559,0.721501,0.007457,-228.559,1.19274,1.19274
5.7446,0.71956,-0.074569,-216.565,0.71956,-0.074569,-216.565,-4.60127,-4.60127
5.769,0.711832,-0.024501,-208.818,0.711832,-0.024501,-208.818,-8.85421,-5
5.79257,0.710361,0.005326,-213.484,0.710361,0.005326,-213.484,-6.11999,-5
5.81699,0.714409,-0.053263,-222.868,0.714409,-0.053263,-222.868,0.0536443,0.0536443
5.84053,0.716986,-0.096939,-228.629,0.716986,-0.096939,-228.629,3.96018,3.96018
5.86521,0.715817,-0.024501,-224.576,0.715817,-0.024501,-224.576,0.354895,0.354895
5.88854,0.713049,0.054328,-213.797,0.713049,0.054328,-213.797,-7.31307,-5
5.91275,0.711355,0.188552,-204.534,0.711355,0.188552,-204.534,-15.2003,-5
5.93694,0.715557,0.272708,-214.995,0.715557,0.272708,-214.995,-10.8669,-5
5.96063,0.724871,0.286556,-219.144,0.724871,0.286556,-219.144,-10.3311,-5
5.9847,0.733698,0.273773,-226.957,0.733698,0.273773,-226.957,-6.90655,-5
6.03304,0.738226,0.265251,-232.683,0.738226,0.265251,-232.683,-4.02491,-4.02491
6.0571,0.750386,0.230097,-243.903,0.750386,0.230097,-243.903,1.28846,1.28846
6.08073,0.749723,0.009587,-248.439,0.749723,0.009587,-248.439,8.15157,5
6.10471,0.744724,-0.102265,-244.884,0.744724,-0.102265,-244.884,8.84485,5
6.12852,0.737992,-0.14168,-233.115,0.737992,-0.14168,-233.115,3.40381,3.40381
6.15259,0.732494,-0.213053,-228.24,0.732494,-0.213053,-228.24,2.65123,2.65123
6.17649,0.727469,-0.317449,-220.638,0.727469,-0.317449,-220.638,0.650573,0.650573
6.20111,0.721861,-0.346211,-210.848,0.721861,-0.346211,-210.848,-3.94416,-3.94416
6.22438,0.712739,-0.07883,-202.963,0.712739,-0.07883,-202.963,-11.8028,-5
6.24853,0.708515,0.118244,-203.359,0.708515,0.118244,-203.359,-14.1517,-5
6.27266,0.714882,0.156594,-214.029,0.714882,0.156594,-214.029,-9.31703,-5
6.29664,0.718615,0.14168,-220.547,0.718615,0.14168,-220.547,-5.66303,-5
6.32065,0.724246,0.124636,-225.452,0.724246,0.124636,-225.452,-3.37328,-3.37328
6.34474,0.728346,0.150202,-233.294,0.728346,0.150202,-233.294,0.340964,0.340964
6.3692,0.737177,-0.082025,-240.717,0.737177,-0.082025,-240.717,7.34999,5
6.39284,0.737356,-0.177899,-234.313,0.737356,-0.177899,-234.313,4.92392,4.92392
6.41659,0.730025,-0.16192,-224.68,0.730025,-0.16192,-224.68,-0.00990302,-0.00990302
6.44076,0.723917,-0.022371,-215.671,0.723917,-0.022371,-215.671,-6.94913,-5
6.46514,725852,0.103331,-216.989,725852,0.103331,-216.989,-1.44633e+08,-5
6.48914,0.730465,0.103331,-224.514,0.730465,0.103331,-224.514,-4.83582,-4.83582
6.51316,738002,0.111853,-229.832,738002,0.111853,-229.832,-1.47054e+08,-5
6.53688,0.738632,0.15979,-234.289,0.738632,0.15979,-234.289,-1.24424,-1.24424
6.56097,0.746491,0.196009,-239.839,0.746491,0.196009,-239.839,0.0801095,0.0801095
6.58538,0.753094,0.019175,-251.855,0.753094,0.019175,-251.855,9.48097,5
6.60888,0.753536,-0.063916,-242.017,0.753536,-0.063916,-242.017,4.59924,4.59924
6.63297,0.747492,-0.124636,-233.818,0.747492,-0.124636,-233.818,1.65932,1.65932
6.65704,0.742214,-0.189617,-222.61,0.742214,-0.189617,-222.61,-3.26875,-3.26875
6.68066,0.733534,-0.09907,-216.038,0.733534,-0.09907,-216.038,-7.2925,-5
6.70491,0.729493,-0.075634,-222.453,0.729493,-0.075634,-222.453,-2.82472,-2.82472
6.72874,0.731393,-0.005326,-228.901,0.731393,-0.005326,-228.901,-0.33836,-0.33836
6.75292,0.735657,0.087352,-235.594,0.735657,0.087352,-235.594,1.44241,1.44241
6.77703,0.739743,-0.013848,-242.28,0.739743,-0.013848,-242.28,6.63988,5
6.80114,0.740787,-0.031958,-236.49,0.740787,-0.031958,-236.49,3.07307,3.07307
6.82476,0.737288,-0.069242,-227.228,0.737288,-0.069242,-227.228,-1.4585,-1.4585
6.84863,0.733358,0.018109,-218.22,0.733358,0.018109,-218.22,-7.91945,-5
6.87268,0.732805,0.068177,-222.536,0.732805,0.068177,-222.536,-5.94399,-5
6.89717,0.73604,0.04048,-229.756,0.73604,0.04048,-229.756,-1.52162,-1.52162
6.92074,0.738486,0.077764,-237.059,0.738486,0.077764,-237.059,1.97572,1.97572
6.94507,0.747149,-0.005326,-246.545,0.747149,-0.005326,-246.545,7.72291,5
6.96896,0.749596,-0.039415,-236.397,0.749596,-0.039415,-236.397,1.38868,1.38868
6.9931,0.74475,-0.076699,-228.879,0.74475,-0.076699,-228.879,-1.76696,-1.76696
7.01692,0.741546,0.027697,-221.981,0.741546,0.027697,-221.981,-7.33089,-5
7.04108,739478,0.043676,-221.473,739478,0.043676,-221.473,-1.47348e+08,-5
7.06503,0.743335,0.06072,-228.689,0.743335,0.06072,-228.689,-4.00566,-4.00566
7.08873,0.742899,0.088417,-236.869,0.742899,0.088417,-236.869,0.789631,0.789631
7.11299,0.746601,-0.014914,-245.415,0.746601,-0.014914,-245.415,7.28186,5
7.13658,0.745288,-0.036219,-240.563,0.745288,-0.036219,-240.563,4.83575,4.83575
7.16056,0.745085,-0.077764,-230.483,0.745085,-0.077764,-230.483,-0.796442,-0.796442
7.18468,0.744945,0.033023,-222.016,0.744945,0.033023,-222.016,-8.07877,-5
7.20929,748541,0.03835,-225.996,748541,0.03835,-225.996,-1.49154e+08,-5
7.23286,0.748548,0.090547,-229.084,0.748548,0.090547,-229.084,-5.31492,-5
7.25674,0.748559,0.140615,-236.429,0.748559,0.140615,-236.429,-1.5291,-1.5291
7.28075,0.750372,0.166181,-242.772,0.750372,0.166181,-242.772,1.68954,1.68954
7.30489,0.752493,0.034088,-251.963,0.752493,0.034088,-251.963,9.40897,5
7.32873,0.757256,-0.002131,-247.623,0.757256,-0.002131,-247.623,6.33732,5
7.35293,0.753,-0.053263,-239.425,0.753,-0.053263,-239.425,2.87479,2.87479
7.37675,0.755822,-0.110788,-231.196,0.755822,-0.110788,-231.196,-1.90657,-1.90657
7.40107,0.751073,-0.030893,-223.123,0.751073,-0.030893,-223.123,-7.48062,-5
7.42471,0.751053,0.006392,-226.773,0.751053,0.006392,-226.773,-5.81135,-5
7.44897,752861,0.071373,-232.067,752861,0.071373,-232.067,-1.50015e+08,-5
7.47273,0.752977,0.1012,-236.7,0.752977,0.1012,-236.7,-1.54893,-1.54893
7.49639,0.752949,0.132093,-241.287,0.752949,0.132093,-241.287,0.828939,0.828939
7.52028,0.754354,0.03835,-248.903,0.754354,0.03835,-248.903,7.02111,5
7.54427,0.751968,-0.021305,-245.991,0.751968,-0.021305,-245.991,6.69027,5
7.56894,0.746611,-0.069242,-236.115,0.746611,-0.069242,-236.115,2.32581,2.32581
7.59259,0.743396,-0.127832,-229.728,0.743396,-0.127832,-229.728,-0.0649109,-0.0649109
7.61702,0.73811,-0.083091,-220.884,0.73811,-0.083091,-220.884,-5.40738,-5
7.64084,0.736824,-0.047937,-226.906,0.736824,-0.047937,-226.906,-1.94218,-1.94218
7.66472,0.74368,0.025566,-232.326,0.74368,0.025566,-232.326,-1.15172,-1.15172
7.68869,0.745086,0.068177,-241.122,0.745086,0.068177,-241.122,3.40751,3.40751
7.71273,743204,-0.021305,-242.649,743204,-0.021305,-242.649,-1.48091e+08,-5
7.73672,0.741468,0.071373,-238.52,0.741468,0.071373,-238.52,2.42071,2.42071
7.76028,0.737791,-0.066046,-242.131,0.737791,-0.066046,-242.131,7.84638,5
7.78503,0.740808,-0.047937,-235.562,0.740808,-0.047937,-235.562,2.75894,2.75894
7.80916,0.734503,-0.134223,-224.707,0.734503,-0.134223,-224.707,-1.36854,-1.36854
7.83308,0.734293,-0.033023,-221.559,0.734293,-0.033023,-221.559,-5.09312,-5
7.85711,0.73463,-0.017044,-225.238,0.73463,-0.017044,-225.238,-3.10385,-3.10385
7.88055,0.740603,0.037284,-232.275,0.740603,0.037284,-232.275,-0.775477,-0.775477
7.90545,0.739899,0.047937,-236.533,0.739899,0.047937,-236.533,1.8813,1.8813
7.92922,0.748407,-0.05859,-245.177,0.748407,-0.05859,-245.177,7.53443,5
7.95338,0.747414,-0.049002,-238.216,0.747414,-0.049002,-238.216,3.14572,3.14572
7.97692,0.741365,-0.094809,-228.829,0.741365,-0.094809,-228.829,-0.808002,-0.808002
8.00072,0.734731,0.019175,-221.621,0.734731,0.019175,-221.621,-6.05261,-5
8.02491,0.733933,0.031958,-224.408,0.733933,0.031958,-224.408,-4.3475,-4.3475
8.04903,0.740814,0.015979,-234.564,0.740814,0.015979,-234.564,1.00733,1.00733
8.07335,0.744258,-0.102265,-242.342,0.744258,-0.102265,-242.342,7.32426,5
8.09677,0.745208,-0.143811,-232.874,0.745208,-0.143811,-232.874,1.85041,1.85041
8.12142,0.744054,-0.193878,-224.588,0.744054,-0.193878,-224.588,-2.3049,-2.3049
8.14511,0.737589,-0.061785,-213.097,0.737589,-0.061785,-213.097,-10.6189,-5
8.16954,0.732083,0.029827,-219.873,0.732083,0.029827,-219.873,-6.82052,-5
8.19338,0.73295,0.132093,-224.809,0.73295,0.132093,-224.809,-5.64614,-5
8.21725,0.736062,0.169377,-232.471,0.736062,0.169377,-232.471,-2.05392,-2.05392
8.2409,0.742309,0.162985,-242.332,0.742309,0.162985,-242.332,3.07298,3.07298
8.26474,0.749089,0.082025,-249.136,0.749089,0.082025,-249.136,7.45522,5
8.28952,0.756407,0.05859,-241.058,0.756407,0.05859,-241.058,1.27825,1.27825
8.31302,756907,-0.024501,-233.513,756907,-0.024501,-233.513,-1.50821e+08,-5
8.33716,0.755684,0.053263,-224.212,0.755684,0.053263,-224.212,-9.17807,-5
8.36068,0.752581,0.088417,-227.587,0.752581,0.088417,-227.587,-7.03171,-5
8.38463,0.755649,0.152333,-232.364,0.755649,0.152333,-232.364,-5.72704,-5
8.40941,756746,0.176834,-237.766,756746,0.176834,-237.766,-1.50789e+08,-5
8.43322,0.759442,0.205596,-246.448,0.759442,0.205596,-246.448,1.52763,1.52763
8.45722,0.76317,0.098004,-251.293,0.76317,0.098004,-251.293,5.73979,5
8.48088,0.76685,0.072438,-246.868,0.76685,0.072438,-246.868,2.64363,2.64363
8.50505,0.770137,-0.036219,-240.001,0.770137,-0.036219,-240.001,-0.472335,-0.472335
8.5287,0.765959,-0.009587,-232.584,0.765959,-0.009587,-232.584,-4.81297,-4.81297
8.55329,0.766414,-0.008522,-236.874,0.766414,-0.008522,-236.874,-2.19914,-2.19914
8.57677,0.768327,0.052198,-244.263,0.768327,0.052198,-244.263,1.04973,1.04973
8.60155,0.77514,-0.042611,-249.909,0.77514,-0.042611,-249.909,4.93207,4.93207
8.62512,0.777877,-0.08096,-243.18,0.777877,-0.08096,-243.18,0.785044,0.785044
8.6491,0.776634,-0.152333,-236.951,0.776634,-0.152333,-236.951,-1.67498,-1.67498
8.67372,0.770832,-0.026632,-226.195,0.770832,-0.026632,-226.195,-9.54257,-5
8.69665,0.765472,0.046872,-229.765,0.765472,0.046872,-229.765,-7.49183,-5
8.72141,0.765754,0.151268,-233.922,0.765754,0.151268,-233.922,-6.73279,-5
8.74508,0.768319,0.198139,-242.453,0.768319,0.198139,-242.453,-2.64736,-2.64736
8.76925,0.773286,0.232228,-249.538,0.773286,0.232228,-249.538,0.265347,0.265347
8.7929,0.777909,0.177899,-258.237,0.777909,0.177899,-258.237,5.81537,5
8.81741,0.785321,0.18216,-250.596,0.785321,0.18216,-250.596,-0.587045,-0.587045
8.84136,0.783717,0.239684,-241.852,0.783717,0.239684,-241.852,-6.8225,-5
8.86484,787885,0.197074,-249.101,787885,0.197074,-249.101,-1.56994e+08,-5
8.8891,0.796341,0.270577,-256.475,0.796341,0.270577,-256.475,-0.595212,-0.595212
8.91288,0.80322,0.331297,-262.348,0.80322,0.331297,-262.348,0.701698,0.701698
8.93692,0.814981,0.28859,-268.637,0.814981,0.28859,-268.637,3.09672,3.09672
8.96096,0.828143,0.225836,-262.709,0.828143,0.225836,-262.709,-2.19298,-2.19298
8.98492,0.83191,0.273773,-254.032,0.83191,0.273773,-254.032,-9.2894,-5
9.00905,0.839617,0.279099,-259.214,0.839617,0.279099,-259.214,-7.62816,-5
9.03357,0.848286,0.314253,-265.694,0.848286,0.314253,-265.694,-5.85628,-5
9.05723,0.860021,0.374973,-270.279,0.860021,0.374973,-270.279,-6.34502,-5
9.08148,0.872152,0.409062,-277.892,0.872152,0.409062,-277.892,-4.52475,-4.52475
9.10488,0.880231,0.462325,-285.432,0.880231,0.462325,-285.432,-2.27821,-2.27821
9.12846,0.88791,0.469782,-287.861,0.88791,0.469782,-287.861,-2.39698,-2.39698
9.15331,0.897242,0.470847,-295.182,0.897242,0.470847,-295.182,0.372619,0.372619
9.17712,0.908893,0.332363,-300.126,0.908893,0.332363,-300.126,3.608,3.608
9.20132,0.916733,0.253533,-298.675,0.916733,0.253533,-298.675,2.50208,2.50208
9.22571,0.91801,0.177899,-287.534,0.91801,0.177899,-287.534,-3.50386,-3.50386
9.24885,0.928643,0.193878,-279.636,0.928643,0.193878,-279.636,-10.915,-5
9.27292,0.93249,0.166181,-281.842,0.93249,0.166181,-281.842,-9.79752,-5
9.29669,937429,0.257794,-290.371,937429,0.257794,-290.371,-1.86792e+08,-5
9.32091,0.941977,0.253533,-295.795,0.941977,0.253533,-295.795,-4.35638,-4.35638
9.34497,0.948223,0.334493,-302.483,0.948223,0.334493,-302.483,-2.76986,-2.76986
9.37257,0.955712,0.329167,-303.949,0.955712,0.329167,-303.949,-3.23804,-3.23804
9.39199,0.962704,0.332363,-314.732,0.962704,0.332363,-314.732,2.15787,2.15787
9.41692,967157,0.166181,-318.403,967157,0.166181,-318.403,-1.92716e+08,-5
9.44027,0.970336,0.287621,-315.879,0.970336,0.287621,-315.879,2.14691,2.14691
9.46475,0.971999,0.156594,-319.883,0.971999,0.156594,-319.883,6.64564,5
9.48905,979195,0.208792,-309.682,979195,0.208792,-309.682,-1.95114e+08,-5
9.51291,0.981833,0.209857,-302.9,0.981833,0.209857,-302.9,-7.02509,-5
9.53776,987033,0.204531,-304.917,987033,0.204531,-304.917,-1.96676e+08,-5
9.56036,0.992738,0.32384,-315.1,0.992738,0.32384,-315.1,-3.44442,-3.44442
9.58528,0.996142,0.351537,-320.795,0.996142,0.351537,-320.795,-0.991432,-0.991432
9.60988,1.00351,0.414388,-324.634,1.00351,0.414388,-324.634,-1.11981,-1.11981
9.63348,1.01653,0.36432,-331.658,1.01653,0.36432,-331.658,1.6197,1.6197
9.65794,1.02849,0.313188,-341.253,1.02849,0.313188,-341.253,6.22034,5
9.68118,1.03929,0.3036,-331.084,1.03929,0.3036,-331.084,-2.21911,-2.21911
9.70493,1.04529,0.28336,-320.862,1.04529,0.28336,-320.862,-9.55069,-5
9.7286,1.05216,0.248207,-326.444,1.05216,0.248207,-326.444,-6.7623,-5
9.75364,1.06327,0.309992,-334.652,1.06327,0.309992,-334.652,-4.8457,-4.8457
9.77745,1.06788,0.40267,-337.495,1.06788,0.40267,-337.495,-5.57823,-5
9.82529,1.07489,0.387756,-344.591,1.07489,0.387756,-344.591,-2.20889,-2.20889
9.84915,1.08905,0.432497,-356.441,1.08905,0.432497,-356.441,1.709,1.709
9.87292,1.09691,0.279099,-366.969,1.09691,0.279099,-366.969,9.50583,5
9.89691,1.10218,0.267381,-359.59,1.10218,0.267381,-359.59,3.97547,3.97547
9.92123,1.10386,0.145941,-348.616,1.10386,0.145941,-348.616,-1.20324,-1.20324
9.94476,1.10712,0.14168,-342.555,1.10712,0.14168,-342.555,-5.62597,-5
9.96919,1.10797,0.231162,-345.506,1.10797,0.231162,-345.506,-5.48507,-5
9.99302,1.11421,0.315318,-349.701,1.11421,0.315318,-349.701,-5.53456,-5
10.0169,1.12274,0.355798,-355.274,1.12274,0.355798,-355.274,-4.40393,-4.40393
10.0411,1.12996,0.380299,-365.63,1.12996,0.380299,-365.63,0.303776,0.303776
10.0648,1.13288,0.221575,-366.645,1.13288,0.221575,-366.645,3.13785,3.13785
10.0891,1.13623,0.216249,-365.418,1.13623,0.216249,-365.418,1.78463,1.78463
10.1127,1.13856,0.16192,-352.749,1.13856,0.16192,-352.749,-5.77379,-5
10.1371,1.1414,0.127832,-347.139,1.1414,0.127832,-347.139,-9.30433,-5
10.1609,1.14532,0.20027,-349.697,1.14532,0.20027,-349.697,-9.72593,-5
10.185,1.15053,0.288687,-356.229,1.15053,0.288687,-356.229,-8.16351,-5
10.2092,1.15524,0.300405,-358.665,1.15524,0.300405,-358.665,-7.75991,-5
10.2332,1.15999,0.372843,-370.21,1.15999,0.372843,-370.21,-2.64368,-2.64368
10.2573,1.16887,0.372843,-372.503,1.16887,0.372843,-372.503,-2.95738,-2.95738
10.2815,1.17841,0.420779,-383.331,1.17841,0.420779,-383.331,1.17824,1.17824
10.3053,1.19213,0.285491,-383.519,1.19213,0.285491,-383.519,0.927568,0.927568
10.3289,1.2082,0.150202,-382.589,1.2082,0.150202,-382.589,-0.501795,-0.501795
10.3532,1.21234,0.183225,-371.737,1.21234,0.183225,-371.737,-8.7921,-5
10.3769,1.2218,0.227967,-376.479,1.2218,0.227967,-376.479,-8.44995,-5
10.4013,1.23328,0.300405,-381.713,1.23328,0.300405,-381.713,-8.67888,-5
10.425,1.2426e+06,0.234358,-387.435,1.2426e+06,0.234358,-387.435,-2.476e+08,-5
10.4495,1.23679,0.264186,-394.326,1.23679,0.264186,-394.326,-0.739294,-0.739294
10.4728,1.24371,0.247141,-398.707,1.24371,0.247141,-398.707,0.960101,0.960101
10.4969,1.24739,0.120375,-404.575,1.24739,0.120375,-404.575,6.16577,5
10.5209,1.26224,0.067112,-400.586,1.26224,0.067112,-400.586,1.60604,1.60604
10.5446,1.26739,0.012783,-390.928,1.26739,0.012783,-390.928,-4.60326,-4.60326
10.5697,1.27699,0.070307,-382.317,1.27699,0.070307,-382.317,-12.9852,-5
10.5931,1.27397,0.172573,-381.899,1.27397,0.172573,-381.899,-14.4356,-5
10.6179,1.28424,0.274838,-390.235,1.28424,0.274838,-390.235,-12.9775,-5
10.6419,1.27746,0.287621,-396.029,1.27746,0.287621,-396.029,-8.17172,-5
10.6648,1.28914,0.295078,-404.647,1.28914,0.295078,-404.647,-5.15874,-5
10.6893,1.29252,0.235423,-406.963,1.29252,0.235423,-406.963,-3.3189,-3.3189
10.7126,1.30619,0.251402,-416.003,1.30619,0.251402,-416.003,-0.584648,-0.584648
10.7371,1.31807,0.213053,-419.375,1.31807,0.213053,-419.375,-0.141211,-0.141211
10.7606,1.31794,0.253533,-428.883,1.31794,0.253533,-428.883,5.21418,5
10.7858,1.31832,0.056459,-430.736,1.31832,0.056459,-430.736,9.75641,5
10.8086,1.32231,-0.028762,-426.532,1.32231,-0.028762,-426.532,7.78233,5
10.8327,1.32163,-0.087352,-420.333,1.32163,-0.087352,-420.333,5.0047,5
10.8567,1.31157,-0.152333,-409.826,1.31157,-0.152333,-409.826,1.47452,1.47452
10.8807,1.30609,-0.155529,-402.055,1.30609,-0.155529,-402.055,-2.31067,-2.31067
10.9045,1.30159,-0.106526,-390.87,1.30159,-0.106526,-390.87,-9.37049,-5
10.9286,1.29985,0.011718,-394.749,1.29985,0.011718,-394.749,-8.62684,-5
10.9524,1.30258,0.042611,-398.868,1.30258,0.042611,-398.868,-7.09422,-5
10.9765,1.30726,0.063916,-407.077,1.30726,0.063916,-407.077,-3.18894,-3.18894
11.0002,1.30615e+06,0.122505,-409.775,1.30615e+06,0.122505,-409.775,-2.60264e+08,-5
11.0247,1.30251,0.068177,-415.013,1.30251,0.068177,-415.013,2.72195,2.72195
11.0484,1.30846,0.027697,-421.52,1.30846,0.027697,-421.52,6.37222,5
11.0733,1.31884,0.006392,-416.608,1.31884,0.006392,-416.608,1.55889,1.55889
11.0965,1.31257,-0.024501,-409.755,1.31257,-0.024501,-409.755,-1.00292,-1.00292
11.1207,1.30891,0.011718,-399.431,1.30891,0.011718,-399.431,-7.45955,-5
11.1444,1.30046,0.160855,-403.197,1.30046,0.160855,-403.197,-5.99098,-5
11.1684,1.31326,0.234358,-404.625,1.31326,0.234358,-404.625,-8.91818,-5
11.1924,1.32156,0.22051,-411.769,1.32156,0.22051,-411.769,-5.79514,-5
11.2172,1.32846,0.296144,-419.054,1.32846,0.296144,-419.054,-3.86598,-3.86598
11.2414,1.32913,183225,-422.281,1.32913,183225,-422.281,-3.20053e+06,-5
11.2645,1.33421,0.173638,-432.159,1.33421,0.173638,-432.159,5.44743,5
11.2886,1.34406,0.059655,-435.976,1.34406,0.059655,-435.976,7.89771,5
11.3124,1.34018,-0.024501,-430.228,1.34018,-0.024501,-430.228,6.49142,5
11.3366,1.33047,-0.073503,-422.288,1.33047,-0.073503,-422.288,4.24212,4.24212
11.3607,1.33329,-0.105461,-414.358,1.33329,-0.105461,-414.358,-0.793872,-0.793872
11.3849,1.33867,-0.007457,-404.214,1.33867,-0.007457,-404.214,-10.0173,-5
11.4095,1.33943e+06,0.107592,-406.047,1.33943e+06,0.107592,-406.047,-2.66895e+08,-5
11.4329,1.33404,0.106526,-407.627,1.33404,0.106526,-407.627,-8.92073,-5
11.4569,1.33445,0.155529,-420.465,1.33445,0.155529,-420.465,-1.70802,-1.70802
11.4804,1.33901e+06,0.090547,-423.746,1.33901e+06,0.090547,-423.746,-2.66812e+08,-5
11.5041,1.3475,0.148072,-432.836,1.3475,0.148072,-432.836,3.67516,3.67516
11.5286,1.34823,0.06072,-435.477,1.34823,0.06072,-435.477,6.7319,5
11.5529,1.35161,0.030893,-428.918,1.35161,0.030893,-428.918,2.41459,2.41459
11.577,1.35506,-0.012783,-421.046,1.35506,-0.012783,-421.046,-2.50713,-2.50713
11.6007,1.3603,-0.014914,-409.965,1.3603,-0.014914,-409.965,-10.5473,-5
11.6244,1.3533,0.073503,-412.899,1.3533,0.073503,-412.899,-8.8349,-5
11.6485,1.35651,0.133158,-419.374,1.35651,0.133158,-419.374,-6.40546,-5
11.6733,1.36473,0.061785,-423.96,1.36473,0.061785,-423.96,-3.88606,-3.88606
11.6964,1.36912,0.158724,-429.955,1.36912,0.158724,-429.955,-2.64776,-2.64776
11.7209,1.37425e+06,0.237554,-436.583,1.37425e+06,0.237554,-436.583,-2.73833e+08,-5
11.7447,1.37815,0.11291,-438.387,1.37815,0.11291,-438.387,1.70516,1.70516
11.7696,1.38294,0.056459,-450.901,1.38294,0.056459,-450.901,9.68163,5
11.7923,1.38031,0.023436,-443.978,1.38031,0.023436,-443.978,6.38769,5
11.8164,1.37732,-0.093743,-433.411,1.37732,-0.093743,-433.411,2.3209,2.3209
11.8407,1.38122,-0.064981,-425.017,1.38122,-0.064981,-425.017,-4.28665,-4.28665
11.8646,1.38136,-0.021305,-415.485,1.38136,-0.021305,-415.485,-11.1266,-5
11.8887,1.37228,0.066046,-414.539,1.37228,0.066046,-414.539,-11.4459,-5
11.9125,1.37931,0.144876,-424.793,1.37931,0.144876,-424.793,-7.71362,-5
11.9369,1.38558e+06,0.113983,-425.662,1.38558e+06,0.113983,-425.662,-2.7609e+08,-5
11.9609,1.38467,0.117179,-433.237,1.38467,0.117179,-433.237,-2.93621,-2.93621
11.9844,1.38504,0.173638,-441.429,1.38504,0.173638,-441.429,1.20279,1.20279
12.0083,1.39183,-0.03835,-443.296,1.39183,-0.03835,-443.296,4.73753,4.73753
12.0325,1.38958,-0.02024,-440.27,1.38958,-0.02024,-440.27,2.94939,2.94939
12.0565,1.38064e+06,-0.04048,-434.233,1.38064e+06,-0.04048,-434.233,-2.75106e+08,-5
12.0812,1.38468,-0.018109,-422.828,1.38468,-0.018109,-422.828,-7.18364,-5
12.1045,1.3851,0.1012,-424.733,1.3851,0.1012,-424.733,-8.14181,-5
12.1289,1.39191,0.18216,-428.875,1.39191,0.18216,-428.875,-8.28452,-5
12.1524,1.39176,0.061785,-432.723,1.39176,0.061785,-432.723,-3.70815,-3.70815
12.1766,1.40305,0.14168,-442.064,1.40305,0.14168,-442.064,-1.42477,-1.42477
12.2001,1.40742,0.129962,-448.092,1.40742,0.129962,-448.092,1.73509,1.73509
12.2244,1.40493,-0.053263,-449.001,1.40493,-0.053263,-449.001,6.00916,5
12.2484,1.40581,-0.082025,-444.349,1.40581,-0.082025,-444.349,3.38464,3.38464
12.2727,1.40126,-0.073503,-439.651,1.40126,-0.073503,-439.651,1.15884,1.15884
12.2962,1.39514,-0.125701,-431.358,1.39514,-0.125701,-431.358,-1.97372,-1.97372
12.3204,1.3921,-0.050067,-418.05,1.3921,-0.050067,-418.05,-11.1377,-5
12.3443,1.39736,0.126766,-420.768,1.39736,0.126766,-420.768,-13.5495,-5
12.3685,1.39062,0.053263,-424.057,1.39062,0.053263,-424.057,-8.83339,-5
12.3923,1.38779,0.142745,-433.644,1.38779,0.142745,-433.644,-3.74664,-3.74664
12.4165,1.39913,0.191748,-439.501,1.39913,0.191748,-439.501,-3.14587,-3.14587
12.4404,1.4078,0.175769,-443.931,1.4078,0.175769,-443.931,-1.78194,-1.78194
12.4645,1.40737,0.142745,-451.564,1.40737,0.142745,-451.564,3.72712,3.72712
12.4886,1.41532,0.094809,-459.888,1.41532,0.094809,-459.888,8.26524,5
12.5125,1.41914,0.04376,-449.55,1.41914,0.04376,-449.55,1.83201,1.83201
12.5365,1.41517,-0.021305,-440.05,1.41517,-0.021305,-440.05,-2.27139,-2.27139
12.5605,1.42228,0.072438,-431.278,1.42228,0.072438,-431.278,-10.8931,-5
12.5845,1.42672,0.132093,-433.437,1.42672,0.132093,-433.437,-11.4506,-5
12.6082,1.4222,0.131028,-437.09,1.4222,0.131028,-437.09,-8.21055,-5
12.6329,1.43301e+06,0.187487,-447.952,1.43301e+06,0.187487,-447.952,-2.85542e+08,-5
12.6566,1.43934,0.196009,-447.933,1.43934,0.196009,-447.933,-5.87933,-5
12.6805,1.43876,0.115049,-452.464,1.43876,0.115049,-452.464,-1.47338,-1.47338
12.7046,1.4453,0.085221,-459.326,1.4453,0.085221,-459.326,2.10108,2.10108
12.7285,1.44387,0.076699,-468.439,1.44387,0.076699,-468.439,8.32032,5
12.7523,1.45128,0.025566,-464.071,1.45128,0.025566,-464.071,4.96289,4.96289
12.7767,1.45107,-0.094809,-455.161,1.45107,-0.094809,-455.161,1.45112,1.45112
12.8003,1.44405,-0.13955,-443.578,1.44405,-0.13955,-443.578,-3.72119,-3.72119
12.8246,1.44933,0.017044,-438.435,1.44933,0.017044,-438.435,-10.7732,-5
12.8483,1.44908,0.028762,-435.815,1.44908,0.028762,-435.815,-12.5916,-5
12.8725,1.44542e+06,0.074569,-440.329,1.44542e+06,0.074569,-440.329,-2.88015e+08,-5
12.8968,1.45768,0.198139,-450.815,1.45768,0.198139,-450.815,-7.74019,-5
12.9202,1.46344,0.181095,-454.542,1.46344,0.181095,-454.542,-6.22559,-5
12.9442,1.46293,0.147006,-458.717,1.46293,0.147006,-458.717,-2.87752,-2.87752
12.9686,1.46784e+06,0.123571,-462.111,1.46784e+06,0.123571,-462.111,-2.92482e+08,-5
12.9922,1.46938,234358,-472.632,1.46938,234358,-472.632,-4.09371e+06,-5
13.0173,1.47873,0.225836,-478.529,1.47873,0.225836,-478.529,5.17314,5
13.0402,1.48044,0.177899,-484.887,1.48044,0.177899,-484.887,9.70572,5
13.0647,1.48524,0.053263,-478.68,1.48524,0.053263,-478.68,6.98642,5
13.0883,1.48192,-0.024501,-472.106,1.48192,-0.024501,-472.106,4.83373,4.83373
13.1129,1.47901,-0.041545,-461.477,1.47901,-0.041545,-461.477,-1.03652,-1.03652
13.1365,1.48384,0.051133,-454.35,1.48384,0.051133,-454.35,-8.14103,-5
13.1605,1.4793,0.029827,-449.601,1.4793,0.029827,-449.601,-9.88059,-5
13.1849,1.48122,-0.006392,-455.333,1.48122,-0.006392,-455.333,-5.9919,-5
13.2088,1.48333,0.064981,-462.519,1.48333,0.064981,-462.519,-3.09544,-3.09544
13.2327,1.48055e+06,0.068177,-472.938,1.48055e+06,0.068177,-472.938,-2.95014e+08,-5
13.2568,1.48458,0.057524,-476.859,1.48458,0.057524,-476.859,5.88783,5
13.281,1.48064,-0.092678,-481.326,1.48064,-0.092678,-481.326,12.1315,5
13.3049,1.48356,-0.100135,-475.32,1.48356,-0.100135,-475.32,7.86829,5
13.3285,1.47574,-0.137419,-465.71,1.47574,-0.137419,-465.71,3.97682,3.97682
13.3531,1.47769,-0.079895,-459.479,1.47769,-0.079895,-459.479,-1.37163,-1.37163
13.3767,1.48083,-0.025566,-450.154,1.48083,-0.025566,-450.154,-8.86645,-5
13.4006,1.47334,-0.009587,-445.176,1.47334,-0.009587,-445.176,-10.8131,-5
13.4245,1.47317,-0.041545,-455.556,1.47317,-0.041545,-455.556,-3.63071,-3.63071
13.4487,1.4756e+06,0.054328,-461.91,1.4756e+06,0.054328,-461.91,-2.94028e+08,-5
13.4733,1.47503,-0.028762,-464.857,1.47503,-0.028762,-464.857,1.67952,1.67952
13.4967,1.4711,-0.271642,-471.11,1.4711,-0.271642,-471.11,10.6744,5
13.5208,1.4637,-0.312122,-464.634,1.4637,-0.312122,-464.634,8.74425,5
13.5447,1.46184,-0.300405,-460.218,1.46184,-0.300405,-460.218,6.10652,5
13.5689,1.45155,-0.335558,-448.821,1.45155,-0.335558,-448.821,1.53744,1.53744
13.5927,1.43952,-0.354733,-437.87,1.43952,-0.354733,-437.87,-2.68367,-2.68367
13.6167,1.43769,-0.227967,-428.928,1.43769,-0.227967,-428.928,-10.2087,-5
13.6405,1.43326,-0.174703,-430.6,1.43326,-0.174703,-430.6,-9.19475,-5
13.6649,1.42422,-0.215183,-432.701,1.42422,-0.215183,-432.701,-5.35331,-5
13.6886,1.41686,-0.215183,-442.948,1.41686,-0.215183,-442.948,2.61819,2.61819
13.7127,1.41545,-0.345146,-448.417,1.41545,-0.345146,-448.417,8.64043,5
13.7368,1.40084,-0.494283,-442.842,1.40084,-0.494283,-442.842,10.6179,5
13.7607,1.38638,-0.526241,-433.549,1.38638,-0.526241,-433.549,8.15906,5
13.7846,1.38276,-0.530502,-423.021,1.38276,-0.530502,-423.021,2.27236,2.27236
13.8088,1.36096,-0.60294,-414.614,1.36096,-0.60294,-414.614,2.54466,2.54466
13.8328,1.34288,-0.580569,-408.01,1.34288,-0.580569,-408.01,1.56378,1.56378
13.8566,1.32182,-0.64342,-397.113,1.32182,-0.64342,-397.113,-0.0588236,-0.0588236
13.8806,1.29847,-0.60507,-391.971,1.29847,-0.60507,-391.971,0.660052,0.660052
13.9046,1.28683,-0.689226,-385.852,1.28683,-0.689226,-385.852,0.564613,0.564613
13.9288,1.27572,-0.735032,-382.392,1.27572,-0.735032,-382.392,1.38114,1.38114
13.9527,1.26833,-0.770186,-372.506,1.26833,-0.770186,-372.506,-2.80637,-2.80637
13.9765,1.25219,-0.76486,-365.622,1.25219,-0.76486,-365.622,-4.05519,-4.05519
14.0007,1.23453,-0.581634,-364.776,1.23453,-0.581634,-364.776,-4.27279,-4.27279
14.0249,1.22238,-0.585895,-368.515,1.22238,-0.585895,-368.515,0.59706,0.59706
14.0487,1.19967,-0.695618,-378.608,1.19967,-0.695618,-378.608,13.4439,5
14.0725,1.17907,-0.691357,-368.941,1.17907,-0.691357,-368.941,11.3386,5
14.0965,1.15779,-0.747816,-366.148,1.15779,-0.747816,-366.148,14.7922,5
14.1204,1.13628,-0.708401,-353.048,1.13628,-0.708401,-353.048,10.0749,5
14.1444,1.11911,-0.774447,-346.641,1.11911,-0.774447,-346.641,10.5819,5
14.1689,1.10047,-0.733967,-336.64,1.10047,-0.733967,-336.64,7.24014,5
14.1924,1.08154,-0.640224,-328.439,1.08154,-0.640224,-328.439,4.16893,4.16893
14.2169,1.0697,-0.677508,-318.485,1.0697,-0.677508,-318.485,0.861028,0.861028
14.2404,1.05759,-0.668986,-310.239,1.05759,-0.668986,-310.239,-2.10956,-2.10956
14.265,1.04877e+06,-0.541154,-303.97,1.04877e+06,-0.541154,-303.97,-2.08978e+08,-5
14.2882,1.03701,-0.347276,-306.352,1.03701,-0.347276,-306.352,-6.09683,-5
14.3127,1.02746,-0.371777,-309.997,1.02746,-0.371777,-309.997,-1.45147,-1.45147
14.3369,1.01874e+06,-0.325971,-314.893,1.01874e+06,-0.325971,-314.893,-2.02995e+08,-5
14.3611,1.01562e+06,-0.275903,-323.04,1.01562e+06,-0.275903,-323.04,-2.02373e+08,-5
14.3847,1.01373,-0.164051,-333.595,1.01373,-0.164051,-333.595,12.6365,5
14.4086,1.00936,-0.269512,-337.205,1.00936,-0.269512,-337.205,17.6395,5
14.4328,1.00527,-0.24075,-327.606,1.00527,-0.24075,-327.606,11.8593,5
14.4565,0.998471,-0.305731,-323.927,0.998471,-0.305731,-323.927,12.0141,5
14.481,0.9904,-0.24075,-315.637,0.9904,-0.24075,-315.637,7.2244,5
14.5046,0.986216,-0.194943,-303.505,0.986216,-0.194943,-303.505,-0.443101,-0.443101
14.5286,0.981452,-0.118244,-295.193,0.981452,-0.118244,-295.193,-6.11036,-5
14.5525,0.976302,-0.059655,-296.818,0.976302,-0.059655,-296.818,-5.07582,-5
14.5766,0.974751,-0.035154,-305.387,0.974751,-0.035154,-305.387,0.244706,0.244706
14.6006,0.977218,-0.210922,-314.076,0.977218,-0.210922,-314.076,8.33943,5
14.6242,0.972124,-0.218379,-308.01,0.972124,-0.218379,-308.01,5.63412,5
14.6489,0.969186,-0.231162,-303.329,0.969186,-0.231162,-303.329,3.47121,3.47121
14.6726,0.961699,-0.230097,-285.071,0.961699,-0.230097,-285.071,-6.64613,-5
14.6967,0.952039,-0.183225,-279.794,0.952039,-0.183225,-279.794,-8.88977,-5
14.7205,0.943764,-0.113983,-279.847,0.943764,-0.113983,-279.847,-8.41635,-5
14.7447,0.944626,-0.063916,-288.321,0.944626,-0.063916,-288.321,-4.08338,-4.08338
14.7683,0.943542,-0.03835,-294.561,0.943542,-0.03835,-294.561,-0.352965,-0.352965
14.7926,0.941377,-0.017044,-302.862,0.941377,-0.017044,-302.862,4.97546,4.97546
14.8165,0.942958,-0.169377,-312.672,0.942958,-0.169377,-312.672,13.5489,5
14.8407,0.941394,-0.135289,-307.452,0.941394,-0.135289,-307.452,9.95165,5
14.8649,0.936027,-0.168312,-292.801,0.936027,-0.168312,-292.801,2.29739,2.29739
14.8883,0.930878,-0.20027,-284.681,0.930878,-0.20027,-284.681,-1.27313,-1.27313
14.9128,0.923171,-0.150202,-274.147,0.923171,-0.150202,-274.147,-7.29891,-5
14.9368,0.921769,-0.116114,-279.136,0.921769,-0.116114,-279.136,-4.44824,-4.44824
14.9611,0.921305,-0.074569,-288.179,0.921305,-0.074569,-288.179,0.659031,0.659031
14.9845,0.91753,-0.177899,-294.385,0.91753,-0.177899,-294.385,7.15576,5
15.0085,0.914905,-0.236489,-289.721,0.914905,-0.236489,-289.721,5.74191,5
15.0325,0.912059,-0.245011,-282.345,0.912059,-0.245011,-282.345,1.77535,1.77535
15.0567,0.909448,-0.325971,-273.115,0.909448,-0.325971,-273.115,-2.14907,-2.14907
15.0808,0.900133,-0.22264,-263.435,0.900133,-0.22264,-263.435,-8.24287,-5
15.1045,0.898134,-0.120375,-269.426,0.898134,-0.120375,-269.426,-5.82818,-5
15.1286,0.895397,-0.033023,-273.192,0.895397,-0.033023,-273.192,-4.41792,-4.41792
15.153,0.893907,-0.017044,-283.643,0.893907,-0.017044,-283.643,2.2343,2.2343
15.1769,0.891711,-0.090547,-284.802,0.891711,-0.090547,-284.802,4.6917,4.6917
15.2008,0.887558,-0.105461,-279.421,0.887558,-0.105461,-279.421,2.36347,2.36347
15.2244,0.881677,-0.123571,-272.212,0.881677,-0.123571,-272.212,-0.724654,-0.724654
15.2483,0.877114,-0.06072,-261.122,0.877114,-0.06072,-261.122,-7.95318,-5
15.2725,0.876819,-0.015979,-263.896,0.876819,-0.015979,-263.896,-6.91489,-5
15.2964,0.874392,0.011718,-272.851,0.874392,0.011718,-272.851,-1.23012,-1.23012
15.3204,0.877639,-0.003196,-279.198,0.877639,-0.003196,-279.198,2.41217,2.41217
15.3447,0.882962,-0.067112,-284.164,0.882962,-0.067112,-284.164,5.62042,5
15.369,0.881641,-0.123571,-283.135,0.881641,-0.123571,-283.135,6.21686,5
15.393,0.879457,-0.188552,-272.298,0.879457,-0.188552,-272.298,0.907796,0.907796
15.4164,0.879784,-0.203466,-265.135,0.879784,-0.203466,-265.135,-3.44428,-3.44428
15.4404,0.877578,-0.111853,-254.555,0.877578,-0.111853,-254.555,-11.3212,-5
15.4646,0.876948,-0.113983,-261.36,0.876948,-0.113983,-261.36,-6.83837,-5
15.4885,0.88001,-0.045806,-266.957,0.88001,-0.045806,-266.957,-5.08668,-5
15.5125,0.876774,-0.026632,-272.179,0.876774,-0.026632,-272.179,-1.46178,-1.46178
15.5365,0.881062,0.019175,-280.476,0.881062,0.019175,-280.476,2.15041,2.15041
15.5603,0.884491,-0.131028,-286.955,0.884491,-0.131028,-286.955,8.20377,5
15.5844,0.878109,-0.124636,-281.257,0.878109,-0.124636,-281.257,5.74727,5
15.6085,0.871474,-0.216249,-272.169,0.871474,-0.216249,-272.169,2.90056,2.90056
15.6339,0.869742,-0.24075,-263.785,0.869742,-0.24075,-263.785,-1.64876,-1.64876
15.657,859984,-0.177899,-253.666,859984,-0.177899,-253.666,-1.7136e+08,-5
15.6811,0.855616,-0.118244,-258.165,0.855616,-0.118244,-258.165,-4.54179,-4.54179
15.7044,0.856878,-0.127832,-265.102,0.856878,-0.127832,-265.102,-0.221882,-0.221882
15.7289,0.852948,-0.09907,-272.405,0.852948,-0.09907,-272.405,4.69448,4.69448
15.7529,0.851364,-0.183225,-278.163,0.851364,-0.183225,-278.163,10.1357,5
15.7767,0.849857,-0.243946,-271.694,0.849857,-0.243946,-271.694,7.38989,5
15.8003,0.84184,-0.259925,-262.569,0.84184,-0.259925,-262.569,3.47381,3.47381
15.8243,0.836883,-0.313188,-254.325,0.836883,-0.313188,-254.325,0.158644,0.158644
15.8484,0.827895,-0.32171,-245.667,0.827895,-0.32171,-245.667,-3.39762,-3.39762
15.8721,0.819311,-0.267381,-237.7,0.819311,-0.267381,-237.7,-7.69376,-5
15.8964,0.812533,-0.238619,-240.992,0.812533,-0.238619,-240.992,-4.75543,-4.75543
15.9205,0.812756,-0.177899,-246.323,0.812756,-0.177899,-246.323,-2.47661,-2.47661
15.9441,0.810301,-0.123571,-252.759,0.810301,-0.123571,-252.759,1.1495,1.1495
15.9681,0.804666,-0.225836,-260.025,0.804666,-0.225836,-260.025,8.67112,5
15.9939,0.801264,-0.325971,-253.983,0.801264,-0.325971,-253.983,7.26238,5
16.0165,0.793708,-0.290817,-245.995,0.793708,-0.290817,-245.995,3.08315,3.08315
16.0403,0.784991,-0.28336,-239.56,0.784991,-0.28336,-239.56,0.604952,0.604952
16.0644,0.777491,-0.3036,-226.922,0.777491,-0.3036,-226.922,-5.56949,-5
16.0893,0.770394,-0.158724,-218.627,0.770394,-0.158724,-218.627,-11.9518,-5
16.1125,0.765704,-0.123571,-221.938,0.765704,-0.123571,-221.938,-9.52952,-5
16.1366,0.765457,-0.150202,-233.408,0.765457,-0.150202,-233.408,-1.7342,-1.7342
16.1602,0.763649,-0.152333,-239.079,0.763649,-0.152333,-239.079,2.2633,2.2633
16.1843,0.76372,-0.328101,-245.7,0.76372,-0.328101,-245.7,9.5225,5
16.2085,0.759266,-0.38243,-236.242,0.759266,-0.38243,-236.242,5.3554,5
16.2327,0.746776,-0.410127,-229.874,0.746776,-0.410127,-229.874,4.28564,4.28564
16.2564,0.735906,-0.387756,-218.194,0.735906,-0.387756,-218.194,-1.35375,-1.35375
16.2803,0.724201,-0.24075,-210.538,0.724201,-0.24075,-210.538,-6.44936,-5
16.3043,0.717013,-0.162985,-215.208,0.717013,-0.162985,-215.208,-3.41089,-3.41089
16.3284,0.715983,-0.131028,-225.35,0.715983,-0.131028,-225.35,2.67424,2.67424
16.3526,0.715078,-0.231162,-230.492,0.715078,-0.231162,-230.492,7.86742,5
16.3763,0.709323,-0.262055,-223.392,0.709323,-0.262055,-223.392,5.04711,5
16.4005,0.70307,-0.246076,-217.559,0.70307,-0.246076,-217.559,2.31135,2.31135
16.4241,0.694504,-0.290817,-205.674,0.694504,-0.290817,-205.674,-2.7449,-2.7449
16.4485,0.681739,-0.193878,-198.364,0.681739,-0.193878,-198.364,-6.53545,-5
16.4722,0.680457,-0.217314,-203.905,0.680457,-0.217314,-203.905,-2.35293,-2.35293
16.4973,0.675201,-0.167247,-210.378,0.675201,-0.167247,-210.378,1.92883,1.92883
16.5202,0.673871,-0.208792,-216.803,0.673871,-0.208792,-216.803,6.99814,5
16.5442,0.666185,-0.239684,-209.834,0.666185,-0.239684,-209.834,4.64532,4.64532
16.5681,0.657442,-0.289752,-203.593,0.657442,-0.289752,-203.593,3.29996,3.29996
16.5922,0.652251,-0.368582,-196.779,0.652251,-0.368582,-196.779,1.38584,1.38584
16.6163,0.64222,-0.378169,-189.179,0.64222,-0.378169,-189.179,-1.27228,-1.27228
16.6405,0.626946,-0.276969,-175.977,0.626946,-0.276969,-175.977,-8.37694,-5
16.6644,0.621733,-0.285491,-183.959,0.621733,-0.285491,-183.959,-2.12257,-2.12257
16.689,0.616703,-0.285491,-191.02,0.616703,-0.285491,-191.02,3.36196,3.36196
16.7125,0.611658,-0.345146,-194.166,0.611658,-0.345146,-194.166,7.4068,5
16.7363,0.60294,-0.330232,-188.945,0.60294,-0.330232,-188.945,5.56904,5
16.7607,0.595596,-0.395213,-184.234,0.595596,-0.395213,-184.234,5.17643,5
16.7845,0.587928,-0.418649,-172.57,0.587928,-0.418649,-172.57,-0.290379,-0.290379
16.8107,0.576645,-0.346211,-164.311,0.576645,-0.346211,-164.311,-4.55046,-4.55046
16.8326,0.571134,-0.285491,-171.438,0.571134,-0.285491,-171.438,0.0114281,0.0114281
16.8572,0.564999,-0.258859,-178.047,0.564999,-0.258859,-178.047,4.9644,4.9644
16.8805,0.559118,-0.245011,-173.081,0.559118,-0.245011,-173.081,2.74174,2.74174
16.9042,0.554402,-0.246076,-170.001,0.554402,-0.246076,-170.001,1.74501,1.74501
16.9286,0.547038,-0.203466,-160.439,0.547038,-0.203466,-160.439,-3.60237,-3.60237
16.9523,0.545766,-0.1012,-150.136,0.545766,-0.1012,-150.136,-11.6753,-5
16.9772,0.546993,-0.083091,-156.009,0.546993,-0.083091,-156.009,-8.50797,-5
17.0006,0.545092,-0.012783,-159.2,0.545092,-0.012783,-159.2,-7.33179,-5
17.024,0.543286,0.002131,-174.458,0.543286,0.002131,-174.458,2.45355,2.45355
17.0483,0.546674,-0.076699,-177.96,0.546674,-0.076699,-177.96,5.37837,5
17.073,45458,-0.077764,-171.72,45458,-0.077764,-171.72,-9.05786e+06,-5
17.0974,0.540102,-0.033023,-163.787,0.540102,-0.033023,-163.787,-3.0719,-3.0719
17.1207,0.539326,0.03835,-168.054,0.539326,0.03835,-168.054,-1.45518,-1.45518
17.1447,0.542302,0.09907,-172.02,0.542302,0.09907,-172.02,-0.591545,-0.591545
17.168,0.545486,0.103331,-181.116,0.545486,0.103331,-181.116,4.47391,4.47391
17.1927,0.549049,0.052198,-186.905,0.549049,0.052198,-186.905,8.33182,5
17.2163,0.552034,0.086286,-179.757,0.552034,0.086286,-179.757,2.6043,2.6043
17.2405,0.553551,0.037284,-171.999,0.553551,0.037284,-171.999,-1.76724,-1.76724
17.2649,0.554404,0.11931,-164.573,0.554404,0.11931,-164.573,-8.0836,-5
17.2888,0.554879,0.112918,-165.652,0.554879,0.112918,-165.652,-7.38178,-5
17.3129,560705,0.05859,-178.142,560705,0.05859,-178.142,-1.11726e+08,-5
17.3364,0.559919,0.030893,-183.39,0.559919,0.030893,-183.39,4.3071,4.3071
17.3609,0.561165,-0.075634,-187.738,0.561165,-0.075634,-187.738,8.67971,5
17.3846,0.561418,-0.188552,-183.379,0.561418,-0.188552,-183.379,7.83422,5
17.409,0.552716,-0.254598,-173.581,0.552716,-0.254598,-173.581,4.50242,4.50242
17.4329,0.545001,-0.314253,-164.314,0.545001,-0.314253,-164.314,1.19913,1.19913
17.4566,0.539241,-0.421845,-158.444,0.539241,-0.421845,-158.444,0.500052,0.500052
17.4809,0.526089,-0.445281,-146.414,0.526089,-0.445281,-146.414,-4.10691,-4.10691
17.5047,0.512033,-0.448476,-140.962,0.512033,-0.448476,-140.962,-4.71136,-4.71136
17.5288,500695,-0.345146,-145.258,500695,-0.345146,-145.258,-9.97684e+07,-5
17.5539,0.491046,-0.313188,-148.588,0.491046,-0.313188,-148.588,1.94824,1.94824
17.5769,0.486019,-0.429302,-160.432,0.486019,-0.429302,-160.432,12.4969,5
17.6011,0.476274,-0.400539,-153.055,0.476274,-0.400539,-153.055,9.25374,5
17.6253,0.467057,-0.42291,-146.645,0.467057,-0.42291,-146.645,7.41201,5
17.6493,458118,-0.426106,-137.496,458118,-0.426106,-137.496,-9.12845e+07,-5
17.6729,0.45008,-0.369647,-130.012,0.45008,-0.369647,-130.012,-0.694667,-0.694667
17.6969,0.442854,-0.26099,-132.723,0.442854,-0.26099,-132.723,0.568563,0.568563
17.7209,0.437424,-0.378169,-140.237,0.437424,-0.378169,-140.237,8.46709,5
17.7452,0.426967,-0.400539,-134.41,0.426967,-0.400539,-134.41,7.24278,5
17.7691,0.415389,-0.435693,-127.11,0.415389,-0.435693,-127.11,5.5293,5
17.793,403712,-0.493217,-119.652,403712,-0.493217,-119.652,-8.04436e+07,-5
17.8172,0.393193,-0.290817,-109.413,0.393193,-0.290817,-109.413,-3.81255,-3.81255
17.8406,0.386589,-0.203466,-113.096,0.386589,-0.203466,-113.096,-1.68461,-1.68461
17.8647,0.386051,-0.235423,-124.247,0.386051,-0.235423,-124.247,6.05963,5
17.8886,0.378431,-0.256729,-123.912,0.378431,-0.256729,-123.912,7.73789,5
17.913,0.375913,-0.338754,-122.887,0.375913,-0.338754,-122.887,9.02126,5
17.9367,0.362554,-0.349407,-111.925,0.362554,-0.349407,-111.925,4.91071,4.91071
17.9612,0.355846,-0.376038,-107.257,0.355846,-0.376038,-107.257,3.74954,3.74954
17.985,0.344924,-0.397344,-98.4191,0.344924,-0.397344,-98.4191,0.687583,0.687583
18.0094,0.33537,-0.357929,-87.9251,0.33537,-0.357929,-87.9251,-4.75875,-4.75875
18.0329,0.330588,-0.134223,-82.304,0.330588,-0.134223,-82.304,-11.2818,-5
18.0569,0.328192,0.010653,-86.3427,0.328192,0.010653,-86.3427,-10.7713,-5
18.0805,0.328212,0.106526,-89.6582,0.328212,0.106526,-89.6582,-10.3453,-5
18.105,0.331074,0.192813,-98.819,0.331074,0.192813,-98.819,-6.60753,-5
18.1288,0.335968,0.259925,-106.761,0.335968,0.259925,-106.761,-3.71322,-3.71322
18.1526,0.344245,0.331297,-115.875,0.344245,0.331297,-115.875,-0.823643,-0.823643
18.1771,0.354009,0.356864,-124.168,0.354009,0.356864,-124.168,2.04818,2.04818
18.2009,0.358813,0.311057,-129.645,0.358813,0.311057,-129.645,5.36825,5
18.2243,0.369249,0.290817,-123.951,0.369249,0.290817,-123.951,0.027473,0.027473
18.2485,0.370523,0.289752,-115.343,0.370523,0.289752,-115.343,-5.67193,-5
18.2724,0.378529,0.374973,-111.144,0.378529,0.374973,-111.144,-11.4212,-5
18.2961,0.386549,0.403735,-114.116,0.386549,0.403735,-114.116,-11.6356,-5
18.3201,0.397594,0.439954,-122.394,0.397594,0.439954,-122.394,-9.214,-5
18.3444,405393,0.497478,-128.149,405393,0.497478,-128.149,-8.07786e+07,-5
18.3687,0.420673,0.530502,-137.334,0.420673,0.530502,-137.334,-5.91024,-5
18.3925,0.433838,0.592287,-142.044,0.433838,0.592287,-142.044,-6.62286,-5
18.4165,0.449761,0.592287,-151.735,0.449761,0.592287,-151.735,-3.64369,-3.64369
18.4402,0.462724,0.676443,-156.272,0.462724,0.676443,-156.272,-4.81688,-4.81688
18.4644,0.479055,0.689226,-165.422,0.479055,0.689226,-165.422,-2.48581,-2.48581
18.4892,0.49642,0.684965,-173.412,0.49642,0.684965,-173.412,-0.79929,-0.79929
18.5127,0.510462,0.739294,-175.909,0.510462,0.739294,-175.909,-2.96124,-2.96124
18.537,527794,0.72438,-186.072,527794,0.72438,-186.072,-1.05168e+08,-5
18.5607,0.547639,0.689226,-193.856,0.547639,0.689226,-193.856,1.8977,1.8977
18.5847,0.559069,0.572047,-200.632,0.559069,0.572047,-200.632,5.96875,5
18.609,0.568172,0.50001,-191.763,0.568172,0.50001,-191.763,-0.216773,-0.216773
18.6331,0.581258,0.535828,-184.556,0.581258,0.535828,-184.556,-8.02511,-5
18.6567,0.590693,0.504935,-189.013,0.590693,0.504935,-189.013,-6.53595,-5
18.6807,0.602549,0.527306,-193.687,0.602549,0.527306,-193.687,-6.32203,-5
18.7045,0.613537,0.525175,-198.649,0.613537,0.525175,-198.649,-5.32478,-5
18.7287,0.626721,0.529436,-213.253,0.626721,0.529436,-213.253,1.24451,1.24451
18.7529,0.643597,0.39448,-217.682,0.643597,0.39448,-217.682,3.0504,3.0504
18.7766,0.653399,0.329167,-210.42,0.653399,0.329167,-210.42,-2.37175,-2.37175
18.801,0.655734,0.446346,-199.965,0.655734,0.446346,-199.965,-11.5202,-5
18.8245,0.66568,0.450607,-205.325,0.66568,0.450607,-205.325,-10.1741,-5
18.8487,0.681693,0.369647,-214.773,0.681693,0.369647,-214.773,-5.95332,-5
18.8726,0.691604,0.328101,-221.178,0.691604,0.328101,-221.178,-3.1367,-3.1367
18.8973,0.699514,0.334493,-225.613,0.699514,0.334493,-225.613,-2.00895,-2.00895
18.9215,0.706353,0.388822,-233.329,0.706353,0.388822,-233.329,0.577232,0.577232
18.9449,0.716722,0.288687,-238.655,0.716722,0.288687,-238.655,3.64128,3.64128
18.9685,0.72249,0.223706,-231.437,0.72249,0.223706,-231.437,-0.954644,-0.954644
18.9929,0.721447,0.298274,-224.755,0.721447,0.298274,-224.755,-6.29148,-5
19.0169,726088,0.253533,-229.194,726088,0.253533,-229.194,-1.4468e+08,-5
19.0404,0.737291,0.280165,-237.048,0.737291,0.280165,-237.048,-1.32866,-1.32866
19.0649,0.745083,0.286556,-243.403,0.745083,0.286556,-243.403,1.04166,1.04166
19.0887,0.754574,0.177899,-254.15,0.754574,0.177899,-254.15,7.87058,5
19.1126,0.761756,0.129962,-244.919,0.761756,0.129962,-244.919,1.41686,1.41686
19.1373,0.767075,0.075634,-235.836,0.767075,0.075634,-235.836,-4.46004,-4.46004
19.1611,0.770106,0.197074,-228.547,0.770106,0.197074,-228.547,-11.8121,-5
19.1851,0.775145,0.172573,-230.152,0.775145,0.172573,-230.152,-11.3697,-5
19.2082,0.778587,0.279099,-235.171,0.778587,0.279099,-235.171,-10.7299,-5
19.2327,0.782894,0.328101,-239.957,0.782894,0.328101,-239.957,-9.40584,-5
19.257,0.788595,0.374973,-247.489,0.788595,0.374973,-247.489,-6.57951,-5
19.2805,0.795973,0.388822,-255.177,0.795973,0.388822,-255.177,-3.41119,-3.41119
19.304,0.805324,0.435693,-260.044,0.805324,0.435693,-260.044,-3.00332,-3.00332
19.3283,0.813271,0.467651,-269.809,0.813271,0.467651,-269.809,1.0537,1.0537
19.3537,0.820768,0.317449,-272.764,0.820768,0.317449,-272.764,4.05932,4.05932
19.3764,0.829155,0.330232,-269.89,0.829155,0.330232,-269.89,0.33996,0.33996
19.4004,0.833332,0.26099,-263.926,0.833332,0.26099,-263.926,-3.06864,-3.06864
19.4241,0.838855,0.328101,-252.283,0.838855,0.328101,-252.283,-12.732,-5
19.4489,0.845276,0.307861,-253.97,0.845276,0.307861,-253.97,-12.5875,-5
19.4726,0.851326,0.355798,-260.82,0.851326,0.355798,-260.82,-10.2819,-5
19.4971,0.856803,0.358994,-268.426,0.856803,0.358994,-268.426,-6.60092,-5
19.521,0.866182,0.350472,-274.663,0.866182,0.350472,-274.663,-4.36157,-4.36157
19.5452,0.873505,0.329167,-283.7,0.873505,0.329167,-283.7,0.288359,0.288359
19.5692,0.878299,0.223706,-290.408,0.878299,0.223706,-290.408,5.43318,5
19.5932,0.889664,0.171508,-284.45,0.889664,0.171508,-284.45,0.298554,0.298554
19.6173,0.896381,0.077764,-275.775,0.896381,0.077764,-275.775,-4.90963,-4.90963
19.6411,0.900969,0.138484,-268.204,0.900969,0.138484,-268.204,-11.6904,-5
19.6647,0.906317,0.145941,-273.239,0.906317,0.145941,-273.239,-9.68973,-5
19.6902,0.913661,0.187487,-279.543,0.913661,0.187487,-279.543,-7.87742,-5
19.7126,0.917848,0.251402,-286.143,0.917848,0.251402,-286.143,-5.6381,-5
19.7382,0.92328,0.266316,-293.882,0.92328,0.266316,-293.882,-2.06855,-2.06855
19.761,931231,0.349407,-294.938,931231,0.349407,-294.938,-1.85557e+08,-5
19.7849,0.93775,0.392017,-300.945,0.93775,0.392017,-300.945,-2.66387,-2.66387
19.8098,0.944163,0.354733,-308.696,0.944163,0.354733,-308.696,1.63009,1.63009
19.833,0.948976,0.26312,-319.841,0.948976,0.26312,-319.841,9.34576,5
19.8572,0.957459,0.241815,-311.975,0.957459,0.241815,-311.975,3.03425,3.03425
19.881,0.964323,0.213053,-303.592,0.964323,0.213053,-303.592,-3.15276,-3.15276
19.9053,0.972062,0.18216,-291.247,0.972062,0.18216,-291.247,-11.9913,-5
19.93,0.973125,0.22051,-294.358,0.973125,0.22051,-294.358,-10.8984,-5
19.9531,0.973452,0.22264,-300.963,0.973452,0.22264,-300.963,-6.80778,-5
19.9772,0.982526,0.198139,-309.974,0.982526,0.198139,-309.974,-2.46793,-2.46793
20.0021,992977,0.233293,-318.743,992977,0.233293,-318.743,-1.9786e+08,-5
20.0255,1.00132,0.319579,-322.129,1.00132,0.319579,-322.129,-0.618502,-0.618502
20.0492,1.00905,0.365386,-324.575,1.00905,0.365386,-324.575,-1.40485,-1.40485
20.0722,1.01683,0.289752,-336.057,1.01683,0.289752,-336.057,5.65378,5
20.0975,1.0268,0.214118,-342.186,1.0268,0.214118,-342.186,8.87873,5
20.1204,1.03117,0.254598,-333.308,1.03117,0.254598,-333.308,1.66503,1.66503
20.1445,1.03169,0.134223,-326.326,1.03169,0.134223,-326.326,-0.768446,-0.768446
20.1686,1.03577,0.157659,-318.956,1.03577,0.157659,-318.956,-6.66758,-5
20.1929,1.04165,0.166181,-323.889,1.04165,0.166181,-323.889,-4.85741,-4.85741
20.2165,1.04871,0.292948,-327.605,1.04871,0.292948,-327.605,-6.11905,-5
20.2425,1.0575,0.274838,-330.176,1.0575,0.274838,-330.176,-5.92278,-5
20.265,1.06722,0.26418,-345.105,1.06722,0.26418,-345.105,1.80363,1.80363
20.2883,1.07721,0.213053,-347.935,1.07721,0.213053,-347.935,2.50314,2.50314
20.3123,1.08251,0.196009,-338.79,1.08251,0.196009,-338.79,-4.06058,-4.06058
20.3367,1.08698,0.129962,-332.244,1.08698,0.129962,-332.244,-7.95313,-5
20.3611,1.09236,0.147006,-339.698,1.09236,0.147006,-339.698,-4.59108,-4.59108
20.3847,1.09244,0.253533,-343.031,1.09244,0.253533,-343.031,-4.35165,-4.35165
20.4096,1.09499,0.217314,-346.964,1.09499,0.217314,-346.964,-1.7304,-1.7304
20.4328,1.09752e+06,0.264186,-357.261,1.09752e+06,0.264186,-357.261,-2.18692e+08,-5
20.4565,1.10006,0.308927,-358.731,1.10006,0.308927,-358.731,3.12759,3.12759
20.4809,1.10538,0.185356,-367.913,1.10538,0.185356,-367.913,10.056,5
20.5044,1.10815,0.201335,-363.447,1.10815,0.201335,-363.447,6.38843,5
20.5284,1.10928,0.087352,-353.333,1.10928,0.087352,-353.333,1.735,1.735
20.5526,1.11132,0.02024,-345.744,1.11132,0.02024,-345.744,-2.3174,-2.3174
20.5764,1.10758,0.103331,-338.028,1.10758,0.103331,-338.028,-7.92092,-5
20.6003,1.10792e+06,0.165116,-334.46,1.10792e+06,0.165116,-334.46,-2.20764e+08,-5
20.6245,1.10838,0.18003,-342.57,1.10838,0.18003,-342.57,-6.53738,-5
20.6483,1.11416,0.224771,-354.425,1.11416,0.224771,-354.425,-0.945441,-0.945441
20.6736,1.11714,0.280165,-353.165,1.11714,0.280165,-353.165,-3.30612,-3.30612
20.6972,1.12525,0.254598,-364.57,1.12525,0.254598,-364.57,2.76442,2.76442
20.722,1.13075,0.231162,-368.175,1.13075,0.231162,-368.175,4.3666,4.3666
20.744,1.13473,0.165116,-360.974,1.13473,0.165116,-360.974,0.156198,0.156198
20.7682,1.13598,0.054328,-357.594,1.13598,0.054328,-357.594,-0.303467,-0.303467
20.7927,1.1338,0.147,-347.13,1.1338,0.147,-347.13,-8.13146,-5
20.8167,1.13313,0.12144,-348.943,1.13313,0.12144,-348.943,-6.40041,-5
20.8413,1.13812,0.205596,-357.374,1.13812,0.205596,-357.374,-3.51318,-3.51318
20.8641,1.14336,0.290817,-359.626,1.14336,0.290817,-359.626,-4.61563,-4.61563
20.8884,1.15107,0.28123,-366.393,1.15107,0.28123,-366.393,-1.68823,-1.68823
20.9125,1.15413,0.318514,-376.034,1.15413,0.318514,-376.034,3.1707,3.1707
20.936,1.15662,0.168312,-375.707,1.15662,0.168312,-375.707,5.09077,5
20.9599,1.15833,0.16192,-376.71,1.15833,0.16192,-376.71,5.49915,5
20.9853,1.16176,0.096939,-364.778,1.16176,0.096939,-364.778,-1.62551,-1.62551
21.0081,1.16917,0.067112,-359.093,1.16917,0.067112,-359.093,-6.18911,-5
21.0324,1.16835,0.138484,-358.367,1.16835,0.138484,-358.367,-7.7321,-5
21.0568,1.17267e+06,0.150202,-365.562,1.17267e+06,0.150202,-365.562,-2.33666e+08,-5
21.1043,1.18379,1.19174,-373.058,1.18379,1.19174,-373.058,-19.8818,-5
21.1284,1.20186,0.241815,-384.011,1.20186,0.241815,-384.011,0.0643196,0.0643196
21.1588,1160,0.115049,-386.214,1160,0.115049,-386.214,-230899,-5
21.1765,1.22347,0.1012,-380.129,1.22347,0.1012,-380.129,-4.25069,-4.25069
21.2007,1.22126,0.164051,-377.306,1.22126,0.164051,-377.306,-6.69999,-5
21.2254,1.22249e+06,0.167247,-386.572,1.22249e+06,0.167247,-386.572,-2.43594e+08,-5
21.2498,1.21762,0.62985,-388.595,1.21762,0.62985,-388.595,-6.94463,-5
21.2729,1.2315,0.177899,-403.918,1.2315,0.177899,-403.918,7.91061,5
21.2971,1.23453,0.036219,-404.375,1.23453,0.036219,-404.375,10.0729,5
21.321,1.24829,0.050067,-402.451,1.24829,0.050067,-402.451,5.86644,5
21.3453,1.23969,-0.039415,-391.205,1.23969,-0.039415,-391.205,2.00497,2.00497
21.3691,1.23964,-0.084156,-386.108,1.23964,-0.084156,-386.108,-0.439626,-0.439626
21.3936,1.23352,-0.047937,-373.309,1.23352,-0.047937,-373.309,-7.97792,-5
21.4172,1.22854,-0.013848,-380.938,1.22854,-0.013848,-380.938,-2.73874,-2.73874
21.442,1.22317,0.075634,-380.018,1.22317,0.075634,-380.018,-3.81393,-3.81393
21.4646,1.22428,0.113983,-391.189,1.22428,0.113983,-391.189,2.38556,2.38556
21.4889,1.22457,0.028762,-391.898,1.22457,0.028762,-391.898,4.26641,4.26641
21.5127,1.22963,0.007457,-389.258,1.22963,0.007457,-389.258,1.95537,1.95537
21.5365,1.23264,-0.042611,-381.451,1.23264,-0.042611,-381.451,-2.72562,-2.72562
21.561,1.23686,-0.008522,-369.525,1.23686,-0.008522,-369.525,-11.7329,-5
21.5847,1.23785,0.082025,-373.944,1.23785,0.082025,-373.944,-10.7065,-5
21.6086,1.24421,0.126766,-378.416,1.24421,0.126766,-378.416,-9.91716,-5
21.6331,1.24208,0.13955,-386.712,1.24208,0.13955,-386.712,-4.44928,-4.44928
21.6562,1.23643,0.147006,-389.694,1.23643,0.147006,-389.694,-1.56184,-1.56184
21.6806,1.23167e+06,0.158724,-400.961,1.23167e+06,0.158724,-400.961,-2.45422e+08,-5
21.7043,1.23838,0.165116,-402.271,1.23838,0.165116,-402.271,5.71878,5
21.7291,1.25061,0.07883,-412.508,1.25061,0.07883,-412.508,11.2862,5
21.7529,1.26215,0.045806,-403.655,1.26215,0.045806,-403.655,3.94426,3.94426
21.7761,1.2625,-0.039415,-396.424,1.2625,-0.039415,-396.424,0.771314,0.771314
21.8002,1.25207,-0.087352,-382.231,1.25207,-0.087352,-382.231,-5.32121,-5
21.8277,1.24436,-0.014914,-378.763,1.24436,-0.014914,-378.763,-7.25296,-5
21.8487,1.24185,0.030893,-380.198,1.24185,0.030893,-380.198,-6.64154,-5
21.8724,1.23521,0.106526,-388.783,1.23521,0.106526,-388.783,-1.19042,-1.19042
21.9,1.23613,0.129962,-387.811,1.23613,0.129962,-387.811,-2.39825,-2.39825
21.9205,1.25152,0.20027,-399.904,1.25152,0.20027,-399.904,0.983319,0.983319
21.9452,1.26707,0.074569,-403.462,1.26707,0.074569,-403.462,2.33994,2.33994
21.9684,1.26938,0.072438,-401.133,1.26938,0.072438,-401.133,0.437236,0.437236
21.9931,1.26947,-0.015979,-386.735,1.26947,-0.015979,-386.735,-7.17732,-5
22.0171,1.26251,0.002131,-383.029,1.26251,0.002131,-383.029,-8.45745,-5
22.0403,1.26044,0.041545,-379.313,1.26044,0.041545,-379.313,-11.0932,-5
22.0642,1.26997,0.110788,-388.54,1.26997,0.110788,-388.54,-8.34329,-5
22.088,1.28014,0.111853,-392.067,1.28014,0.111853,-392.067,-8.15105,-5
22.112,1.29016,0.151268,-402.648,1.29016,0.151268,-402.648,-4.11794,-4.11794
22.1361,1.30184,0.152333,-402.025,1.30184,0.152333,-402.025,-6.86107,-5
22.1606,1.30254,0.209857,-412.131,1.30254,0.209857,-412.131,-1.58923,-1.58923
22.1844,1.30458,0.174703,-417.757,1.30458,0.174703,-417.757,2.19055,2.19055
22.2097,1.30823,0.051133,-422.611,1.30823,0.051133,-422.611,6.70257,5
22.2333,1.32036e+06,0.049002,-419.274,1.32036e+06,0.049002,-419.274,-2.63094e+08,-5
22.2562,1.31494,-0.030893,-408.543,1.31494,-0.030893,-408.543,-2.13213,-2.13213
22.2809,1.30655,0.013848,-413.281,1.30655,0.013848,-413.281,1.76514,1.76514
22.3049,1.30551,-0.075634,-414.943,1.30551,-0.075634,-414.943,4.59111,4.59111
22.3295,1.3043e+06,-0.087352,-407.38,1.3043e+06,-0.087352,-407.38,-2.59895e+08,-5
22.3527,1.30575,-0.111853,-401.297,1.30575,-0.111853,-401.297,-3.4867,-3.4867
22.3763,1.30347,-0.05859,-398.811,1.30347,-0.05859,-398.811,-5.54132,-5
22.4007,1.29866,0.087352,-407.77,1.29866,0.087352,-407.77,-1.44375,-1.44375
22.4245,1.29738,0.041545,-412.093,1.29738,0.041545,-412.093,2.35506,2.35506
22.4482,1.30708,-0.010653,-423.494,1.30708,-0.010653,-423.494,8.57148,5
22.4726,1.31267e+06,-0.086286,-415.153,1.31267e+06,-0.086286,-415.153,-2.61562e+08,-5
22.4961,1.30763,-0.085221,-406.82,1.30763,-0.085221,-406.82,-0.820648,-0.820648
22.5204,1.30008,-0.057524,-405.965,1.30008,-0.057524,-405.965,-0.343775,-0.343775
22.5445,1.29825,-0.029827,-412.77,1.29825,-0.029827,-412.77,3.85823,3.85823
22.5683,1.3044e+06,-0.125701,-421.942,1.3044e+06,-0.125701,-421.942,-2.59914e+08,-5
22.5927,1.3093,-0.084156,-411.832,1.3093,-0.084156,-411.832,2.00898,2.00898
22.6164,1.2998,-0.177899,-418.558,1.2998,-0.177899,-418.558,9.8107,5
22.6405,1.29299,-0.22264,-408.673,1.29299,-0.22264,-408.673,5.67407,5
22.6641,1.28732,-0.253533,-403.236,1.28732,-0.253533,-403.236,3.89064,3.89064
22.6881,1.28525,-0.312122,-394.416,1.28525,-0.312122,-394.416,-0.271228,-0.271228
22.7122,1.27749,-0.256729,-384.214,1.27749,-0.256729,-384.214,-6.17033,-5
22.7363,1.27523,-0.239684,-383.322,1.27523,-0.239684,-383.322,-6.584,-5
22.7605,1.26784,-0.278034,-392.549,1.26784,-0.278034,-392.549,1.41801,1.41801
22.7853,1.26067e+06,-0.401605,-396.743,1.26067e+06,-0.401605,-396.743,-2.51202e+08,-5
22.809,1.24853,-0.352603,-389.658,1.24853,-0.352603,-389.658,4.73284,4.73284
22.8324,1.23672,-0.465521,-396.279,1.23672,-0.465521,-396.279,13.2617,5
22.8563,1.22637,-0.392017,-389.751,1.22637,-0.392017,-389.751,9.89425,5
22.8803,1.22328,-0.425041,-381.906,1.22328,-0.425041,-381.906,6.10681,5
22.9042,1.21476,-0.393083,-377.494,1.21476,-0.393083,-377.494,4.44544,4.44544
22.9282,1.21058,-0.38456,-361.382,1.21058,-0.38456,-361.382,-5.09828,-5
22.9521,1.20698,-0.253533,-355.985,1.20698,-0.253533,-355.985,-10.0942,-5
22.976,1.1976,-0.150202,-355.299,1.1976,-0.150202,-355.299,-10.4662,-5
23,1.19825,-0.109722,-361.932,1.19825,-0.109722,-361.932,-7.09204,-5
23.0245,1.19763,-0.049002,-369.126,1.19763,-0.049002,-369.126,-3.46327,-3.46327
23.0484,1.20049,-0.014914,-371.576,1.20049,-0.014914,-371.576,-3.07303,-3.07303
23.0748,1.20188,0.022371,-382.311,1.20188,0.022371,-382.311,2.81335,2.81335
23.0968,1.19816,-0.006392,-387.293,1.19816,-0.006392,-387.293,7.22038,5
23.1217,1.19278,-0.045806,-383.686,1.19278,-0.045806,-383.686,6.68969,5
23.1443,1.18573,-0.084156,-374.107,1.18573,-0.084156,-374.107,2.6846,2.6846
23.1682,1.18285,-0.157659,-366.641,1.18285,-0.157659,-366.641,-0.197306,-0.197306
23.1965,1.14626,-0.076699,-356.332,1.14626,-0.076699,-356.332,-0.864342,-0.864342
23.2164,1.16714,-0.054328,-359.316,1.16714,-0.054328,-359.316,-3.52135,-3.52135
23.2405,1.16808,-0.026632,-367.184,1.16808,-0.026632,-367.184,0.801943,0.801943
23.2645,1.16507,-0.082025,-369.379,1.16507,-0.082025,-369.379,3.76207,3.76207
23.2882,1.16721,-0.091613,-365.217,1.16721,-0.091613,-365.217,0.861174,0.861174
23.3123,1.16099e+06,-0.100135,-359.733,1.16099e+06,-0.100135,-359.733,-2.31339e+08,-5
23.3364,1.15645,-0.045806,-345.942,1.15645,-0.045806,-345.942,-10.0293,-5
23.36,1.15296,-0.059655,-349.407,1.15296,-0.059655,-349.407,-6.8931,-5
23.3842,1.14947,0.036219,-360.207,1.14947,0.036219,-360.207,-1.01674,-1.01674
23.4089,1.14951,0.08096,-360.009,1.14951,0.08096,-360.009,-1.93155,-1.93155
23.4339,1.1535e+06,0.082025,-371.073,1.1535e+06,0.082025,-371.073,-2.29846e+08,-5
23.4567,1.15524,0.124636,-371.457,1.15524,0.124636,-371.457,3.43115,3.43115
23.481,1.16053,-0.037284,-380.496,1.16053,-0.037284,-380.496,10.942,5
23.505,1.16787,-0.003196,-376.288,1.16787,-0.003196,-376.288,6.2131,5
23.5318,1.17168,-0.093743,-367.744,1.17168,-0.093743,-367.744,1.61268,1.61268
23.5526,1.17301,-0.133158,-356.829,1.17301,-0.133158,-356.829,-4.89202,-4.89202
23.5765,1.16961,-0.044741,-348.985,1.16961,-0.044741,-348.985,-10.7396,-5
23.6007,1.69086,-0.033023,-350.377,1.69086,-0.033023,-350.377,-113.925,-5
23.6242,1.17561,0.045806,-358.45,1.17561,0.045806,-358.45,-7.50844,-5
23.6482,1.17817,0.073503,-362.922,1.17817,0.073503,-362.922,-5.66291,-5
23.6723,1.18348,0.059655,-369.692,1.18348,0.059655,-369.692,-2.18171,-2.18171
23.6969,1.18759e+06,0.063916,-377.607,1.18759e+06,0.063916,-377.607,-2.36639e+08,-5
23.7203,1.1958,0.105461,-381.239,1.1958,0.105461,-381.239,1.89394,1.89394
23.7443,1.19442,-0.021305,-389.026,1.19442,-0.021305,-389.026,9.32497,5
23.7682,1.18949,-0.021305,-384.016,1.18949,-0.021305,-384.016,7.128,5
23.7924,1.1819e+06,-0.090547,-376.208,1.1819e+06,-0.090547,-376.208,-2.35506e+08,-5
23.816,1.17786,-0.024501,-362.228,1.17786,-0.024501,-362.228,-4.33139,-4.33139
23.8405,1.17181,0.013848,-367.996,1.17181,0.013848,-367.996,-0.132231,-0.132231
23.8643,1.17027,0.086286,-372.682,1.17027,0.086286,-372.682,1.88394,1.88394
23.8884,1.17147,0.012783,-378.9,1.17147,0.012783,-378.9,6.87578,5
23.9121,1.16929,0.035154,-374.356,1.16929,0.035154,-374.356,4.03344,4.03344
23.9361,1.16954,-0.085221,-366.131,1.16954,-0.085221,-366.131,0.865844,0.865844
23.9603,1.1728,-0.108657,-361.626,1.1728,-0.108657,-361.626,-2.23512,-2.23512
23.9853,1.1677,0,-348.793,1.1677,0,-348.793,-11.2631,-5
24.0089,1.16402,-0.037284,-352.914,1.16402,-0.037284,-352.914,-7.26052,-5
24.0321,1.16246,0.072438,-360.237,1.16246,0.072438,-360.237,-4.21865,-4.21865
24.056,1.1655,0.106526,-358.762,1.1655,0.106526,-358.762,-6.35596,-5
24.08,1.17189,0.087352,-369.745,1.17189,0.087352,-369.745,-0.32204,-0.32204
24.104,1.17537,0.115049,-376.737,1.17537,0.115049,-376.737,2.93775,2.93775
24.1299,1.18346e+06,0.001065,-380.444,1.18346e+06,0.001065,-380.444,-2.35817e+08,-5
24.1523,1.18857,0.047937,-375.957,1.18857,0.047937,-375.957,0.98614,0.98614
24.1768,1.1916,-0.11931,-375.324,1.1916,-0.11931,-375.324,2.90082,2.90082
24.2004,1.19538,-0.04048,-374.515,1.19538,-0.04048,-374.515,0.256751,0.256751
24.2266,1.18834,-0.091613,-361.178,1.18834,-0.091613,-361.178,-5.91185,-5
24.2483,1.18882,-0.089482,-355.103,1.18882,-0.089482,-355.103,-9.90229,-5
24.2724,1.15213,0.008522,-358.6,1.15213,0.008522,-358.6,-2.08284,-2.08284
24.2959,1.19014,0.076699,-359.386,1.19014,0.076699,-359.386,-10.3487,-5
24.3198,1.19144,0.109722,-368.456,1.19144,0.109722,-368.456,-5.42749,-5
24.3457,1.19016,0.134223,-374.027,1.19016,0.134223,-374.027,-2.06365,-2.06365
24.3685,1.19318,0.150202,-381.187,1.19318,0.150202,-381.187,1.60011,1.60011
24.3923,1.19091,0.037284,-384.347,1.19091,0.037284,-384.347,6.03126,5
24.4162,1.1921,0.019175,-380.208,1.1921,0.019175,-380.208,3.48358,3.48358
24.4401,1.18552,-0.033023,-372.171,1.18552,-0.033023,-372.171,0.603445,0.603445
24.4647,1.18456,-0.103331,-362.506,1.18456,-0.103331,-362.506,-4.11149,-4.11149
24.4884,1.18617,-0.068177,-358.106,1.18617,-0.068177,-358.106,-7.83912,-5
24.5123,1.18044,0.014914,-354.357,1.18044,0.014914,-354.357,-10.5294,-5
24.5375,1.18229,0.045806,-361.519,1.18229,0.045806,-361.519,-6.89016,-5
24.5604,1.18283,0.110788,-372.543,1.18283,0.110788,-372.543,-1.13478,-1.13478
24.5844,1.1849,0.135289,-372.128,1.1849,0.135289,-372.128,-2.23911,-2.23911
24.6081,1.19508,0.145941,-383.095,1.19508,0.145941,-383.095,2.50791,2.50791
24.6324,1.20016,0.028762,-383.62,1.20016,0.028762,-383.62,3.87568,3.87568
24.656,1.20749,0.045806,-380.833,1.20749,0.045806,-380.833,0.347663,0.347663
24.6804,1.20368,0.015979,-370.66,1.20368,0.015979,-370.66,-4.829,-4.829
24.7042,1.20739,0.007457,-363.171,1.20739,0.007457,-363.171,-10.1749,-5
24.7282,1.20508,0.072438,-366.68,1.20508,0.072438,-366.68,-8.6207,-5
24.753,1.21375,0.102265,-369.49,1.21375,0.102265,-369.49,-9.08685,-5
24.7766,1.21393,0.084156,-380.473,1.21393,0.084156,-380.473,-1.83384,-1.83384
24.8021,1.20773,0.112918,-381.559,1.20773,0.112918,-381.559,-0.410702,-0.410702
24.8246,1.20887,0.084156,-393.483,1.20887,0.084156,-393.483,7.43332,5
24.8482,1.20326,-0.001065,-391.969,1.20326,-0.001065,-391.969,9.07833,5
24.8722,1.21249,-0.050067,-392.316,1.21249,-0.050067,-392.316,8.31589,5
24.8963,1.21292,-0.107592,-380.427,1.21292,-0.107592,-380.427,1.6878,1.6878
24.9202,1.21627,-0.150202,-373.626,1.21627,-0.150202,-373.626,-2.55216,-2.55216
24.9442,1.21537,-0.072438,-366.945,1.21537,-0.072438,-366.945,-7.97239,-5
24.9683,1.21549,-0.056459,-364.562,1.21549,-0.056459,-364.562,-9.78806,-5
24.9923,1.21799,0.036219,-373.859,1.21799,0.036219,-373.859,-6.00334,-5
25.0201,1.22328,0.063916,-377.466,1.22328,0.063916,-377.466,-5.25088,-5
25.0403,1.22161,0.086286,-387.661,1.22161,0.086286,-387.661,1.16183,1.16183
25.064,1.21022,-0.015979,-388.898,1.21022,-0.015979,-388.898,6.00384,5
25.0881,1.209,0.025566,-387.273,1.209,0.025566,-387.273,4.48955,4.48955
25.112,1.20218,-0.002131,-373.163,1.20218,-0.002131,-373.163,-2.62644,-2.62644
25.1359,1.20552,0.057524,-368.532,1.20552,0.057524,-368.532,-7.27287,-5
25.1606,1.20296,0.150202,-370.459,1.20296,0.150202,-370.459,-7.15761,-5
25.1869,1.21069,0.18003,-375.646,1.21069,0.18003,-375.646,-5.92644,-5
25.2113,1.22166,0.188552,-381.608,1.22166,0.188552,-381.608,-4.47646,-4.47646
25.2323,1.23163,0.211988,-387.427,1.23163,0.211988,-387.427,-3.17805,-3.17805
25.2564,1.23197,0.215183,-397.18,1.23197,0.215183,-397.18,2.888,2.888
25.2804,1.23864,0.115049,-399.155,1.23864,0.115049,-399.155,4.5627,4.5627
25.3047,1.24249,0.122505,-396.154,1.24249,0.122505,-396.154,1.76007,1.76007
25.3287,1.23634,0.023436,-386.462,1.23634,0.023436,-386.462,-1.4368,-1.4368
25.3526,1.23004e+06,0.06072,-379.281,1.23004e+06,0.06072,-379.281,-2.45097e+08,-5
25.3767,1.23067e+06,0.068177,-377.6,1.23067e+06,0.068177,-377.6,-2.45223e+08,-5
25.4005,1.24201,0.12144,-389.022,1.24201,0.12144,-389.022,-2.65397,-2.65397
25.4246,1.24705,0.137419,-390.055,1.24705,0.137419,-390.055,-3.28163,-3.28163
25.4486,1.26154,0.144876,-398.822,1.26154,0.144876,-398.822,-0.733741,-0.733741
25.4726,1.27005,0.131028,-401.748,1.27005,0.131028,-401.748,-0.328796,-0.328796
25.4963,1.26524,0.116114,-413.182,1.26524,0.116114,-413.182,8.14718,5
25.5202,1.26257,-0.025566,-413.255,1.26257,-0.025566,-413.255,11.2004,5
25.5446,1.26117,-0.04048,-409.62,1.26117,-0.04048,-409.62,9.43216,5
25.5687,1.26776,-0.136354,-400.127,1.26776,-0.136354,-400.127,3.7687,3.7687
25.5923,1.2607e+06,-0.137419,-392.074,1.2607e+06,-0.137419,-392.074,-2.51207e+08,-5
25.6161,1.26058,-0.096939,-383.33,1.26058,-0.096939,-383.33,-6.15207,-5
25.6406,1.24919,-0.017044,-383.475,1.24919,-0.017044,-383.475,-5.18663,-5
25.6889,1.24331,0.012783,-391.19,1.24331,0.012783,-391.19,0.362385,0.362385
25.7128,1.25035,-0.035154,-403.197,1.25035,-0.035154,-403.197,7.41801,5
25.7363,1.24987,-0.014914,-397.131,1.24987,-0.014914,-397.131,3.30904,3.30904
25.7602,1.25718,-0.046872,-388.335,1.25718,-0.046872,-388.335,-3.17297,-3.17297
25.7838,1.25275,0.027697,-380.514,1.25275,0.027697,-380.514,-8.55589,-5
25.8084,1.25433,0.061785,-381.757,1.25433,0.061785,-381.757,-8.67839,-5
25.8321,1.2537,0.134223,-388.877,1.2537,0.134223,-388.877,-5.29881,-5
25.8561,1.26349e+06,0.15979,-395.473,1.26349e+06,0.15979,-395.473,-2.51763e+08,-5
25.8807,1.26448,0.140615,-401.466,1.26448,0.140615,-401.466,0.435194,0.435194
25.9047,1.2747e+06,0.073503,-407.519,1.2747e+06,0.073503,-407.519,-2.53997e+08,-5
25.9284,1.27641,0.123571,-398.711,1.27641,0.123571,-398.711,-3.39366,-3.39366
25.9523,1.28391,0.140615,-405.02,1.28391,0.140615,-405.02,-1.18245,-1.18245
25.976,1.27847,0.170442,-406.085,1.27847,0.170442,-406.085,0.0571352,0.0571352
26.0005,1.27679,0.089482,-419.296,1.27679,0.089482,-419.296,10.1937,5
26.0247,1.28341,0.009587,-409.985,1.28341,0.009587,-409.985,4.35889,4.35889
26.0483,1.28563,-0.044741,-403.678,1.28563,-0.044741,-403.678,0.86087,0.86087
26.0743,1.29315,-0.140615,-391.662,1.29315,-0.140615,-391.662,-6.59056,-5
26.0964,1.28861,-0.100135,-384.336,1.28861,-0.100135,-384.336,-11.0431,-5
26.1203,1.27859,-0.051133,-381.237,1.27859,-0.051133,-381.237,-11.8688,-5
26.1452,1.26904,0.033023,-392.565,1.26904,0.033023,-392.565,-4.24616,-4.24616
26.1681,1.26587,0.082025,-393.408,1.26587,0.082025,-393.408,-3.93506,-3.93506
26.1927,1.26605,0.083091,-405.219,1.26605,0.083091,-405.219,3.50836,3.50836
26.216,1.27619,0.030893,-406.472,1.27619,0.030893,-406.472,3.19514,3.19514
26.2402,1.27265,0.045806,-403.408,1.27265,0.045806,-403.408,1.69433,1.69433
26.2643,1.26722,-0.021305,-393.754,1.26722,-0.021305,-393.754,-2.17823,-2.17823
26.2881,1.25991,0.039415,-384.587,1.25991,0.039415,-384.587,-7.60193,-5
26.3137,1.25509,0.075634,-386.396,1.25509,0.075634,-386.396,-6.12594,-5
26.3365,1.25559e+06,0.154463,-390.328,1.25559e+06,0.154463,-390.328,-2.50189e+08,-5
26.3599,1.26229,0.147006,-398.002,1.26229,0.147006,-398.002,-1.44005,-1.44005
26.3841,1.27003,0.155529,-404.4,1.27003,0.155529,-404.4,0.930802,0.930802
26.4084,1.27747,0.045806,-411.757,1.27747,0.045806,-411.757,6.03433,5
26.4324,1.27516,-0.017044,-403.451,1.27516,-0.017044,-403.451,2.32027,2.32027
26.4584,1.27066,-0.047937,-397.764,1.27066,-0.047937,-397.764,0.145949,0.145949
26.4801,1.26445,-0.103331,-386.636,1.26445,-0.103331,-386.636,-4.71182,-4.71182
26.505,1.27068,-0.077764,-379.319,1.27068,-0.077764,-379.319,-11.0454,-5
26.5286,1.27153e+06,-0.02024,-379.146,1.27153e+06,-0.02024,-379.146,-2.53365e+08,-5
26.5527,1.27864,0.029827,-389.5,1.27864,0.029827,-389.5,-8.04894,-5
26.5765,1.27222,0.063916,-390.308,1.27222,0.063916,-390.308,-6.85082,-5
26.6002,1.26873,0.1012,-401.306,1.26873,0.1012,-401.306,0.173342,0.173342
26.6244,1.26595,-0.022371,-402.996,1.26595,-0.022371,-402.996,3.9586,3.9586
26.6481,1.27052,-0.004261,-401.698,1.27052,-0.004261,-401.698,1.90876,1.90876
26.6722,1.27112,-0.07883,-390.781,1.27112,-0.07883,-390.781,-3.8381,-3.8381
26.6961,1.27768,-0.055394,-379.566,1.27768,-0.055394,-379.566,-12.6738,-5
26.7198,1.28308,0.001065,-382.351,1.28308,0.001065,-382.351,-12.9695,-5
26.7443,1.2931,0.088417,-389.023,1.2931,0.088417,-389.023,-12.2564,-5
26.7683,1.29205,0.112918,-394.01,1.29205,0.112918,-394.01,-9.30852,-5
26.7918,1.2868,0.170442,-401.59,1.2868,0.170442,-401.59,-4.45572,-4.45572
26.8161,1.28548,0.156594,-404.199,1.28548,0.156594,-404.199,-2.29446,-2.29446
26.8407,1.29899,0.206661,-415.944,1.29899,0.206661,-415.944,1.59329,1.59329
26.8645,1.31139,0.036219,-420.077,1.31139,0.036219,-420.077,4.72468,4.72468
26.8886,1.31334e+06,0.070307,-413.119,1.31334e+06,0.070307,-413.119,-2.61696e+08,-5
26.9124,1.30812,0.107592,-405.682,1.30812,0.107592,-405.682,-5.0079,-5
26.9366,1.30714,0.112918,-407.213,1.30714,0.112918,-407.213,-3.9347,-3.9347
26.9602,1.18992,0.175769,-417.113,1.18992,0.175769,-417.113,24.6093,5
26.9841,1.33132,-0.021305,-416.355,1.33132,-0.021305,-416.355,-0.604631,-0.604631
27.0077,1.33204,0.09907,-413.755,1.33204,0.09907,-413.755,-4.5014,-4.5014
27.0322,1.32871,0.035154,-415.709,1.32871,0.035154,-415.709,-1.48153,-1.48153
27.0558,1.32712,0.064981,-422.501,1.32712,0.064981,-422.501,2.62683,2.62683
27.0801,1.33623,0.003196,-428.693,1.33623,0.003196,-428.693,5.82039,5
27.1042,1.33033,-0.105461,-422.111,1.33033,-0.105461,-422.111,4.71744,4.71744
27.1282,1.32293e+06,-0.126766,-416.72,1.32293e+06,-0.126766,-416.72,-2.63607e+08,-5
27.1523,1.31803,-0.186421,-404.143,1.31803,-0.186421,-404.143,-2.8246,-2.8246
27.1763,1.31843,-0.110788,-404.439,1.31843,-0.110788,-404.439,-4.03686,-4.03686
27.2014,1.31975,-0.083091,-412.653,1.31975,-0.083091,-412.653,0.430857,0.430857
27.228,1.30705e+06,-0.172573,-420.141,1.30705e+06,-0.172573,-420.141,-2.60443e+08,-5
27.2487,1.30082,-0.056459,-411.867,1.30082,-0.056459,-411.867,3.23767,3.23767
27.2725,1.29916,-0.18003,-412.809,1.29916,-0.18003,-412.809,6.32621,5
27.2966,1.30222,-0.077764,-407.172,1.30222,-0.077764,-407.172,0.350326,0.350326
27.3214,1.30206,-0.12144,-400.915,1.30206,-0.12144,-400.915,-2.82729,-2.82729
27.345,1.29246,-0.014914,-390.995,1.29246,-0.014914,-390.995,-9.0711,-5
27.3694,1.29359,0.08096,-395.389,1.29359,0.08096,-395.389,-8.1822,-5
27.3931,1.29777e+06,0.131028,-398.302,1.29777e+06,0.131028,-398.302,-2.58593e+08,-5
27.417,1.30544,0.219444,-407.096,1.30544,0.219444,-407.096,-5.53036,-5
27.4406,1.31505,0.193878,-407.458,1.31505,0.193878,-407.458,-6.76827,-5
27.4653,1.32638,0.274838,-420.024,1.32638,0.274838,-420.024,-2.46352,-2.46352
27.4893,1.32517,0.204531,-421.569,1.32517,0.204531,-421.569,-0.0150942,-0.0150942
27.5143,1.3301e+06,0.188552,-426.836,1.3301e+06,0.188552,-426.836,-2.65035e+08,-5
27.5379,1.34484,0.239684,-431.394,1.34484,0.239684,-431.394,1.68918,1.68918
27.5612,1.33859,0.052198,-433.243,1.33859,0.052198,-433.243,7.38295,5
27.5858,1.33574,0.007457,-429.085,1.33574,0.007457,-429.085,6.09252,5
27.6098,1.33951e+06,-0.1012,-422.226,1.33951e+06,-0.1012,-422.226,-2.66911e+08,-5
27.6327,1.34166,-0.160855,-411.032,1.34166,-0.160855,-411.032,-3.6063,-3.6063
27.657,1.3378,-0.070307,-418.154,1.3378,-0.070307,-418.154,0.102631,0.102631
27.6812,1.32537,-0.203466,-418.598,1.32537,-0.203466,-418.598,5.18594,5
27.7045,1.31923,-0.164051,-410.482,1.31923,-0.164051,-410.482,0.569847,0.569847
27.7283,1.31869,-0.266316,-404.115,1.31869,-0.266316,-404.115,-1.57919,-1.57919
27.752,1.3201,-0.170442,-395.177,1.3201,-0.170442,-395.177,-9.20718,-5
27.7767,1.32536,-0.067112,-396.582,1.32536,-0.067112,-396.582,-11.1687,-5
27.801,1.31191,0,-400.462,1.31191,0,-400.462,-7.19845,-5
27.8242,1.31457,0.082025,-409.904,1.31457,0.082025,-409.904,-3.16623,-3.16623
27.8484,1.31957,0.098004,-412.682,1.31957,0.098004,-412.682,-2.67952,-2.67952
27.8724,1.33008,0.173638,-422.307,1.33008,0.173638,-422.307,0.0144307,0.0144307
27.8964,1.33892e+06,0.128897,-426.609,1.33892e+06,0.128897,-426.609,-2.66793e+08,-5
27.9203,1.33437,0.203466,-423.489,1.33437,0.203466,-423.489,-0.61034,-0.61034
27.9443,1.34897,0.191748,-432.926,1.34897,0.191748,-432.926,2.67656,2.67656
27.9682,1.35508,0.04048,-433.741,1.35508,0.04048,-433.741,4.61829,4.61829
27.9919,1.3565,0.123571,-429.886,1.3565,0.123571,-429.886,0.436603,0.436603
28.0162,1.35874,0.003196,-421.791,1.35874,0.003196,-421.791,-3.04509,-3.04509
28.0404,1.35991,-0.017044,-411.246,1.35991,-0.017044,-411.246,-9.61901,-5
28.0655,1.35922,0.111853,-415.803,1.35922,0.111853,-415.803,-8.83986,-5
28.0909,1.35726,0.11931,-420.618,1.35726,0.11931,-420.618,-5.52436,-5
28.1121,1.35207,0.160855,-426.147,1.35207,0.160855,-426.147,-1.70424,-1.70424
28.136,1.36366,0.197074,-432.412,1.36366,0.197074,-432.412,-0.669727,-0.669727
28.1603,1.37039,0.145941,-435.863,1.37039,0.145941,-435.863,1.07207,1.07207
28.1843,1.3692,0.116114,-442.315,1.3692,0.116114,-442.315,5.92669,5
28.2079,1.37886,0.107592,-439.157,1.37886,0.107592,-439.157,2.14612,2.14612
28.232,1.38396,-0.056459,-428.758,1.38396,-0.056459,-428.758,-2.60698,-2.60698
28.2562,1.37513,-0.039415,-417.74,1.37513,-0.039415,-417.74,-8.13962,-5
28.2802,1.37399,0.013848,-421.059,1.37399,0.013848,-421.059,-6.73566,-5
28.3041,1.37083,0.014914,-423.74,1.37083,0.014914,-423.74,-4.42268,-4.42268
28.3285,1.37254,0.094809,-434.269,1.37254,0.094809,-434.269,0.525755,0.525755
28.3527,1.37192,-0.017044,-438.961,1.37192,-0.017044,-438.961,5.58071,5
28.3771,1.3726,-0.010653,-431.033,1.3726,-0.010653,-431.033,0.301707,0.301707
28.4002,1.37727,-0.005326,-425.037,1.37727,-0.005326,-425.037,-4.52877,-4.52877
28.4245,1.37755,0.031958,-415.388,1.37755,0.031958,-415.388,-11.3615,-5
28.4485,1.36967,0.113983,-410.529,1.36967,0.113983,-410.529,-14.3076,-5
28.4721,1.37389,0.186421,-422.088,1.37389,0.186421,-422.088,-9.07581,-5
28.4965,1.38238,0.189617,-422.924,1.38238,0.189617,-422.924,-10.2943,-5
28.521,1.3904,0.211988,-433.444,1.3904,0.211988,-433.444,-5.60312,-5
28.5447,1.39512,0.235423,-438.34,1.39512,0.235423,-438.34,-3.84682,-3.84682
28.5682,1.40026,0.210922,-441.013,1.40026,0.210922,-441.013,-2.74496,-2.74496
28.5929,1.40397,0.221575,-449.442,1.40397,0.221575,-449.442,1.67929,1.67929
28.6161,1.40475,0.136354,-456.942,1.40475,0.136354,-456.942,7.7738,5
28.6403,1.41308,0.02024,-448.095,1.41308,0.02024,-448.095,2.52597,2.52597
28.6639,1.41047,-0.03835,-438.352,1.41047,-0.03835,-438.352,-2.11462,-2.11462
28.6882,1.40128,0.011718,-434.223,1.40128,0.011718,-434.223,-3.77984,-3.77984
28.7119,1.40529,0.010653,-432.804,1.40529,0.010653,-432.804,-5.45975,-5
28.7364,1.40447,0.072438,-434.895,1.40447,0.072438,-434.895,-5.04984,-5
28.7601,1.40282,0.1012,-446.361,1.40282,0.1012,-446.361,2.05611,2.05611
28.784,1.40803,-0.006392,-448.447,1.40803,-0.006392,-448.447,4.22217,4.22217
28.808,1.40549,-0.017044,-444.762,1.40549,-0.017044,-444.762,2.57346,2.57346
28.8321,1.39955,-0.069242,-439.36,1.39955,-0.069242,-439.36,1.2412,1.2412
28.8561,1.40174,-0.09907,-429.105,1.40174,-0.09907,-429.105,-5.18504,-5
28.8805,1.40024,-0.079895,-417.066,1.40024,-0.079895,-417.066,-12.8627,-5
28.908,1.39639,0,-419.669,1.39639,0,-419.669,-11.8391,-5
28.9308,1.39801,0.056459,-426.729,1.39801,0.056459,-426.729,-8.66641,-5
28.952,1.39979,0.104396,-428.195,1.39979,0.104396,-428.195,-8.92842,-5
28.9761,1.40729,0.166181,-439.109,1.40729,0.166181,-439.109,-4.57381,-4.57381
29.0004,1.40723e+06,0.144876,-439.765,1.40723e+06,0.144876,-439.765,-2.80405e+08,-5
29.0245,1.41101,0.199204,-445.084,1.41101,0.199204,-445.084,-2.09811,-2.09811
29.0485,1.41869,0.256729,-455.746,1.41869,0.256729,-455.746,2.1357,2.1357
29.0724,1.42029,0.127832,-459.146,1.42029,0.127832,-459.146,6.22691,5
29.0961,1.42714,0.067112,-453.225,1.42714,0.067112,-453.225,2.16287,2.16287
29.1202,1.42988,0.026632,-442.933,1.42988,0.026632,-442.933,-4.20888,-4.20888
29.1441,1.42425,0.068177,-438.562,1.42425,0.068177,-438.562,-6.58728,-5
29.1681,1.42362,0.054328,-434.84,1.42362,0.054328,-434.84,-8.58271,-5
29.1923,1.42396,0.113983,-440.408,1.42396,0.113983,-440.408,-6.15913,-5
29.2164,1.42214,0.168312,-450.024,1.42214,0.168312,-450.024,-0.63991,-0.63991
29.2404,1.43017,0.143811,-453.479,1.43017,0.143811,-453.479,0.380662,0.380662
29.2643,1.42843,-0.010653,-458.408,1.42843,-0.010653,-458.408,6.55563,5
29.2887,1.42853e+06,0.033023,-454.933,1.42853e+06,0.033023,-454.933,-2.84648e+08,-5
29.3126,1.43679,0.018109,-445.102,1.43679,0.018109,-445.102,-4.06022,-4.06022
29.3368,1.43665,0.033023,-446.967,1.43665,0.033023,-446.967,-3.10976,-3.10976
29.3618,1.43312,0.108657,-451.181,1.43312,0.108657,-451.181,-1.05203,-1.05203
29.3844,1.43998,0.203466,-458.003,1.43998,0.203466,-458.003,0.255533,0.255533
29.4084,1.44161,0.104396,-469.042,1.44161,0.104396,-469.042,8.669,5
29.432,1.44922,0.027697,-459.953,1.44922,0.027697,-459.953,2.72349,2.72349
29.4568,1.44797,-0.005326,-449.605,1.44797,-0.005326,-449.605,-3.0199,-3.0199
29.4805,1.44071,0.082025,-441.632,1.44071,0.082025,-441.632,-8.16026,-5
29.5043,1.44447,0.150202,-440.441,1.44447,0.150202,-440.441,-10.8568,-5
29.5283,1.44282,0.107592,-443.399,1.44282,0.107592,-443.399,-7.90643,-5
29.5526,1.4449,0.16298,-451.307,1.4449,0.16298,-451.307,-4.26849,-4.26849
29.5769,1.45529,0.174703,-462.509,1.45529,0.174703,-462.509,0.566972,0.566972
29.6007,1.45966e+06,0.095874,-464.377,1.45966e+06,0.095874,-464.377,-2.90853e+08,-5
29.6244,1.4621,0.107592,-459.632,1.4621,0.107592,-459.632,-1.4445,-1.4445
29.648,1.46571,0.168312,-457.514,1.46571,0.168312,-457.514,-4.56811,-4.56811
29.6721,1.46783,0.268447,-467.427,1.46783,0.268447,-467.427,-0.447249,-0.447249
29.6957,1.47942,0.234358,-471.532,1.47942,0.234358,-471.532,0.445793,0.445793
29.7201,1.48089,0.088417,-475.475,1.48089,0.088417,-475.475,5.20468,5
29.7442,1.48521e+06,0.051133,-469.609,1.48521e+06,0.051133,-469.609,-2.95943e+08,-5
29.768,1.48459,0.043676,-463.486,1.48459,0.043676,-463.486,-2.36221,-2.36221
29.7931,1.48696,0.115049,-466.348,1.48696,0.115049,-466.348,-2.26364,-2.26364
29.8163,1.49292,0.128897,-469.727,1.49292,0.128897,-469.727,-1.54917,-1.54917
29.8398,1.49392,0.12144,-474.171,1.49392,0.12144,-474.171,1.20443,1.20443
29.8643,1.49963,-0.029827,-477.19,1.49963,-0.029827,-477.19,4.62459,4.62459
29.912,1.49974,0.0788302,-473.623,1.49974,0.0788302,-473.623,0.440912,0.440912
29.9362,1.50487,0.002131,-457.999,1.50487,0.002131,-457.999,-9.16118,-5
29.9603,1.50232e+06,-0.011718,-449.128,1.50232e+06,-0.011718,-449.128,-2.99353e+08,-5
29.9846,1.50413,0.047937,-447.703,1.50413,0.047937,-447.703,-16.3498,-5
30.0082,1.50289,0.149137,-456.486,1.50289,0.149137,-456.486,-12.2935,-5
30.033,1.50871,0.191748,-460.825,1.50871,0.191748,-460.825,-11.4437,-5
30.056,1.51703,0.187487,-466.305,1.51703,0.187487,-466.305,-9.54923,-5
30.0809,1.52008,0.174703,-471.61,1.52008,0.174703,-471.61,-6.56506,-5
30.1041,1.52464,0.176834,-479.305,1.52464,0.176834,-479.305,-2.62622,-2.62622
30.1281,1.52591,0.184291,-486.367,1.52591,0.184291,-486.367,1.47459,1.47459
30.1521,1.53076e+06,0.062851,-491.204,1.53076e+06,0.062851,-491.204,-3.05019e+08,-5
30.1763,1.5317,0.095874,-483.612,1.5317,0.095874,-483.612,0.115578,0.115578
30.2001,1.53699,-0.002131,-484.383,1.53699,-0.002131,-484.383,1.26296,1.26296
30.2241,1.5347,0.007457,-478.28,1.5347,0.007457,-478.28,-2.32302,-2.32302
30.2495,1.54069,0.066046,-471.758,1.54069,0.066046,-471.758,-8.67902,-5
30.2719,1.53775,0.094809,-472.159,1.53775,0.094809,-472.159,-8.34225,-5
30.2965,1.54371,0.122505,-479.471,1.54371,0.122505,-479.471,-5.37105,-5
30.3199,1.54585,0.11931,-484.791,1.54585,0.11931,-484.791,-2.36583,-2.36583
30.3447,1.55085,0.105461,-485.55,1.55085,0.105461,-485.55,-2.63694,-2.63694
30.3681,1.54958,0.113983,-492.941,1.54958,0.113983,-492.941,2.15841,2.15841
30.3922,1.55265,-0.023436,-498.123,1.55265,-0.023436,-498.123,7.23675,5
30.4161,1.5487,-0.059655,-497.522,1.5487,-0.059655,-497.522,8.27537,5
30.4399,1.55168,-0.036219,-487.621,1.55168,-0.036219,-487.621,0.986503,0.986503
30.4641,1.54842,-0.070307,-480.955,1.54842,-0.070307,-480.955,-1.99919,-1.99919
30.4884,1.55057,-0.034088,-471.11,1.55057,-0.034088,-471.11,-9.31007,-5
30.5125,1.54237,-0.028762,-464.948,1.54237,-0.028762,-464.948,-11.6819,-5
30.536,1.54425,0.009587,-470.886,1.54425,0.009587,-470.886,-8.95677,-5
30.5605,1.54801,0.123571,-478.897,1.54801,0.123571,-478.897,-6.61219,-5
30.5842,1.55,0.165116,-487.593,1.55,0.165116,-487.593,-2.21416,-2.21416
30.6087,1.55514,0.208792,-493.843,1.55514,0.208792,-493.843,-0.0318411,-0.0318411
30.6328,1.56049,0.164051,-497.343,1.56049,0.164051,-497.343,1.9044,1.9044
30.6563,1.56272,0.05859,-497.303,1.56272,0.05859,-497.303,3.27739,3.27739
30.6799,1.56717,0.044741,-493.303,1.56717,0.044741,-493.303,0.0924969,0.0924969
30.7044,1.56404,-0.037284,-482.933,1.56404,-0.037284,-482.933,-4.43244,-4.43244
30.7281,1.56427,0.035154,-471.53,1.56427,0.035154,-471.53,-12.9831,-5
30.7548,1.56354,0.098004,-470.264,1.56354,0.098004,-470.264,-14.7395,-5
30.7762,1.56265,0.171508,-479.69,1.56265,0.171508,-479.69,-9.86243,-5
30.8029,1.56904,0.181095,-484.833,1.56904,0.181095,-484.833,-8.03744,-5
30.8244,1.57515,0.20027,-493.178,1.57515,0.20027,-493.178,-4.29276,-4.29276
30.8481,1.58428e+06,0.194943,-494.311,1.58428e+06,0.194943,-494.311,-3.15684e+08,-5
30.8725,1.58927,0.157659,-499.396,1.58927,0.157659,-499.396,-2.41604,-2.41604
30.8963,1.59173,0.132093,-504.493,1.59173,0.132093,-504.493,0.777234,0.777234
30.92,1.59915,0,-511.23,1.59915,0,-511.23,5.88247,5
30.944,1.59372,-0.03835,-506.507,1.59372,-0.03835,-506.507,4.63561,4.63561
30.9681,1.59529,-0.027697,-502.174,1.59529,-0.027697,-502.174,1.38537,1.38537
30.9921,1.59297,-0.064981,-494.754,1.59297,-0.064981,-494.754,-2.21053,-2.21053
31.0162,1.59797,-0.025566,-480.011,1.59797,-0.025566,-480.011,-13.2535,-5
31.041,1.59275,0.007457,-474.999,1.59275,0.007457,-474.999,-15.9725,-5
31.0644,1.59714,-0.001065,-473.283,1.59714,-0.001065,-473.283,-17.7874,-5
31.0881,1.59242,0.02024,-467.718,1.59242,0.02024,-467.718,-20.7518,-5
31.112,1.5935,0.061785,-469.508,1.5935,0.061785,-469.508,-20.5554,-5
31.1363,1.59583,0.086286,-468.502,1.59583,0.086286,-468.502,-22.0866,-5
31.1601,1.5963,0.026632,-465.371,1.5963,0.026632,-465.371,-23.1263,-5
31.1857,1.60139,0.004261,-460.848,1.60139,0.004261,-460.848,-26.6218,-5
31.2081,1.59667,-0.002131,-458.126,1.59667,-0.002131,-458.126,-27.2964,-5
31.2321,1.60243,0.053263,-460.755,1.60243,0.053263,-460.755,-27.7434,-5
31.2578,1.60483,0.026632,-458.802,1.60483,0.026632,-458.802,-28.9969,-5
31.2799,1.60159,0.008522,-452.244,1.60159,0.008522,-452.244,-32.1966,-5
31.3056,1.60524,0.021305,-451.808,1.60524,0.021305,-451.808,-33.4248,-5
31.3283,1.60467,0.066046,-450.357,1.60467,0.066046,-450.357,-35.0138,-5
31.3524,1.60544,0.030893,-448.496,1.60544,0.030893,-448.496,-35.7356,-5
31.3759,1.611,0.026632,-442.313,1.611,0.026632,-442.313,-40.6927,-5
31.4017,1.60827,0.059655,-449.06,1.60827,0.059655,-449.06,-36.4438,-5
31.4247,1.6106,0.037284,-445.793,1.6106,0.037284,-445.793,-38.5896,-5
31.4484,1.616,0.018109,-440.038,1.616,0.018109,-440.038,-42.9842,-5
31.4724,1.6131,0.051133,-438.94,1.6131,0.051133,-438.94,-43.6813,-5
31.4958,1.60938,0.079895,-437.133,1.60938,0.079895,-437.133,-44.5898,-5
31.5204,1.61449,0.017044,-435.3,1.61449,0.017044,-435.3,-45.6725,-5
31.5442,1.61368,0.062851,-431.619,1.61368,0.062851,-431.619,-48.6474,-5
31.5683,1.61037,0.075634,-433.349,1.61037,0.075634,-433.349,-47.1147,-5
31.5922,1.61314,0.043676,-429.101,1.61314,0.043676,-429.101,-49.8047,-5
31.6164,1.61793,0.063916,-430.259,1.61793,0.063916,-430.259,-50.3768,-5
31.6407,1.61839,0.025566,-425.816,1.61839,0.025566,-425.816,-52.6196,-5
31.665,1.61407e+06,-0.029827,-421.067,1.61407e+06,-0.029827,-421.067,-3.21619e+08,-5
31.6884,1.62011,-0.001065,-425.377,1.62011,-0.001065,-425.377,-52.7758,-5
31.7121,1.62435,-0.070307,-419.41,1.62435,-0.070307,-419.41,-56.1998,-5
31.736,1.61758,-0.057524,-417.519,1.61758,-0.057524,-417.519,-56.2735,-5
31.76,1.6109,-0.064981,-415.809,1.6109,-0.064981,-415.809,-55.8973,-5
31.7841,1.60887,-0.166181,-414.693,1.60887,-0.166181,-414.693,-54.433,-5
31.8093,1.60992,-0.181095,-416.28,1.60992,-0.181095,-416.28,-53.375,-5
31.833,1.60833,-0.297209,-413.259,1.60833,-0.297209,-413.259,-52.9482,-5
31.8562,1.59519,-0.269512,-410.514,1.59519,-0.269512,-410.514,-52.5561,-5
31.8799,1.58721,-0.38243,-410.051,1.58721,-0.38243,-410.051,-49.2865,-5
31.9046,1.57778,-0.430367,-405.67,1.57778,-0.430367,-405.67,-49.3513,-5
31.9287,1.57344e+06,-0.459129,-405.617,1.57344e+06,-0.459129,-405.617,-3.13524e+08,-5
31.9544,1.55506,-0.559264,-398.519,1.55506,-0.559264,-398.519,-47.1129,-5
31.9762,1.53633,-0.660464,-403.907,1.53633,-0.660464,-403.907,-38.1915,-5
31.9998,1.51503,-0.769121,-397.723,1.51503,-0.769121,-397.723,-35.9761,-5
32.024,1.49203,-0.717988,-400.797,1.49203,-0.717988,-400.797,-30.3337,-5
32.0481,1.47762,-0.798948,-393.302,1.47762,-0.798948,-393.302,-30.8076,-5
32.0721,1.46614,-0.768056,-395.221,1.46614,-0.768056,-395.221,-27.8409,-5
32.0959,1.45357,-0.850081,-392.367,1.45357,-0.850081,-392.367,-25.7142,-5
32.1202,1.43264,-0.801079,-391.329,1.43264,-0.801079,-391.329,-23.0582,-5
32.1438,1.40576,-0.860734,-389.97,1.40576,-0.860734,-389.97,-17.5245,-5
32.1682,1.38016,-0.800014,-390.285,1.38016,-0.800014,-390.285,-13.2832,-5
32.1924,1.35691e+06,-0.853277,-385.103,1.35691e+06,-0.853277,-385.103,-2.70377e+08,-5
32.2163,1.34529,-0.809601,-386.371,1.34529,-0.809601,-386.371,-8.65334,-5
32.2403,1.32736,-0.824515,-381.731,1.32736,-0.824515,-381.731,-7.76501,-5
32.2642,1.31693e+06,-0.771251,-383.466,1.31693e+06,-0.771251,-383.466,-2.62411e+08,-5
32.2893,1.30303,-0.7851,-378.045,1.30303,-0.7851,-378.045,-5.9441,-5
32.3118,1.29146,-0.77186,-379.241,1.29146,-0.77186,-379.241,-3.11164,-3.11164
32.3364,1.26986,-0.703075,-375.796,1.26986,-0.703075,-375.796,-2.19648,-2.19648
32.3597,1.25707,-0.732902,-375.765,1.25707,-0.732902,-375.765,0.853322,0.853322
32.3839,1.23521,-0.646616,-374.38,1.23521,-0.646616,-374.38,2.82268,2.82268
32.4082,1.21157,-0.647681,-371.517,1.21157,-0.647681,-371.517,5.73485,5
32.4323,1.19036,-0.626375,-373.844,1.19036,-0.626375,-373.844,11.0672,5
32.456,1.16939,-0.615723,-367.279,1.16939,-0.615723,-367.279,10.8906,5
32.4819,1.15037,-0.63915,-367.942,1.15037,-0.63915,-367.942,15.5111,5
32.5043,1.13035,-0.577373,-362.196,1.13035,-0.577373,-362.196,14.7742,5
32.5285,1.11468,-0.633832,-363.865,1.11468,-0.633832,-363.865,19.9423,5
32.5524,1.09517,-0.566721,-364.991,1.09517,-0.566721,-364.991,23.3716,5
32.5763,1.07937,-0.532632,-357.831,1.07937,-0.532632,-357.831,21.3804,5
32.6003,1.06811,-0.628506,-361.265,1.06811,-0.628506,-361.265,27.4792,5
32.6239,1.04887,-0.523045,-356.539,1.04887,-0.523045,-356.539,26.4704,5
32.648,1.03411,-0.598679,-355.124,1.03411,-0.598679,-355.124,29.8325,5
32.673,1.02568,-0.614658,-355.819,1.02568,-0.614658,-355.819,32.2335,5
32.6961,1.00815,-0.508131,-352.845,1.00815,-0.508131,-352.845,31.9789,5
32.72,993947,-0.595483,-353.553,993947,-0.595483,-353.553,-1.98054e+08,-5
32.7441,0.97679,-0.546481,-353.369,0.97679,-0.546481,-353.369,39.2293,5
32.7681,0.956,-0.528371,-347.626,0.956,-0.528371,-347.626,39.4096,5
32.792,0.943921,-0.609331,-347.321,0.943921,-0.609331,-347.321,43.0374,5
32.8163,0.927688,-0.598679,-349.12,0.927688,-0.598679,-349.12,47.2275,5
32.84,0.90976,-0.579504,-345.138,0.90976,-0.579504,-345.138,47.9376,5
32.8641,0.891808,-0.616788,-341.374,0.891808,-0.616788,-341.374,49.7766,5
32.8882,0.878045,-0.677508,-342.077,0.878045,-0.677508,-342.077,54.0255,5
32.9118,0.86294,-0.569916,-342.68,0.86294,-0.569916,-342.68,55.5387,5
32.936,0.845339,-0.5827,-335.752,0.845339,-0.5827,-335.752,54.8717,5
32.96,0.835629,-0.723315,-337.631,0.835629,-0.723315,-337.631,60.4551,5
32.9839,826172,-0.597613,-339.173,826172,-0.597613,-339.173,-1.64623e+08,-5
33.0082,0.814808,-0.627441,-331.381,0.814808,-0.627441,-331.381,58.9622,5
33.0344,0.806783,-0.651942,-332.542,0.806783,-0.651942,-332.542,61.7263,5
33.056,0.80051,-0.66366,-333.883,0.80051,-0.66366,-333.883,64.0322,5
33.0799,0.782703,-0.540089,-332.45,0.782703,-0.540089,-332.45,64.5116,5
33.1039,0.766367,-0.598679,-326.31,0.766367,-0.598679,-326.31,64.8928,5
33.1286,0.752382,-0.618919,-327.421,0.752382,-0.618919,-327.421,68.7386,5
33.1522,0.73693,-0.62531,-326.779,0.73693,-0.62531,-326.779,71.521,5
33.1758,0.720903,-0.606135,-326.455,0.720903,-0.606135,-326.455,74.1742,5
33.1999,0.711354,-0.687096,-324.274,0.711354,-0.687096,-324.274,76.1068,5
33.2242,0.702544,-0.709466,-324.35,0.702544,-0.709466,-324.35,78.3012,5
33.25,692716,-0.736098,-321.095,692716,-0.736098,-321.095,-1.3803e+08,-5
33.2723,0.67245,-0.717988,-317.64,0.67245,-0.717988,-317.64,80.1873,5
33.2961,0.651703,-0.765925,-317.416,0.651703,-0.765925,-317.416,85.016,5
33.32,0.628584,-0.882039,-314.852,0.628584,-0.882039,-314.852,90.0238,5
33.3518,0.611647,-0.96513,-317.017,0.611647,-0.96513,-317.017,96.2245,5
33.3687,0.593865,-0.974717,-312.027,0.593865,-0.974717,-312.027,96.7672,5
33.394,0.574175,-1.03224,-311.709,0.574175,-1.03224,-311.709,101.494,5
33.418,0.546939,-1.08763,-310.815,0.546939,-1.08763,-310.815,107.321,5
33.4399,0.517056,-1.1899,-311.855,0.517056,-1.1899,-311.855,115.722,5
33.4641,0.490008,-1.22718,-308.641,0.490008,-1.22718,-308.641,119.722,5
33.4882,0.462891,-1.22505,-308.662,0.462891,-1.22505,-308.662,125.102,5
33.5121,0.438124,-1.14942,-306.463,0.438124,-1.14942,-306.463,127.32,5
33.536,0.408883,-1.09403,-304.114,0.408883,-1.09403,-304.114,130.688,5
33.56,0.379512,-1.10361,-301.377,0.379512,-1.10361,-301.377,134.97,5
33.5852,0.35053,-1.06633,-303.682,0.35053,-1.06633,-303.682,141.557,5
33.6081,0.328494,-1.05994,-302.841,0.328494,-1.05994,-302.841,145.303,5
33.632,0.30755,-1.0365,-300.536,0.30755,-1.0365,-300.536,147.603,5
33.656,0.287772,-1.02159,-297.795,0.287772,-1.02159,-297.795,149.544,5
33.68,0.260851,-0.945955,-299.151,0.260851,-0.945955,-299.151,154.448,5
33.7041,0.236502,-0.869256,-293.312,0.236502,-0.869256,-293.312,154.253,5
33.7278,0.218585,-0.871386,-292.912,0.218585,-0.871386,-292.912,157.607,5
33.7519,0.200561,-0.861799,-295.744,0.200561,-0.861799,-295.744,162.828,5
33.7758,0.179662,-0.959803,-293.094,0.179662,-0.959803,-293.094,167.023,5
33.8005,0.155548,-1.01839,-291.832,0.155548,-1.01839,-291.832,172.05,5
33.8242,0.13366,-1.00987,-290.024,0.13366,-1.00987,-290.024,175.114,5
33.8482,0.113501,-1.01307,-289.893,0.113501,-1.01307,-289.893,179.104,5
33.8718,0.086956,-0.920388,-288.209,0.086956,-0.920388,-288.209,181.706,5
33.8961,65311,-0.761664,-285.936,65311,-0.761664,-285.936,-1.30137e+07,-5
33.9204,0.052242,-0.655138,-284.285,0.052242,-0.655138,-284.285,181.498,5
33.9439,0.038871,-0.608266,-280.629,0.038871,-0.608266,-280.629,181.023,5
33.9683,0.023009,-0.612527,-283.899,0.023009,-0.612527,-283.899,186.334,5
33.992,0.012605,-0.714792,-282.31,0.012605,-0.714792,-282.31,189.184,5
34.0161,-0.000665,-0.735032,-282.005,-0.000665,-0.735032,-282.005,191.989,5
34.0401,0.000746,0.011718,-281.786,0.000746,0.011718,-281.786,178.524,5
34.0645,-0.001967,0.010653,-279.162,-0.001967,0.010653,-279.162,177.418,5
34.0878,-0.002687,0.021305,-281.106,-0.002687,0.021305,-281.106,178.609,5
34.1118,0.001379,0.031958,-277.726,0.001379,0.031958,-277.726,175.467,5
34.1359,-0.000516,0.015979,-277.989,-0.000516,0.015979,-277.989,176.291,5
34.1599,-0.005923,-0.004261,-278.144,-0.005923,-0.004261,-278.144,177.821,5
34.1845,-0.006734,-0.017044,-275.101,-0.006734,-0.017044,-275.101,176.274,5
34.208,-0.009567,-0.006392,-273.203,-0.009567,-0.006392,-273.203,175.447,5
34.2322,-0.014886,-0.017044,-269.97,-0.014886,-0.017044,-269.97,174.641,5
34.256,-0.012145,-0.023436,-269.425,-0.012145,-0.023436,-269.425,173.861,5
34.2799,-0.014874,-0.018109,-269.36,-0.014874,-0.018109,-269.36,174.27,5
34.3039,-0.020225,-0.022371,-266.139,-0.020225,-0.022371,-266.139,173.366,5
34.3283,-0.016761,-0.029827,-264.415,-0.016761,-0.029827,-264.415,171.712,5
34.3518,-0.017243,-0.017044,-262.383,-0.017243,-0.017044,-262.383,170.294,5
34.3759,-0.0204,-0.022371,-262.572,-0.0204,-0.022371,-262.572,171.136,5
34.4003,-0.016566,-0.036219,-261.521,-0.016566,-0.036219,-261.521,169.947,5
34.4242,-0.016517,-0.022371,-262.491,-0.016517,-0.022371,-262.491,170.311,5
34.448,-0.012897,-0.010653,-259.914,-0.012897,-0.010653,-259.914,167.749,5
34.4722,-0.009656,-0.026632,-257.857,-0.009656,-0.026632,-257.857,166.077,5
34.4962,-0.00944,-0.030893,-257.724,-0.00944,-0.030893,-257.724,166.024,5
34.52,-0.004656,-0.029827,-257.278,-0.004656,-0.029827,-257.278,164.769,5
34.5441,-0.002448,-0.029827,-253.924,-0.002448,-0.029827,-253.924,162.2,5
34.5692,-0.006096,-0.018109,-254.046,-0.006096,-0.018109,-254.046,162.8,5
34.5919,-0.001447,-0.02024,-251.374,-0.001447,-0.02024,-251.374,160.214,5
34.6165,-0.003621,-0.02024,-253.902,-0.003621,-0.02024,-253.902,162.252,5
34.6403,0.001635,-0.021305,-251.831,0.001635,-0.021305,-251.831,159.908,5
34.6641,0.002826,-0.005326,-250.792,0.002826,-0.005326,-250.792,158.733,5
34.6881,-0.00247,-0.009587,-250.429,-0.00247,-0.009587,-250.429,159.632,5
34.7124,-0.000328,-0.009587,-251.803,-0.000328,-0.009587,-251.803,160.077,5
34.7361,-0.003773,0.024501,-247.838,-0.003773,0.024501,-247.838,157.651,5
34.7596,-0.008815,0.02024,-248.21,-0.008815,0.02024,-248.21,158.967,5
34.784,-0.010714,0.013848,-249.003,-0.010714,0.013848,-249.003,159.96,5
34.8078,-0.014197,0.014914,-245.708,-0.014197,0.014914,-245.708,158.544,5
34.8323,-0.013777,0.019175,-244.832,-0.013777,0.019175,-244.832,157.829,5
34.8559,-0.016994,0.018109,-243.136,-0.016994,0.018109,-243.136,157.413,5
34.8802,-0.015955,0.014914,-241.304,-0.015955,0.014914,-241.304,156.098,5
34.9042,-0.019248,0.012783,-241.593,-0.019248,0.012783,-241.593,156.975,5
34.9282,-0.017911,-0.013848,-238.913,-0.017911,-0.013848,-238.913,155.473,5
34.9518,-0.014203,-0.017044,-239.562,-0.014203,-0.017044,-239.562,155.202,5
34.976,-0.012304,-0.02024,-234.53,-0.012304,-0.02024,-234.53,151.685,5
35.0001,-0.009957,-0.023436,-236.159,-0.009957,-0.023436,-236.159,152.307,5
35.0241,-0.011123,-0.010653,-237.26,-0.011123,-0.010653,-237.26,153.015,5
35.0486,-0.009706,-0.004261,-235.923,-0.009706,-0.004261,-235.923,151.772,5
35.0719,-0.011723,0.002131,-237.172,-0.011723,0.002131,-237.172,152.855,5
35.0959,-0.012578,0.019175,-233.782,-0.012578,0.019175,-233.782,150.576,5
35.1199,-0.0147,0.011718,-231.835,-0.0147,0.011718,-231.835,149.893,5
35.1439,-0.013889,0.005326,-232.799,-0.013889,0.005326,-232.799,150.455,5
35.1681,-0.014881,-0.001065,-227.962,-0.014881,-0.001065,-227.962,147.694,5
35.1921,-0.013228,-0.023436,-230.22,-0.013228,-0.023436,-230.22,149.189,5
35.2161,-0.012081,-0.017044,-225.692,-0.012081,-0.017044,-225.692,145.974,5
35.2399,-0.010167,0.012783,-228.893,-0.010167,0.012783,-228.893,147.104,5
35.2637,-0.010751,-0.008522,-227.353,-0.010751,-0.008522,-227.353,146.614,5
35.2906,-0.012375,0.014914,-227.191,-0.012375,0.014914,-227.191,146.426,5
35.3131,-0.013535,0.014914,-223.53,-0.013535,0.014914,-223.53,144.333,5
35.3371,-0.012928,0.006392,-224.75,-0.012928,0.006392,-224.75,145.136,5
35.3599,-0.014016,-0.006392,-222.057,-0.014016,-0.006392,-222.057,143.867,5
35.3853,-0.012373,-0.02024,-219.375,-0.012373,-0.02024,-219.375,142.078,5
35.4083,-0.012008,-0.010653,-220.029,-0.012008,-0.010653,-220.029,142.253,5
35.4325,-0.010864,0.002131,-220.46,-0.010864,0.002131,-220.46,142.076,5
35.456,-0.011636,0.015979,-219.754,-0.011636,0.015979,-219.754,141.539,5
35.4802,-0.011008,0.004261,-217.125,-0.011008,0.004261,-217.125,139.95,5
35.504,-0.011123,-0.007457,-216.823,-0.011123,-0.007457,-216.823,139.986,5
35.5281,-0.010028,-0.018109,-215.715,-0.010028,-0.018109,-215.715,139.25,5
35.5541,-0.010639,-0.004261,-214.175,-0.010639,-0.004261,-214.175,138.153,5
35.5768,-0.01049,0.010653,-214.329,-0.01049,0.010653,-214.329,137.96,5
35.6001,-0.011128,0.014914,-213.769,-0.011128,0.014914,-213.769,137.657,5
35.6242,-0.012142,0.005326,-212.2,-0.012142,0.005326,-212.2,137.031,5
35.6482,-0.011307,-0.014914,-207.297,-0.011307,-0.014914,-207.297,134.106,5
35.6725,-0.010671,-0.009587,-208.861,-0.010671,-0.009587,-208.861,134.879,5
35.6962,-0.010162,-0.003196,-210.651,-0.010162,-0.003196,-210.651,135.802,5
35.72,-0.010698,0.008522,-207.645,-0.010698,0.008522,-207.645,133.796,5
35.7441,-0.010123,-0.001065,-207.732,-0.010123,-0.001065,-207.732,133.904,5
35.768,-0.009987,-0.018109,-202.447,-0.009987,-0.018109,-202.447,130.82,5
35.7919,-0.009583,-0.014914,-204.93,-0.009583,-0.014914,-204.93,132.26,5
35.816,-0.010126,0.010653,-206.389,-0.010126,0.010653,-206.389,132.847,5
35.84,-0.010611,0.009587,-204.147,-0.010611,0.009587,-204.147,131.539,5
35.8639,-0.01016,-0.006392,-200.994,-0.01016,-0.006392,-200.994,129.727,5
35.8883,-0.009538,-0.017044,-199.62,-0.009538,-0.017044,-199.62,128.917,5
35.9122,-0.009035,0.003196,-201.276,-0.009035,0.003196,-201.276,129.514,5
